alignment,beat,contributory_cause,device_condition,dooring,dow,first_crash_type,hit_and_run,hour,injuries_fatal,injuries_incapacitating,injuries_no_indication,injuries_non_incapacitating,injuries_reported_not_evident,intersection_related,lane_count,latitude,lighting_condition,longitude,month,most_severe_injury,num_units,posted_speed_limit,road_defect,roadway_surface_cond,street,traffic_control_device,trafficway_type,weather_condition,work_zone,year,i
straight_and_level,1832,failing_to_yield_right-of-way,no_controls,0,6,sideswipe_same_direction,0,15,0,0,4,0,0,0,6,41.896133343,daylight,-87.632847517,4,no_indication_of_injury,2,30,worn_surface,dry,N LA SALLE DR,no_controls,not_divided,clear,0,2016,16502
straight_and_level,121,improper_backing,no_controls,0,5,rear_end,1,14,0,0,1,0,1,0,2,41.879383149,daylight,-87.642650846,4,"reported,_not_evident",2,30,"rut,_holes",dry,W ADAMS ST,no_controls,one-way,clear,0,2016,20987
straight_and_level,411,following_too_closely,functioning_properly,0,5,rear_end,0,19,0,0,2,0,0,1,2,41.751268016,daylight,-87.596181955,4,no_indication_of_injury,2,30,no_defects,dry,E 79TH ST,stop_sign/flasher,not_divided,clear,0,2016,21572
straight_and_level,1633,following_too_closely,no_controls,0,1,rear_end,0,14,0,0,2,0,0,0,4,41.948718127,daylight,-87.766998873,4,no_indication_of_injury,2,30,no_defects,snow_or_slush,N CENTRAL AVE,no_controls,not_divided,snow,0,2016,3997
straight_and_level,411,failing_to_yield_right-of-way,no_controls,0,6,sideswipe_same_direction,1,14,0,0,2,0,0,0,1,41.745924794,daylight,-87.58491226,4,no_indication_of_injury,2,30,no_defects,dry,E 82ND ST,no_controls,not_divided,clear,0,2016,1498
straight_and_level,1831,following_too_closely,functioning_properly,0,5,rear_end,1,17,0,0,2,0,0,1,3,41.891150496,daylight,-87.631260284,4,no_indication_of_injury,2,30,no_defects,wet,N CLARK ST,traffic_signal,one-way,rain,0,2016,8277
straight_and_level,813,driving_skills/knowledge/experience,functioning_properly,0,6,rear_end,0,2,0,0,2,0,0,0,4,41.785643324,daylight,-87.741485778,4,no_indication_of_injury,2,30,no_defects,dry,S CICERO AVE,stop_sign/flasher,not_divided,clear,0,2016,14764
straight_and_level,1614,unable_to_determine,functioning_properly,0,5,rear_end,0,20,0,0,2,0,0,1,4,41.977500343,"darkness,_lighted_road",-87.836754494,4,no_indication_of_injury,2,30,no_defects,dry,N CUMBERLAND AVE,traffic_signal,divided_-_w/median_(not_raised),clear,0,2016,10975
straight_and_level,313,unable_to_determine,no_controls,0,1,parked_motor_vehicle,0,9,0,0,1,0,0,0,1,41.785741744,daylight,-87.607401218,4,no_indication_of_injury,2,10,no_defects,dry,E 60TH ST,no_controls,parking_lot,clear,0,2016,13035
straight_and_level,133,following_too_closely,no_controls,0,1,parked_motor_vehicle,1,9,0,0,1,0,0,0,2,41.843386887,daylight,-87.620566553,4,no_indication_of_injury,2,5,no_defects,dry,S PRAIRIE AVE,no_controls,parking_lot,clear,0,2016,8948
straight_and_level,1233,following_too_closely,functioning_properly,0,1,rear_end,0,14,0,0,2,0,0,0,4,41.864802571,daylight,-87.686221666,4,no_indication_of_injury,2,35,no_defects,dry,W OGDEN AVE,traffic_signal,divided_-_w/median_barrier,cloudy/overcast,0,2016,15295
straight_and_level,2514,failing_to_yield_right-of-way,no_controls,0,0,turning,0,10,0,0,2,0,0,1,1,41.933359163,daylight,-87.766465089,4,no_indication_of_injury,2,30,no_defects,unknown,N CENTRAL AVE,no_controls,one-way,clear,0,2016,22253
straight_and_level,431,unable_to_determine,no_controls,0,2,angle,0,12,0,0,2,0,0,0,8,41.722263198,daylight,-87.582917635,4,no_indication_of_injury,2,30,no_defects,dry,E 95TH ST,no_controls,parking_lot,clear,0,2016,24196
straight_and_level,914,failing_to_yield_right-of-way,functioning_properly,0,2,angle,0,12,0,0,2,0,0,1,4,41.845494944,daylight,-87.631970431,4,no_indication_of_injury,2,25,no_defects,dry,S WENTWORTH AVE,traffic_signal,not_divided,clear,0,2016,1790
straight_and_level,321,improper_overtaking/passing,functioning_properly,0,3,sideswipe_same_direction,0,7,0,0,2,0,0,0,2,41.772860809,daylight,-87.615387455,4,no_indication_of_injury,2,30,"rut,_holes",wet,E MARQUETTE RD,traffic_signal,divided_-_w/median_(not_raised),rain,0,2016,22130
straight_and_level,114,improper_lane_usage,no_controls,0,6,turning,0,10,0,0,3,0,0,0,4,41.867620541,daylight,-87.61900613,4,no_indication_of_injury,2,30,no_defects,dry,E ROOSEVELT DR,no_controls,divided_-_w/median_(not_raised),clear,0,2016,3222
straight_and_level,225,unable_to_determine,unknown,0,5,rear_end,1,22,0,0,2,0,0,0,2,41.794148174,unknown,-87.629148607,4,no_indication_of_injury,2,30,unknown,unknown,S LA SALLE ST,unknown,not_divided,unknown,0,2016,16018
straight_and_level,624,unable_to_determine,functioning_properly,0,5,turning,0,9,0,0,2,0,0,1,4,41.758471976,daylight,-87.605324018,4,no_indication_of_injury,2,30,"rut,_holes",dry,E 75TH ST,stop_sign/flasher,unknown,clear,0,2016,1009
straight_and_level,1622,unable_to_determine,functioning_properly,0,1,angle,0,18,0,0,2,0,0,0,2,41.967624849,daylight,-87.777430736,4,no_indication_of_injury,2,30,no_defects,dry,N AUSTIN AVE,traffic_signal,not_divided,clear,0,2016,23460
straight_and_level,2412,unable_to_determine,no_controls,0,6,rear_end,0,11,0,0,2,0,0,0,2,41.998034552,daylight,-87.678639719,4,no_indication_of_injury,2,30,no_defects,wet,W DEVON AVE,no_controls,not_divided,snow,0,2016,19838
straight_and_level,2532,improper_overtaking/passing,no_controls,0,3,sideswipe_same_direction,1,8,0,0,2,0,0,0,2,41.902255383,daylight,-87.76556479,4,no_indication_of_injury,2,30,no_defects,wet,W DIVISION ST,no_controls,not_divided,rain,0,2016,12145
straight_and_level,2211,failing_to_yield_right-of-way,functioning_properly,0,4,rear_end,0,5,0,0,2,0,0,0,4,41.706331726,"darkness,_lighted_road",-87.685478686,4,no_indication_of_injury,2,30,no_defects,wet,S MAPLEWOOD AVE,traffic_signal,not_divided,rain,0,2016,4560
straight_and_level,334,improper_backing,no_controls,0,2,parked_motor_vehicle,0,8,0,0,1,0,0,0,0,41.763057416,daylight,-87.559439005,4,no_indication_of_injury,2,20,unknown,unknown,S SOUTH SHORE DR,no_controls,parking_lot,cloudy/overcast,0,2016,22518
straight_and_level,1224,failing_to_yield_right-of-way,no_controls,0,1,turning,0,8,0,0,2,0,0,0,3,41.882796076,daylight,-87.661818751,4,no_indication_of_injury,2,30,no_defects,dry,W WASHINGTON BLVD,no_controls,one-way,clear,0,2016,20129
straight_and_level,1231,disregarding_traffic_signals,functioning_properly,0,2,turning,1,8,0,0,2,0,0,0,4,41.869224387,daylight,-87.675987746,4,no_indication_of_injury,2,30,no_defects,dry,W TAYLOR ST,traffic_signal,not_divided,clear,0,2016,21646
straight_and_level,1811,unable_to_determine,no_controls,0,6,angle,0,13,0,0,2,0,0,0,2,41.921770491,daylight,-87.658398202,4,no_indication_of_injury,2,30,no_defects,wet,W WEBSTER AVE,no_controls,not_divided,rain,0,2016,22587
straight_and_level,832,failing_to_yield_right-of-way,functioning_properly,0,6,angle,0,16,0,0,2,0,0,1,0,41.764645694,daylight,-87.679616428,4,no_indication_of_injury,2,30,no_defects,dry,S BELL AVE,stop_sign/flasher,other,clear,0,2016,14311
straight_and_level,1034,improper_overtaking/passing,functioning_properly,0,6,sideswipe_same_direction,0,12,0,0,2,0,0,0,4,41.847979313,daylight,-87.675878435,4,no_indication_of_injury,2,30,no_defects,dry,S DAMEN AVE,traffic_signal,not_divided,clear,1,2016,1979
straight_and_level,925,unable_to_determine,functioning_properly,0,4,sideswipe_same_direction,0,7,0,0,2,0,0,0,3,41.82365433,daylight,-87.631487674,4,no_indication_of_injury,2,30,no_defects,wet,S WENTWORTH AVE,traffic_signal,one-way,rain,0,2016,1275
straight_and_level,1424,unable_to_determine,no_controls,0,5,parked_motor_vehicle,1,18,0,0,1,0,0,0,2,41.908715054,"darkness,_lighted_road",-87.675093811,4,no_indication_of_injury,2,30,no_defects,dry,N MILWAUKEE AVE,no_controls,not_divided,clear,0,2016,1970
straight_and_level,623,"vision_obscured_(signs,_tree_limbs,_buildings,_etc.)",functioning_properly,0,2,pedestrian,0,16,0,0,2,0,0,1,2,41.751145384,daylight,-87.619691765,4,no_indication_of_injury,2,30,no_defects,dry,E 79TH ST,traffic_signal,not_divided,cloudy/overcast,0,2016,4830
straight_and_level,211,not_applicable,functioning_properly,0,6,turning,1,13,0,0,2,0,0,1,2,41.838326941,daylight,-87.617612661,4,no_indication_of_injury,2,30,unknown,wet,S DR MARTIN LUTHER KING JR DR,traffic_signal,not_divided,rain,0,2016,14745
straight_and_level,1023,failing_to_reduce_speed_to_avoid_crash,functioning_properly,0,6,angle,1,9,0,0,2,0,0,0,4,41.86483171,daylight,-87.686160673,4,no_indication_of_injury,2,35,no_defects,dry,W OGDEN AVE,traffic_signal,not_divided,clear,0,2016,23683
straight_and_level,311,following_too_closely,no_controls,0,3,rear_end,0,17,0,0,2,0,0,0,2,41.783885622,daylight,-87.621861922,4,no_indication_of_injury,2,25,other,dry,E 61ST ST,no_controls,one-way,clear,0,2016,14238
straight_and_level,2535,unable_to_determine,functioning_properly,0,5,rear_end,0,23,0,0,2,0,0,0,2,41.909701111,"darkness,_lighted_road",-87.726235243,4,no_indication_of_injury,2,30,no_defects,wet,N PULASKI RD,traffic_signal,other,snow,0,2016,8858
straight_and_level,1225,unable_to_determine,no_controls,0,6,parked_motor_vehicle,1,8,0,0,1,0,0,0,2,41.87757866,daylight,-87.67823425,4,no_indication_of_injury,2,30,no_defects,dry,W JACKSON BLVD,no_controls,not_divided,clear,0,2016,7292
straight_and_level,1221,exceeding_safe_speed_for_conditions,functioning_properly,0,6,rear_end,0,7,0,0,3,0,0,1,4,41.895513318,daylight,-87.700510189,4,no_indication_of_injury,2,30,no_defects,ice,W CHICAGO AVE,traffic_signal,divided_-_w/median_(not_raised),clear,0,2016,3448
straight_and_level,323,disregarding_stop_sign,no_controls,0,3,fixed_object,1,15,0,0,2,0,0,1,1,41.761874507,daylight,-87.62014807,4,no_indication_of_injury,2,25,no_defects,wet,S INDIANA AVE,stop_sign/flasher,one-way,rain,0,2016,13028
straight_and_level,323,equipment_-_vehicle_condition,no_controls,0,3,parked_motor_vehicle,0,13,0,0,1,0,0,0,2,41.761343923,daylight,-87.605614564,4,no_indication_of_injury,2,30,no_defects,dry,S COTTAGE GROVE AVE,no_controls,not_divided,clear,0,2016,15069
straight_and_level,1532,following_too_closely,functioning_properly,0,6,rear_end,0,10,0,0,2,0,0,0,4,41.882995755,daylight,-87.745517787,4,no_indication_of_injury,2,30,no_defects,dry,N CICERO AVE,traffic_signal,divided_-_w/median_(not_raised),clear,0,2016,12836
straight_and_level,121,disregarding_other_traffic_signs,functioning_properly,0,2,angle,0,10,0,0,2,0,0,1,3,41.878108061,daylight,-87.642608829,4,no_indication_of_injury,2,30,no_defects,dry,W JACKSON BLVD,traffic_signal,other,clear,0,2016,10324
straight_and_level,321,not_applicable,no_controls,0,1,parked_motor_vehicle,1,15,0,0,1,0,0,0,2,41.768400964,dusk,-87.595363196,4,no_indication_of_injury,2,30,no_defects,dry,S WOODLAWN AVE,no_controls,not_divided,clear,0,2016,24096
straight_and_level,2413,unable_to_determine,functioning_properly,0,6,rear_end,0,9,0,0,2,0,0,0,2,41.997274209,daylight,-87.709682942,4,no_indication_of_injury,2,30,no_defects,dry,W DEVON AVE,traffic_signal,not_divided,clear,0,2016,6700
straight_and_level,611,unable_to_determine,functioning_properly,0,3,sideswipe_same_direction,0,16,0,0,2,0,0,0,4,41.757557889,daylight,-87.673486198,4,no_indication_of_injury,2,30,no_defects,wet,S DAMEN AVE,traffic_signal,divided_-_w/median_(not_raised),rain,0,2016,19057
straight_and_level,1232,following_too_closely,no_controls,0,5,rear_end,0,12,0,0,2,0,0,0,3,41.877848078,daylight,-87.646306781,4,no_indication_of_injury,2,30,no_defects,dry,W JACKSON BLVD,no_controls,one-way,clear,0,2016,16045
straight_and_level,235,improper_overtaking/passing,functioning_properly,0,4,sideswipe_same_direction,0,16,0,0,2,0,0,1,2,41.786280833,daylight,-87.586704166,4,no_indication_of_injury,2,30,no_defects,dry,E MIDWAY PLAISANCE,traffic_signal,one-way,clear,0,2016,2362
straight_and_level,1522,following_too_closely,functioning_properly,0,1,rear_end,0,15,0,0,2,0,0,0,4,41.871897072,daylight,-87.764426837,4,no_indication_of_injury,2,30,unknown,dry,S CENTRAL AVE,traffic_signal,divided_-_w/median_barrier,clear,0,2016,20899
straight_and_level,1234,not_applicable,no_controls,0,5,parked_motor_vehicle,1,4,0,0,1,0,0,0,2,41.852322677,"darkness,_lighted_road",-87.673270857,4,no_indication_of_injury,2,25,no_defects,wet,W CERMAK RD,no_controls,not_divided,rain,0,2016,21705
straight_and_level,332,unable_to_determine,no_controls,0,4,angle,0,13,0,0,2,0,0,0,2,41.773368409,daylight,-87.576638552,4,no_indication_of_injury,2,30,no_defects,wet,S JEFFERY BLVD,no_controls,not_divided,rain,0,2016,4900
straight_and_level,122,driving_on_wrong_side/wrong_way,no_controls,0,3,parked_motor_vehicle,1,12,0,0,1,0,0,0,4,41.879430756,daylight,-87.632439369,4,no_indication_of_injury,2,0,no_defects,dry,S LA SALLE ST,no_controls,not_divided,clear,0,2016,174773
straight_and_level,312,unable_to_determine,functioning_properly,0,6,sideswipe_same_direction,0,22,0,0,2,0,0,0,4,41.774918257,"darkness,_lighted_road",-87.62503366,4,no_indication_of_injury,2,9,no_defects,wet,S STATE ST,traffic_signal,divided_-_w/median_barrier,rain,0,2016,1020
straight_and_level,411,distraction_-_from_outside_vehicle,no_controls,0,5,rear_end,0,22,0,0,2,0,0,0,2,41.751390866,darkness,-87.585218893,4,no_indication_of_injury,2,30,no_defects,dry,E 79TH ST,no_controls,not_divided,clear,0,2016,15742
straight_and_level,321,not_applicable,no_controls,0,2,parked_motor_vehicle,0,1,0,0,2,0,0,0,2,41.769430491,"darkness,_lighted_road",-87.591225192,5,no_indication_of_injury,2,25,no_defects,dry,S DORCHESTER AVE,no_controls,not_divided,clear,0,2016,23329
straight_and_level,123,unable_to_determine,no_controls,0,6,sideswipe_same_direction,0,12,0,0,3,0,0,0,2,41.875078786,daylight,-87.627768026,5,no_indication_of_injury,2,30,no_defects,dry,S STATE ST,no_controls,not_divided,clear,0,2016,10049
straight_and_level,1213,failing_to_reduce_speed_to_avoid_crash,no_controls,0,4,rear_end,0,8,0,0,2,0,0,0,2,41.902193108,daylight,-87.664893904,5,no_indication_of_injury,2,30,no_defects,dry,N MILWAUKEE AVE,no_controls,divided_-_w/median_(not_raised),clear,0,2016,20441
straight_and_level,1632,unable_to_determine,unknown,0,2,parked_motor_vehicle,1,14,0,0,1,0,0,0,0,41.959414713,unknown,-87.795397497,5,no_indication_of_injury,2,30,unknown,unknown,W FOREST PRESERVE AVE,unknown,parking_lot,unknown,0,2016,13387
straight_and_level,1231,exceeding_authorized_speed_limit,functioning_properly,0,3,sideswipe_same_direction,1,14,0,0,3,0,0,0,3,41.874247147,daylight,-87.666747035,5,no_indication_of_injury,2,30,no_defects,dry,S ASHLAND AVE,traffic_signal,not_divided,clear,0,2016,22570
straight_and_level,1834,driving_skills/knowledge/experience,no_controls,0,5,sideswipe_same_direction,0,12,0,0,2,0,0,0,4,41.89097123,daylight,-87.624276946,5,no_indication_of_injury,2,30,no_defects,dry,N MICHIGAN AVE,no_controls,not_divided,clear,0,2016,3713
straight_and_level,2412,improper_backing,no_controls,0,4,parked_motor_vehicle,1,20,0,0,4,0,0,0,1,41.997999508,"darkness,_lighted_road",-87.686087931,5,no_indication_of_injury,2,25,no_defects,dry,N BELL AVE,no_controls,one-way,clear,0,2016,11272
straight_and_level,322,improper_lane_usage,no_controls,0,6,turning,0,9,0,0,2,0,0,0,4,41.772905786,daylight,-87.623790379,5,no_indication_of_injury,2,30,no_defects,dry,E MARQUETTE RD,no_controls,divided_-_w/median_barrier,clear,0,2016,9789
straight_and_level,524,unable_to_determine,no_controls,0,0,sideswipe_same_direction,0,20,0,0,2,0,0,0,4,41.684164259,"darkness,_lighted_road",-87.642271199,5,no_indication_of_injury,2,30,no_defects,wet,S HALSTED ST,no_controls,divided_-_w/median_(not_raised),rain,0,2016,350
straight_and_level,833,failing_to_yield_right-of-way,functioning_properly,0,4,turning,0,11,0,0,2,0,0,0,4,41.771266998,daylight,-87.722719726,5,no_indication_of_injury,2,30,unknown,dry,S PULASKI RD,traffic_signal,divided_-_w/median_(not_raised),clear,0,2016,2852
straight_and_level,322,weather,no_controls,0,2,rear_end,0,10,0,0,3,0,0,0,2,41.772741209,daylight,-87.621868794,5,no_indication_of_injury,3,30,no_defects,wet,E MARQUETTE RD,no_controls,not_divided,rain,0,2016,19257
straight_and_level,2433,following_too_closely,no_controls,0,2,turning,0,18,0,0,2,0,0,0,2,41.997884322,daylight,-87.674936391,5,no_indication_of_injury,2,30,no_defects,wet,W DEVON AVE,no_controls,divided_-_w/median_(not_raised),rain,0,2016,131
straight_and_level,2512,improper_turning/no_signal,no_controls,0,1,parked_motor_vehicle,1,22,0,0,1,0,0,0,0,41.916910609,darkness,-87.794887615,5,no_indication_of_injury,2,30,no_defects,dry,N OAK PARK AVE,no_controls,parking_lot,clear,0,2016,23873
straight_and_level,1934,unable_to_determine,no_controls,0,2,rear_end,1,13,0,0,3,0,0,0,4,41.933225154,daylight,-87.63364981,5,no_indication_of_injury,2,30,no_defects,dry,W DIVERSEY PKWY,no_controls,divided_-_w/median_barrier,clear,0,2016,11334
straight_and_level,123,improper_overtaking/passing,functioning_properly,0,4,sideswipe_same_direction,0,16,0,0,2,0,0,1,4,41.867544428,daylight,-87.625568619,5,no_indication_of_injury,2,30,no_defects,dry,E ROOSEVELT RD,stop_sign/flasher,divided_-_w/median_(not_raised),clear,0,2016,7058
straight_and_level,935,unable_to_determine,functioning_properly,0,3,angle,0,7,0,0,5,0,0,1,2,41.801918881,daylight,-87.633244146,5,no_indication_of_injury,2,30,no_defects,wet,W 51ST ST,traffic_signal,divided_-_w/median_(not_raised),fog/smoke/haze,0,2016,12663
straight_and_level,332,following_too_closely,functioning_properly,0,5,rear_end,0,18,0,0,2,0,0,0,1,41.766277057,daylight,-87.583620389,5,no_indication_of_injury,2,15,no_defects,dry,E 71ST ST,yield,divided_-_w/median_(not_raised),clear,0,2016,23333
straight_and_level,112,unable_to_determine,functioning_properly,0,5,rear_end,0,22,0,0,2,0,0,1,4,41.881688595,"darkness,_lighted_road",-87.627614016,5,no_indication_of_injury,2,35,no_defects,wet,S STATE ST,traffic_signal,divided_-_w/median_barrier,rain,0,2016,12156
straight_and_level,311,unable_to_determine,no_controls,0,5,rear_end,1,19,0,0,1,1,0,0,2,41.785493763,daylight,-87.622081831,5,nonincapacitating_injury,3,35,no_defects,dry,S MICHIGAN AVE,no_controls,one-way,clear,0,2016,7054
straight_and_level,1833,unable_to_determine,no_controls,0,1,fixed_object,1,11,0,0,1,0,0,0,1,41.899530672,daylight,-87.626807871,5,no_indication_of_injury,1,0,no_defects,dry,N RUSH ST,no_controls,parking_lot,unknown,0,2016,21429
straight_and_level,233,unable_to_determine,functioning_properly,0,1,sideswipe_same_direction,0,17,0,0,2,0,0,1,4,41.802226129,daylight,-87.606259622,5,no_indication_of_injury,2,30,no_defects,dry,S COTTAGE GROVE AVE,traffic_signal,not_divided,clear,0,2016,20821
straight_and_level,311,improper_backing,no_controls,0,3,angle,0,18,0,0,2,0,0,0,0,41.78032161,daylight,-87.61713538,5,no_indication_of_injury,2,5,no_defects,dry,E 63RD ST,stop_sign/flasher,parking_lot,clear,0,2016,13821
straight_and_level,334,road_construction/maintenance,unknown,0,6,other_object,0,23,0,0,2,0,0,0,4,41.766195202,"darkness,_lighted_road",-87.562908182,5,no_indication_of_injury,2,30,"rut,_holes",dry,S SOUTH SHORE DR,traffic_signal,not_divided,clear,0,2016,15125
straight_and_level,2212,driving_skills/knowledge/experience,no_controls,0,4,parked_motor_vehicle,0,9,0,0,3,0,0,0,1,41.678743406,daylight,-87.672913707,5,no_indication_of_injury,2,25,no_defects,dry,S HALE AVE,no_controls,one-way,clear,0,2016,16345
straight_and_level,1023,improper_overtaking/passing,functioning_properly,0,1,sideswipe_same_direction,1,6,0,0,2,0,0,1,4,41.866550063,daylight,-87.68618329,5,no_indication_of_injury,2,30,no_defects,dry,S WESTERN AVE,yield,divided_-_w/median_(not_raised),clear,0,2016,9915
straight_and_level,2433,unable_to_determine,no_controls,0,0,parked_motor_vehicle,1,17,0,0,1,0,0,0,1,41.99282135,unknown,-87.65704451,5,no_indication_of_injury,2,30,no_defects,dry,N KENMORE AVE,no_controls,one-way,clear,0,2016,3918
straight_and_level,815,driving_skills/knowledge/experience,no_controls,0,1,rear_end,0,9,0,0,3,0,0,0,11,41.814841893,daylight,-87.743208099,5,no_indication_of_injury,3,30,no_defects,dry,S CICERO AVE,no_controls,not_divided,clear,0,2016,14107
straight_and_level,1121,disregarding_stop_sign,functioning_properly,0,2,angle,0,13,0,0,2,0,0,1,2,41.890125574,daylight,-87.711396221,5,no_indication_of_injury,2,30,unknown,unknown,W FRANKLIN BLVD,stop_sign/flasher,not_divided,clear,0,2016,21324
straight_and_level,211,unable_to_determine,no_controls,0,0,sideswipe_same_direction,0,1,0,0,4,0,0,0,4,41.836598274,"darkness,_lighted_road",-87.626891337,5,no_indication_of_injury,2,30,no_defects,dry,S STATE ST,no_controls,divided_-_w/median_barrier,clear,0,2016,20031
straight_and_level,313,"vision_obscured_(signs,_tree_limbs,_buildings,_etc.)",functioning_properly,0,1,other_object,0,10,0,0,1,0,0,0,2,41.780499387,daylight,-87.606078649,5,no_indication_of_injury,1,30,"rut,_holes",dry,S COTTAGE GROVE AVE,traffic_signal,not_divided,clear,0,2016,11846
straight_and_level,811,improper_lane_usage,no_controls,0,4,sideswipe_same_direction,0,13,0,0,2,0,0,0,2,41.792335462,daylight,-87.787975789,5,no_indication_of_injury,2,30,no_defects,dry,W ARCHER AVE,no_controls,not_divided,clear,0,2016,1260
straight_and_level,131,improper_lane_usage,no_controls,0,6,turning,0,12,0,0,2,0,0,0,2,41.856556102,daylight,-87.62405019,5,no_indication_of_injury,2,30,no_defects,dry,S MICHIGAN AVE,no_controls,not_divided,clear,0,2016,24515
straight_and_level,1511,unable_to_determine,functioning_properly,0,2,rear_end,0,18,0,0,2,0,0,0,4,41.894896579,daylight,-87.765543258,5,no_indication_of_injury,2,30,unknown,wet,N CENTRAL AVE,traffic_signal,not_divided,clear,0,2016,19745
straight_and_level,533,improper_turning/no_signal,functioning_improperly,0,6,turning,1,18,0,0,3,0,0,0,2,41.659009216,dusk,-87.617447906,5,no_indication_of_injury,2,35,no_defects,dry,S INDIANA AVE,traffic_signal,not_divided,clear,0,2016,4568
straight_and_level,1421,failing_to_yield_right-of-way,no_controls,0,6,turning,0,17,0,0,1,0,1,0,4,41.917379317,daylight,-87.69725064,5,"reported,_not_evident",2,30,no_defects,dry,W ARMITAGE AVE,no_controls,divided_-_w/median_(not_raised),clear,0,2016,7947
straight_and_level,1433,disregarding_traffic_signals,functioning_properly,0,4,angle,0,16,0,0,3,0,0,1,2,41.916235337,daylight,-87.667837772,5,no_indication_of_injury,2,30,no_defects,dry,W CORTLAND ST,traffic_signal,divided_-_w/median_(not_raised),clear,0,2016,13600
straight_and_level,1824,unable_to_determine,no_controls,0,6,sideswipe_same_direction,0,18,0,0,2,0,0,0,2,41.900679885,daylight,-87.630052487,5,no_indication_of_injury,2,30,no_defects,dry,W OAK ST,no_controls,not_divided,clear,0,2016,21477
straight_and_level,1531,failing_to_reduce_speed_to_avoid_crash,no_controls,0,2,parked_motor_vehicle,1,7,0,0,1,0,0,0,0,41.895030598,daylight,-87.755456122,5,no_indication_of_injury,2,5,no_defects,dry,N LARAMIE AVE,no_controls,parking_lot,clear,0,2016,5952
straight_and_level,1011,improper_backing,no_controls,0,0,parked_motor_vehicle,0,22,0,0,1,0,0,0,2,41.861242096,"darkness,_lighted_road",-87.728839872,5,no_indication_of_injury,2,15,no_defects,dry,S KEDVALE AVE,no_controls,not_divided,clear,0,2016,18314
"curve,_level",122,improper_lane_usage,functioning_properly,0,3,turning,1,21,0,0,3,0,0,0,6,41.887039984,"darkness,_lighted_road",-87.632189214,5,no_indication_of_injury,2,30,no_defects,wet,W WACKER DR,traffic_signal,divided_-_w/median_barrier,rain,0,2016,16095
straight_and_level,1222,unable_to_determine,functioning_properly,0,4,sideswipe_same_direction,1,16,0,0,2,0,0,0,2,41.880970517,daylight,-87.696021878,5,no_indication_of_injury,2,30,no_defects,dry,W MADISON ST,traffic_signal,not_divided,clear,0,2016,11779
straight_and_level,813,following_too_closely,no_controls,0,6,rear_end,0,19,0,0,2,0,0,0,2,41.778590253,daylight,-87.726572004,5,no_indication_of_injury,2,30,unknown,dry,S KEDVALE AVE,no_controls,not_divided,clear,0,2016,1109
straight_and_level,122,improper_turning/no_signal,functioning_properly,0,2,turning,1,9,0,0,2,0,0,1,3,41.875719415,daylight,-87.630762808,5,no_indication_of_injury,2,30,no_defects,wet,W CONGRESS PKWY,traffic_signal,one-way,rain,0,2016,23211
straight_and_level,2431,unable_to_determine,no_controls,0,1,rear_end,0,19,0,0,2,0,0,0,2,42.005565212,"darkness,_lighted_road",-87.665930269,5,no_indication_of_injury,2,30,no_defects,wet,W PRATT BLVD,no_controls,not_divided,rain,0,2016,23621
straight_and_level,832,not_applicable,no_controls,0,0,parked_motor_vehicle,1,7,0,0,1,0,0,0,1,41.775447261,unknown,-87.682330547,5,no_indication_of_injury,2,25,no_defects,unknown,S CLAREMONT AVE,no_controls,one-way,unknown,0,2016,16917
straight_and_level,2213,following_too_closely,no_controls,0,5,parked_motor_vehicle,1,14,0,0,1,0,0,0,2,41.720709705,daylight,-87.666623785,5,no_indication_of_injury,2,30,no_defects,unknown,S VANDERPOEL AVE,no_controls,not_divided,unknown,0,2016,19078
straight_and_level,2522,improper_overtaking/passing,functioning_properly,0,2,sideswipe_same_direction,1,5,0,0,2,0,0,0,2,41.917141469,dawn,-87.737495254,5,no_indication_of_injury,2,30,no_defects,dry,W ARMITAGE AVE,other_warning_sign,not_divided,clear,1,2016,13622
straight_and_level,114,improper_turning/no_signal,functioning_properly,0,0,turning,0,12,0,0,2,0,0,1,4,41.887038695,daylight,-87.620784209,5,no_indication_of_injury,2,30,no_defects,dry,E SOUTH WATER ST,stop_sign/flasher,divided_-_w/median_(not_raised),clear,0,2016,20451
straight_and_level,912,unable_to_determine,functioning_properly,0,5,pedalcyclist,0,7,0,0,2,0,0,1,0,41.83405295,daylight,-87.683976796,5,no_indication_of_injury,2,30,no_defects,dry,W 33RD ST,stop_sign/flasher,divided_-_w/median_(not_raised),clear,0,2016,129858
straight_and_level,922,failing_to_reduce_speed_to_avoid_crash,no_controls,0,0,rear_end,0,15,0,0,3,0,0,0,2,41.808252386,daylight,-87.702709885,5,no_indication_of_injury,2,30,no_defects,dry,W 47TH ST,no_controls,divided_-_w/median_(not_raised),clear,0,2016,18431
straight_and_level,114,not_applicable,no_controls,0,5,sideswipe_same_direction,0,19,0,0,2,0,0,0,4,41.887481347,daylight,-87.6158676,5,no_indication_of_injury,2,35,no_defects,dry,E LOWER WACKER DR,no_controls,divided_-_w/median_barrier,clear,1,2016,6914