alignment,beat,contributory_cause,device_condition,dooring,dow,first_crash_type,hit_and_run,hour,injuries_fatal,injuries_incapacitating,injuries_no_indication,injuries_non_incapacitating,injuries_reported_not_evident,intersection_related,lane_count,latitude,lighting_condition,longitude,month,most_severe_injury,num_units,posted_speed_limit,road_defect,roadway_surface_cond,street,traffic_control_device,trafficway_type,weather_condition,work_zone,year,i
straight_and_level,1513,improper_lane_usage,functioning_properly,0,2,sideswipe_same_direction,0,18,0,0,3,0,0,1,4,41.872872862,daylight,-87.764736532,5,no_indication_of_injury,2,30,no_defects,wet,S CENTRAL AVE,stop_sign/flasher,divided_-_w/median_(not_raised),rain,0,2016,12615
straight_and_level,815,unable_to_determine,functioning_properly,0,2,turning,0,8,0,0,2,0,0,0,2,41.81433358,daylight,-87.731422664,5,no_indication_of_injury,2,30,no_defects,wet,W 44TH ST,stop_sign/flasher,not_divided,rain,0,2016,4124
straight_and_level,1232,following_too_closely,no_controls,0,4,rear_end,0,9,0,0,2,0,0,0,2,41.865421392,daylight,-87.64671911,5,no_indication_of_injury,2,30,no_defects,dry,S HALSTED ST,no_controls,divided_-_w/median_(not_raised),clear,0,2016,8739
straight_and_level,124,unable_to_determine,no_controls,0,5,parked_motor_vehicle,1,15,0,0,1,0,0,0,1,41.868889711,unknown,-87.639098928,5,no_indication_of_injury,2,5,no_defects,dry,S CANAL ST,no_controls,other,cloudy/overcast,0,2016,20013
straight_and_level,1722,unable_to_determine,unknown,0,1,sideswipe_same_direction,0,22,0,0,2,0,0,0,1,41.957354659,unknown,-87.732660176,5,no_indication_of_injury,2,30,unknown,unknown,W BERTEAU AVE,unknown,one-way,unknown,0,2016,1343
straight_and_level,1221,unable_to_determine,no_controls,0,2,rear_end,0,7,0,0,2,0,0,0,2,41.895796512,daylight,-87.6773228,5,no_indication_of_injury,2,0,no_defects,wet,W CHICAGO AVE,no_controls,divided_-_w/median_(not_raised),rain,0,2016,775
straight_and_level,1212,unable_to_determine,no_controls,0,4,parked_motor_vehicle,0,18,0,0,1,0,0,0,1,41.896526178,unknown,-87.688362416,5,no_indication_of_injury,2,30,unknown,unknown,W RICE ST,no_controls,one-way,unknown,0,2016,14816
straight_and_level,1512,unable_to_determine,functioning_properly,0,6,rear_end,1,8,0,0,3,0,0,0,2,41.887804621,daylight,-87.765268498,5,no_indication_of_injury,2,30,no_defects,dry,N CENTRAL AVE,traffic_signal,divided_-_w/median_(not_raised),clear,0,2016,9220
straight_and_level,823,driving_skills/knowledge/experience,no_controls,0,1,parked_motor_vehicle,1,19,0,0,1,0,0,0,2,41.779759821,daylight,-87.701793697,5,no_indication_of_injury,2,30,no_defects,dry,S TROY ST,no_controls,not_divided,clear,0,2016,3614
straight_and_level,2413,unable_to_determine,no_controls,0,3,parked_motor_vehicle,1,2,0,0,1,0,0,0,2,41.997669457,darkness,-87.687069511,5,no_indication_of_injury,2,25,no_defects,dry,W DEVON AVE,no_controls,not_divided,clear,0,2016,6355
straight_and_level,1934,unable_to_determine,unknown,0,4,sideswipe_same_direction,0,19,0,0,3,0,0,0,8,41.937731846,"darkness,_lighted_road",-87.635146817,5,no_indication_of_injury,2,40,unknown,unknown,N LAKE SHORE DR NB,lane_use_marking,divided_-_w/median_barrier,clear,0,2016,24499
straight_and_level,1522,unable_to_determine,no_controls,0,5,parked_motor_vehicle,1,18,0,0,1,0,0,0,1,41.877996873,unknown,-87.76188802,5,no_indication_of_injury,2,20,unknown,unknown,S LOTUS AVE,no_controls,one-way,unknown,0,2016,963
straight_and_level,1011,failing_to_yield_right-of-way,functioning_properly,0,3,angle,0,21,0,0,1,0,1,1,2,41.866125252,dusk,-87.720485197,5,"reported,_not_evident",2,30,no_defects,dry,W ROOSEVELT RD,traffic_signal,not_divided,clear,0,2016,21278
straight_and_level,923,driving_skills/knowledge/experience,no_controls,0,1,parked_motor_vehicle,1,13,0,0,1,0,0,0,1,41.80191731,daylight,-87.688072266,5,no_indication_of_injury,2,20,no_defects,dry,S MAPLEWOOD AVE,no_controls,one-way,clear,0,2016,1689
straight_and_level,2233,unable_to_determine,no_controls,0,3,turning,0,15,0,0,2,0,0,0,4,41.703185819,daylight,-87.642864592,5,no_indication_of_injury,2,35,no_defects,dry,S HALSTED ST,stop_sign/flasher,not_divided,clear,0,2016,15780
straight_and_level,1433,unable_to_determine,functioning_properly,0,1,turning,0,13,0,0,2,0,0,1,5,41.909143193,daylight,-87.660495929,6,no_indication_of_injury,2,30,no_defects,dry,N THROOP ST,stop_sign/flasher,divided_-_w/median_(not_raised),clear,0,2016,16155
straight_and_level,1833,improper_turning/no_signal,no_controls,0,5,turning,0,14,0,0,2,0,0,1,6,41.899248597,daylight,-87.624274978,6,no_indication_of_injury,2,30,no_defects,dry,N MICHIGAN AVE,traffic_signal,not_divided,clear,0,2016,8158
straight_and_level,2411,following_too_closely,functioning_properly,0,1,rear_end,0,17,0,0,2,0,0,1,2,42.010263349,daylight,-87.682413424,6,no_indication_of_injury,2,30,no_defects,dry,W GREENLEAF AVE,stop_sign/flasher,divided_-_w/median_(not_raised),clear,0,2016,8262
straight_and_level,2413,failing_to_reduce_speed_to_avoid_crash,no_controls,0,2,rear_end,0,17,0,0,2,0,0,1,0,41.990586042,daylight,-87.689822473,6,no_indication_of_injury,2,30,no_defects,dry,N WESTERN AVE,no_controls,divided_-_w/median_(not_raised),clear,0,2016,1635
straight_and_level,1132,unable_to_determine,no_controls,0,1,parked_motor_vehicle,1,12,0,0,1,0,0,0,1,41.870675724,unknown,-87.730369953,6,no_indication_of_injury,2,30,no_defects,dry,S KEELER AVE,no_controls,one-way,unknown,0,2016,12469
straight_and_level,1022,improper_lane_usage,functioning_properly,0,3,sideswipe_same_direction,0,13,0,0,2,0,0,1,4,41.858901558,daylight,-87.703144481,6,no_indication_of_injury,2,30,no_defects,dry,W OGDEN AVE,traffic_signal,divided_-_w/median_(not_raised),clear,0,2016,1538
straight_and_level,1212,improper_overtaking/passing,no_controls,0,5,parked_motor_vehicle,1,12,0,0,1,0,0,0,1,41.896358658,daylight,-87.681814567,6,no_indication_of_injury,2,30,no_defects,dry,N LEAVITT ST,no_controls,one-way,clear,0,2016,23947
straight_and_level,321,following_too_closely,no_controls,0,5,turning,0,13,0,0,1,0,6,0,4,41.771116818,daylight,-87.611371947,6,"reported,_not_evident",2,20,no_defects,dry,E 68TH ST,no_controls,not_divided,clear,0,2016,3848
straight_and_level,1921,improper_backing,unknown,0,3,rear_end,1,18,0,0,3,0,0,0,4,41.944152108,daylight,-87.688036173,6,no_indication_of_injury,2,30,unknown,dry,N WESTERN AVE,no_controls,not_divided,clear,0,2016,24692
straight_and_level,832,unable_to_determine,no_controls,0,1,turning,0,14,0,3,0,0,0,0,4,41.769214717,daylight,-87.683221254,6,incapacitating_injury,2,35,no_defects,dry,S WESTERN AVE,no_controls,divided_-_w/median_(not_raised),clear,0,2016,15080
straight_and_level,1934,unable_to_determine,unknown,0,5,fixed_object,0,18,0,0,0,1,0,0,0,41.933041987,unknown,-87.638022711,6,nonincapacitating_injury,1,0,unknown,unknown,W DIVERSEY PKWY,no_controls,driveway,unknown,0,2016,19727
straight_and_level,1134,unable_to_determine,other,0,3,rear_end,0,16,0,0,2,0,0,0,2,41.871920392,daylight,-87.705706173,6,no_indication_of_injury,2,30,no_defects,dry,S KEDZIE AVE,other_reg._sign,not_divided,clear,0,2016,15226
straight_and_level,1232,"operating_vehicle_in_erratic,_reckless,_careless,_negligent_or_aggressive_manner",no_controls,0,0,sideswipe_same_direction,1,0,0,0,2,1,0,0,2,41.865482274,"darkness,_lighted_road",-87.646720809,6,nonincapacitating_injury,3,30,no_defects,dry,S HALSTED ST,no_controls,divided_-_w/median_(not_raised),clear,0,2016,10020
straight_and_level,1233,following_too_closely,functioning_properly,0,4,angle,1,17,0,0,2,0,0,0,2,41.865188431,daylight,-87.656774966,6,no_indication_of_injury,2,30,no_defects,wet,S RACINE AVE,stop_sign/flasher,divided_-_w/median_(not_raised),clear,0,2016,4380
straight_and_level,1121,"vision_obscured_(signs,_tree_limbs,_buildings,_etc.)",functioning_properly,0,4,pedestrian,0,17,0,0,1,1,0,1,4,41.895443077,daylight,-87.706615499,6,nonincapacitating_injury,2,30,no_defects,dry,W CHICAGO AVE,traffic_signal,divided_-_w/median_(not_raised),clear,0,2016,3725
straight_and_level,1833,unable_to_determine,functioning_properly,0,5,sideswipe_same_direction,1,18,0,0,2,0,0,0,6,41.900689272,daylight,-87.624784012,6,no_indication_of_injury,2,30,no_defects,dry,E OAK ST,traffic_signal,divided_-_w/median_(not_raised),clear,0,2016,10986
straight_and_level,1621,unable_to_determine,unknown,0,1,sideswipe_same_direction,0,8,0,0,2,0,0,0,4,41.996227791,unknown,-87.764331848,6,no_indication_of_injury,2,30,unknown,unknown,N CENTRAL AVE,unknown,unknown,unknown,0,2016,24147
straight_and_level,1223,unable_to_determine,functioning_properly,0,4,turning,0,16,0,0,3,0,0,0,2,41.88298625,daylight,-87.68386389,6,no_indication_of_injury,2,30,no_defects,dry,N OAKLEY BLVD,traffic_signal,not_divided,clear,0,2016,9155
straight_and_level,1214,not_applicable,no_controls,0,5,parked_motor_vehicle,1,11,0,0,1,0,0,0,2,41.893390936,daylight,-87.65705735,6,no_indication_of_injury,2,35,no_defects,dry,W ERIE ST,no_controls,one-way,clear,0,2016,16306
straight_and_level,1022,failing_to_yield_right-of-way,functioning_properly,0,1,angle,1,16,0,0,2,0,0,0,0,41.866421895,daylight,-87.700933644,6,no_indication_of_injury,2,25,unknown,dry,S SACRAMENTO DR,traffic_signal,not_divided,clear,0,2016,6459
straight_and_level,1824,unable_to_determine,no_controls,0,1,sideswipe_same_direction,0,16,0,0,2,0,0,0,2,41.903274916,daylight,-87.6330465,6,no_indication_of_injury,2,0,no_defects,dry,N LA SALLE DR,no_controls,not_divided,clear,0,2016,20109
straight_and_level,1834,improper_overtaking/passing,functioning_properly,0,4,sideswipe_same_direction,0,9,0,0,2,0,0,0,2,41.893560673,daylight,-87.617600179,6,no_indication_of_injury,2,30,no_defects,dry,E ONTARIO ST,traffic_signal,one-way,clear,0,2016,22519
straight_and_level,1112,unable_to_determine,no_controls,0,5,sideswipe_same_direction,0,8,0,0,5,0,0,1,3,41.895278792,daylight,-87.725930442,6,no_indication_of_injury,2,30,no_defects,dry,N PULASKI RD,no_controls,not_divided,clear,0,2016,6985
straight_and_level,114,unable_to_determine,no_controls,0,4,parked_motor_vehicle,1,8,0,0,1,0,0,0,0,41.886545528,"darkness,_lighted_road",-87.624421079,6,no_indication_of_injury,2,15,no_defects,dry,N LOWER MICHIGAN AVE,no_controls,other,clear,0,2016,3946
straight_and_level,1834,improper_lane_usage,no_controls,0,0,angle,0,18,0,0,2,0,0,0,2,41.891286198,daylight,-87.626851197,6,no_indication_of_injury,2,30,no_defects,dry,N WABASH AVE,no_controls,not_divided,clear,0,2016,13202
straight_and_level,131,failing_to_yield_right-of-way,no_controls,0,2,sideswipe_same_direction,0,8,0,0,2,0,0,0,4,41.864589621,daylight,-87.63047528,6,no_indication_of_injury,2,30,no_defects,dry,S CLARK ST,no_controls,divided_-_w/median_barrier,clear,0,2016,8838
straight_and_level,1834,unable_to_determine,no_controls,0,4,parked_motor_vehicle,0,9,0,0,1,0,0,0,2,41.89404407,daylight,-87.622616038,6,no_indication_of_injury,2,0,no_defects,dry,E ERIE ST,no_controls,one-way,clear,0,2016,17245
straight_and_level,312,not_applicable,no_controls,0,4,fixed_object,0,20,0,0,2,0,0,0,2,41.780134222,dusk,-87.615766305,6,no_indication_of_injury,1,25,no_defects,wet,S DR MARTIN LUTHER KING JR DR,no_controls,not_divided,clear,0,2016,15645
straight_and_level,333,unable_to_determine,no_controls,0,3,parked_motor_vehicle,0,18,0,0,2,0,0,0,1,41.76512752,daylight,-87.576424786,6,no_indication_of_injury,2,0,no_defects,dry,S JEFFERY BLVD,no_controls,parking_lot,clear,0,2016,5393
straight_and_level,732,improper_overtaking/passing,no_controls,0,4,sideswipe_same_direction,0,9,0,0,7,0,0,0,4,41.76182667,daylight,-87.634591222,6,no_indication_of_injury,2,35,"rut,_holes",dry,W 73RD ST,no_controls,divided_-_w/median_(not_raised),clear,0,2016,13938
straight_and_level,234,unable_to_determine,functioning_properly,0,4,pedestrian,1,7,0,0,1,1,0,0,2,41.795353963,daylight,-87.582457011,6,nonincapacitating_injury,2,30,no_defects,wet,E 55TH ST,stop_sign/flasher,not_divided,rain,0,2016,20386
straight_and_level,314,unable_to_determine,no_controls,0,1,parked_motor_vehicle,1,6,0,0,1,0,0,0,1,41.777805205,daylight,-87.602680846,6,no_indication_of_injury,2,20,no_defects,dry,S DREXEL AVE,no_controls,one-way,clear,0,2016,13383
straight_and_level,2012,following_too_closely,no_controls,0,1,rear_end,0,21,0,0,2,0,0,0,2,41.983515141,darkness,-87.669964984,6,no_indication_of_injury,2,30,no_defects,dry,N ASHLAND AVE,no_controls,not_divided,clear,0,2016,22480
straight_and_level,1214,improper_lane_usage,no_controls,0,3,parked_motor_vehicle,0,9,0,0,1,0,0,0,2,41.886210994,daylight,-87.653176073,6,no_indication_of_injury,2,30,no_defects,dry,N CARPENTER ST,no_controls,divided_-_w/median_(not_raised),clear,0,2016,7152
straight_and_level,1832,had_been_drinking_(use_when_arrest_is_not_made),functioning_properly,0,0,other_noncollision,0,0,0,0,0,0,1,1,4,41.893120167,"darkness,_lighted_road",-87.63109223,6,"reported,_not_evident",1,30,no_defects,dry,W ONTARIO ST,traffic_signal,one-way,clear,0,2016,10733
curve_on_grade,132,unable_to_determine,no_controls,0,2,parked_motor_vehicle,0,12,0,0,1,0,0,0,2,41.865975279,daylight,-87.623970638,6,no_indication_of_injury,2,30,no_defects,dry,S MICHIGAN AVE,no_controls,parking_lot,clear,0,2016,13505
straight_and_level,833,driving_skills/knowledge/experience,no_controls,0,1,parked_motor_vehicle,0,14,0,0,1,0,0,0,2,41.768763184,daylight,-87.717751189,6,no_indication_of_injury,2,30,no_defects,dry,S HAMLIN AVE,no_controls,not_divided,clear,0,2016,22457
straight_and_level,1135,following_too_closely,functioning_properly,0,1,rear_end,0,15,0,0,2,0,0,0,2,41.871013761,daylight,-87.696171051,6,no_indication_of_injury,2,30,no_defects,dry,S CALIFORNIA AVE,traffic_signal,not_divided,clear,0,2016,23870
straight_and_level,1834,unable_to_determine,functioning_properly,0,3,turning,0,13,0,0,2,0,0,0,2,41.893492797,daylight,-87.624365854,6,no_indication_of_injury,2,30,no_defects,dry,N MICHIGAN AVE,traffic_signal,not_divided,clear,0,2016,16210
straight_and_level,813,unable_to_determine,no_controls,0,1,rear_end,0,18,0,0,2,0,0,0,4,41.77811423,daylight,-87.74213623,6,no_indication_of_injury,2,30,no_defects,dry,S CICERO AVE,no_controls,center_turn_lane,clear,0,2016,11321
straight_and_level,1423,unable_to_determine,no_controls,0,2,parked_motor_vehicle,0,22,0,0,1,0,0,0,2,41.902971577,"darkness,_lighted_road",-87.703827597,6,no_indication_of_injury,2,30,no_defects,dry,W DIVISION ST,no_controls,not_divided,clear,0,2016,23280
straight_and_level,914,failing_to_yield_right-of-way,no_controls,0,6,turning,0,16,0,0,2,0,0,0,0,41.852010428,daylight,-87.632141867,6,no_indication_of_injury,2,10,no_defects,dry,S WENTWORTH AVE,no_controls,parking_lot,clear,0,2016,22282
straight_and_level,1932,failing_to_reduce_speed_to_avoid_crash,no_controls,0,2,rear_end,0,23,0,0,2,0,0,0,2,41.925325387,"darkness,_lighted_road",-87.663478912,6,no_indication_of_injury,2,30,no_defects,dry,W FULLERTON AVE,no_controls,not_divided,clear,0,2016,142
straight_and_level,1014,following_too_closely,not_functioning,0,4,rear_end,0,7,0,0,2,0,0,1,5,41.853764401,daylight,-87.717732897,6,no_indication_of_injury,2,30,no_defects,dry,W OGDEN AVE,traffic_signal,divided_-_w/median_barrier,clear,0,2016,12917
straight_and_level,112,improper_turning/no_signal,functioning_properly,0,1,turning,0,14,0,0,2,0,0,1,6,41.881999893,daylight,-87.624411635,6,no_indication_of_injury,2,30,no_defects,dry,E MADISON ST,traffic_signal,not_divided,clear,0,2016,6696
straight_and_level,1213,unable_to_determine,functioning_properly,0,6,sideswipe_same_direction,0,1,0,0,2,0,0,0,2,41.896474018,darkness,-87.647894993,6,no_indication_of_injury,2,30,no_defects,dry,N HALSTED ST,traffic_signal,divided_-_w/median_(not_raised),clear,0,2016,17476
straight_and_level,121,failing_to_yield_right-of-way,functioning_properly,0,1,sideswipe_same_direction,0,6,0,0,2,0,0,1,2,41.883233882,daylight,-87.639895999,6,no_indication_of_injury,2,30,no_defects,dry,N CANAL ST,traffic_signal,one-way,clear,0,2016,297
straight_and_level,411,failing_to_yield_right-of-way,functioning_properly,0,2,turning,1,7,0,0,3,0,0,0,3,41.751351534,daylight,-87.588712823,6,no_indication_of_injury,2,30,no_defects,dry,E 79TH ST,stop_sign/flasher,divided_-_w/median_(not_raised),clear,0,2016,22598
straight_and_level,321,unable_to_determine,no_controls,0,6,fixed_object,0,7,0,0,1,0,0,0,2,41.772927489,unknown,-87.611688472,6,no_indication_of_injury,1,35,unknown,unknown,E 67TH ST,no_controls,not_divided,unknown,0,2016,15526
straight_and_level,613,driving_skills/knowledge/experience,functioning_properly,0,2,sideswipe_same_direction,0,17,0,0,3,0,0,0,4,41.74312405,daylight,-87.653684413,6,no_indication_of_injury,2,30,no_defects,dry,S RACINE AVE,traffic_signal,not_divided,clear,0,2016,15055
straight_and_level,1833,improper_overtaking/passing,functioning_properly,0,6,parked_motor_vehicle,1,0,0,0,1,0,0,1,5,41.896623734,"darkness,_lighted_road",-87.624269599,6,no_indication_of_injury,2,30,no_defects,dry,E CHICAGO AVE,traffic_signal,divided_-_w/median_(not_raised),clear,0,2016,2713
straight_and_level,114,unable_to_determine,no_controls,0,5,rear_end,0,4,0,0,2,0,0,0,4,41.882048398,daylight,-87.62421733,6,no_indication_of_injury,2,30,no_defects,dry,S MICHIGAN AVE,no_controls,divided_-_w/median_barrier,clear,0,2016,20482
straight_and_level,2413,failing_to_yield_right-of-way,no_controls,0,1,parked_motor_vehicle,0,13,0,0,1,0,0,0,1,41.994463358,daylight,-87.689923438,6,no_indication_of_injury,2,30,no_defects,dry,N WESTERN AVE,no_controls,not_divided,clear,0,2016,20644
straight_and_level,1115,unable_to_determine,no_controls,0,4,sideswipe_same_direction,0,15,0,0,3,0,0,0,2,41.877077375,daylight,-87.735229076,6,no_indication_of_injury,2,30,no_defects,dry,W JACKSON BLVD,no_controls,not_divided,clear,0,2016,18352
straight_and_level,624,improper_overtaking/passing,no_controls,0,5,sideswipe_same_direction,0,10,0,0,2,0,0,0,2,41.756826338,"darkness,_lighted_road",-87.607736622,6,no_indication_of_injury,2,30,no_defects,dry,E 76TH ST,stop_sign/flasher,not_divided,clear,0,2016,15426
straight_and_level,1434,failing_to_yield_right-of-way,functioning_properly,0,2,rear_end,1,9,0,0,2,0,0,1,2,41.917452862,daylight,-87.688920608,6,no_indication_of_injury,2,30,no_defects,dry,W ARMITAGE AVE,traffic_signal,divided_-_w/median_barrier,clear,0,2016,13924
straight_and_level,432,unable_to_determine,no_controls,0,0,parked_motor_vehicle,0,14,0,0,2,0,0,0,2,41.717720044,daylight,-87.531508115,6,no_indication_of_injury,2,20,no_defects,dry,S AVENUE G,no_controls,parking_lot,clear,0,2016,10936
straight_and_level,622,improper_overtaking/passing,functioning_properly,0,2,sideswipe_same_direction,0,19,0,0,4,0,0,1,2,41.743615048,dusk,-87.634173196,6,no_indication_of_injury,2,30,no_defects,dry,W 83RD ST,traffic_signal,not_divided,clear,0,2016,687
straight_and_level,1813,unable_to_determine,no_controls,0,0,parked_motor_vehicle,0,10,0,0,3,0,0,0,2,41.918038154,daylight,-87.650539373,6,no_indication_of_injury,2,30,no_defects,dry,W ARMITAGE AVE,no_controls,not_divided,clear,0,2016,7665
straight_and_level,431,following_too_closely,no_controls,0,6,rear_end,0,21,0,0,2,0,0,0,2,41.722640988,"darkness,_lighted_road",-87.553991612,6,no_indication_of_injury,2,30,unknown,dry,S ESCANABA AVE,stop_sign/flasher,not_divided,clear,0,2016,17840
straight_and_level,1832,unable_to_determine,functioning_properly,0,1,sideswipe_same_direction,0,12,0,0,2,0,0,0,4,41.896723105,daylight,-87.632783967,6,no_indication_of_injury,2,30,no_defects,dry,W CHICAGO AVE,traffic_signal,divided_-_w/median_(not_raised),clear,0,2016,1137
straight_and_level,2422,unable_to_determine,no_controls,0,5,parked_motor_vehicle,0,12,0,0,1,0,0,0,1,42.01928855,daylight,-87.675058509,6,no_indication_of_injury,2,25,no_defects,dry,W HOWARD ST,no_controls,parking_lot,clear,0,2016,14605
straight_and_level,122,failing_to_yield_right-of-way,functioning_properly,0,3,sideswipe_same_direction,0,19,0,0,2,0,0,0,6,41.881886227,daylight,-87.63661833,6,no_indication_of_injury,2,30,unknown,dry,S WACKER DR,traffic_signal,divided_-_w/median_barrier,clear,0,2016,22583
straight_and_level,1432,distraction_-_from_inside_vehicle,functioning_properly,0,6,rear_end,0,0,0,0,7,0,0,1,2,41.917986447,"darkness,_lighted_road",-87.670478232,6,no_indication_of_injury,3,30,no_defects,dry,W ARMITAGE AVE,traffic_signal,divided_-_w/median_(not_raised),clear,0,2016,18693
straight_and_level,832,improper_overtaking/passing,functioning_properly,0,2,sideswipe_same_direction,0,16,0,0,2,0,0,0,4,41.771866744,daylight,-87.683501565,6,no_indication_of_injury,2,30,no_defects,dry,W MARQUETTE RD,traffic_signal,not_divided,clear,0,2016,11475
straight_and_level,921,improper_lane_usage,functioning_improperly,0,5,sideswipe_same_direction,0,11,0,0,2,0,0,1,4,41.822963628,daylight,-87.684384785,6,no_indication_of_injury,2,30,no_defects,dry,S WESTERN BLVD,traffic_signal,not_divided,rain,0,2016,20381
straight_and_level,1834,unable_to_determine,functioning_properly,0,3,turning,0,8,0,0,2,0,0,0,2,41.891941644,daylight,-87.618579707,6,no_indication_of_injury,2,0,no_defects,dry,E GRAND AVE,traffic_signal,one-way,clear,0,2016,17411
straight_and_level,1831,"vision_obscured_(signs,_tree_limbs,_buildings,_etc.)",functioning_properly,0,5,pedalcyclist,0,14,0,0,1,1,0,1,4,41.892410666,daylight,-87.63720268,6,nonincapacitating_injury,2,30,no_defects,dry,N ORLEANS ST,traffic_signal,divided_-_w/median_(not_raised),clear,0,2016,129885
straight_and_level,1624,following_too_closely,no_controls,0,3,rear_end,0,16,0,0,2,0,0,0,2,41.960522088,daylight,-87.754371424,6,no_indication_of_injury,2,30,no_defects,dry,W MONTROSE AVE,no_controls,not_divided,clear,0,2016,23689
straight_and_level,331,disregarding_traffic_signals,no_controls,0,3,turning,0,15,0,0,2,0,0,0,2,41.791580204,daylight,-87.585564215,6,no_indication_of_injury,2,30,no_defects,dry,S CORNELL DR,no_controls,not_divided,clear,0,2016,3215
straight_and_level,224,unable_to_determine,no_controls,0,5,parked_motor_vehicle,0,9,0,0,1,0,0,0,1,41.80456384,daylight,-87.624484081,6,no_indication_of_injury,2,10,no_defects,dry,S WABASH AVE,no_controls,parking_lot,clear,0,2016,4417
straight_and_level,811,weather,functioning_properly,0,2,rear_end,0,12,0,0,2,0,0,1,4,41.791852065,daylight,-87.801377799,6,no_indication_of_injury,2,30,unknown,dry,S HARLEM AVE,traffic_signal,not_divided,clear,0,2016,1566
straight_and_level,915,following_too_closely,no_controls,0,3,angle,0,6,0,0,2,0,0,0,4,41.823564567,daylight,-87.650935002,7,no_indication_of_injury,2,30,no_defects,dry,S MORGAN ST,no_controls,not_divided,clear,0,2016,18786
straight_and_level,111,not_applicable,functioning_properly,0,5,sideswipe_same_direction,0,18,0,0,4,0,0,0,4,41.887441698,daylight,-87.628147639,7,no_indication_of_injury,2,35,no_defects,dry,N STATE ST,traffic_signal,divided_-_w/median_barrier,clear,0,2016,3063
straight_and_level,231,failing_to_yield_right-of-way,no_controls,0,0,angle,1,13,0,0,2,0,0,0,4,41.793086403,daylight,-87.617471518,7,no_indication_of_injury,2,30,no_defects,unknown,E 56TH ST,no_controls,not_divided,clear,0,2016,12074
straight_and_level,1213,following_too_closely,functioning_properly,0,6,rear_end,0,2,0,0,3,0,1,1,4,41.903362506,"darkness,_lighted_road",-87.666265436,7,"reported,_not_evident",3,30,unknown,dry,N MILWAUKEE AVE,traffic_signal,not_divided,clear,0,2016,22619
straight_and_level,1931,texting,functioning_properly,0,2,rear_end,0,15,0,0,2,0,0,0,2,41.92744539,daylight,-87.668373412,7,no_indication_of_injury,2,30,no_defects,dry,N ASHLAND AVE,traffic_signal,divided_-_w/median_barrier,clear,0,2016,9582
straight_and_level,331,improper_turning/no_signal,functioning_properly,0,5,turning,0,17,0,0,2,0,1,1,2,41.77336022,daylight,-87.576345489,7,"reported,_not_evident",2,30,no_defects,dry,S JEFFERY BLVD,traffic_signal,not_divided,clear,0,2016,2504
straight_and_level,1421,improper_lane_usage,no_controls,0,2,sideswipe_opposite_direction,1,15,0,0,2,0,0,0,2,41.912439917,daylight,-87.700459162,7,no_indication_of_injury,2,25,no_defects,dry,W WABANSIA AVE,no_controls,not_divided,clear,0,2016,12194
straight_and_level,1422,improper_overtaking/passing,no_controls,0,5,parked_motor_vehicle,1,12,0,0,1,0,0,0,2,41.909359719,unknown,-87.706850195,7,no_indication_of_injury,2,30,no_defects,unknown,N KEDZIE AVE,no_controls,divided_-_w/median_(not_raised),unknown,0,2016,19145
straight_and_level,825,improper_turning/no_signal,no_controls,0,6,turning,0,14,0,0,2,0,0,0,0,41.779053448,daylight,-87.69109945,7,no_indication_of_injury,2,30,no_defects,dry,S WASHTENAW AVE,no_controls,not_divided,clear,0,2016,21192
straight_and_level,1214,unable_to_determine,no_controls,0,5,turning,0,14,0,0,2,0,0,0,2,41.887446219,daylight,-87.652338949,7,no_indication_of_injury,2,30,no_defects,dry,N MORGAN ST,no_controls,not_divided,clear,0,2016,24013
straight_and_level,121,improper_backing,no_controls,0,3,fixed_object,0,15,0,0,1,0,0,0,1,41.884187507,"darkness,_lighted_road",-87.641119667,7,no_indication_of_injury,1,15,no_defects,dry,N CLINTON ST,no_controls,other,clear,0,2016,12753
straight_and_level,133,unable_to_determine,no_controls,0,3,turning,0,12,0,0,2,0,0,0,0,41.846766611,daylight,-87.617175778,7,no_indication_of_injury,2,10,no_defects,dry,S DR MARTIN LUTHER KING JR DR,no_controls,parking_lot,clear,0,2016,17242
straight_and_level,123,unable_to_determine,no_controls,0,2,parked_motor_vehicle,0,15,0,0,1,0,0,0,2,41.871350222,daylight,-87.630732811,7,no_indication_of_injury,2,30,no_defects,dry,S CLARK ST,no_controls,parking_lot,clear,0,2016,19839
straight_and_level,132,not_applicable,no_controls,0,4,rear_end,0,15,0,0,2,0,0,0,8,41.857849087,daylight,-87.616840879,7,no_indication_of_injury,2,45,no_defects,dry,S LAKE SHORE DR W,no_controls,divided_-_w/median_barrier,clear,0,2016,5428
straight_and_level,323,improper_overtaking/passing,functioning_properly,0,2,sideswipe_same_direction,1,12,0,0,2,0,0,1,12,41.765716726,daylight,-87.605584027,7,no_indication_of_injury,2,30,unknown,dry,S SOUTH CHICAGO AVE,traffic_signal,center_turn_lane,clear,0,2016,14819
straight_and_level,813,failing_to_reduce_speed_to_avoid_crash,no_controls,0,5,parked_motor_vehicle,1,17,0,0,1,0,0,0,2,41.789434059,daylight,-87.726239404,7,no_indication_of_injury,2,30,no_defects,dry,W 57TH ST,no_controls,not_divided,clear,0,2016,7077