alignment,beat,contributory_cause,device_condition,dooring,dow,first_crash_type,hit_and_run,hour,injuries_fatal,injuries_incapacitating,injuries_no_indication,injuries_non_incapacitating,injuries_reported_not_evident,intersection_related,lane_count,latitude,lighting_condition,longitude,month,most_severe_injury,num_units,posted_speed_limit,road_defect,roadway_surface_cond,street,traffic_control_device,trafficway_type,weather_condition,work_zone,year,i
straight_and_level,1034,not_applicable,other,0,2,parked_motor_vehicle,1,9,0,0,1,0,0,0,2,41.848467955,daylight,-87.68841745,7,no_indication_of_injury,2,25,no_defects,dry,W 24TH ST,no_controls,divided_-_w/median_(not_raised),clear,0,2016,21963
straight_and_level,1512,unable_to_determine,no_controls,0,5,parked_motor_vehicle,1,14,0,0,1,0,0,0,1,41.885827254,daylight,-87.765142469,7,no_indication_of_injury,2,30,no_defects,dry,W FULTON ST,no_controls,one-way,clear,0,2016,6367
straight_and_level,823,unable_to_determine,unknown,0,6,parked_motor_vehicle,1,23,0,0,1,0,0,0,1,41.784422852,darkness,-87.696679489,7,no_indication_of_injury,2,25,unknown,dry,W 60TH ST,unknown,one-way,clear,0,2016,1108
straight_and_level,2424,improper_lane_usage,functioning_properly,0,3,sideswipe_same_direction,0,14,0,0,4,0,0,1,2,42.015966677,daylight,-87.67534401,7,no_indication_of_injury,2,25,no_defects,dry,N CLARK ST,traffic_signal,not_divided,clear,0,2016,16180
straight_and_level,1022,unable_to_determine,no_controls,0,1,parked_motor_vehicle,1,7,0,0,1,0,0,0,4,41.861203369,unknown,-87.7048246,7,no_indication_of_injury,2,30,no_defects,unknown,W 15TH ST,no_controls,not_divided,clear,0,2016,4404
straight_and_level,723,unable_to_determine,no_controls,0,0,parked_motor_vehicle,0,16,0,0,1,0,0,0,2,41.772379617,daylight,-87.644741642,7,no_indication_of_injury,2,30,no_defects,dry,S HALSTED ST,no_controls,other,clear,0,2016,19561
straight_and_level,2234,improper_turning/no_signal,no_controls,0,1,turning,1,15,0,0,2,0,0,0,4,41.677514594,daylight,-87.668694755,7,no_indication_of_injury,2,35,no_defects,dry,W 119TH ST,no_controls,divided_-_w/median_(not_raised),clear,0,2016,14406
straight_and_level,915,following_too_closely,no_controls,0,0,parked_motor_vehicle,1,9,0,0,1,0,0,0,2,41.838133701,daylight,-87.631821628,7,no_indication_of_injury,2,30,no_defects,dry,S WENTWORTH AVE,no_controls,not_divided,clear,0,2016,5979
straight_and_level,2022,unable_to_determine,functioning_properly,0,1,turning,0,9,0,0,1,0,1,0,3,41.983773677,daylight,-87.659925866,7,"reported,_not_evident",2,35,no_defects,dry,N BROADWAY,traffic_signal,not_divided,clear,0,2016,3699
straight_and_level,1533,failing_to_yield_right-of-way,no_controls,0,5,sideswipe_same_direction,0,14,0,0,2,0,0,0,4,41.872997641,daylight,-87.754659933,7,no_indication_of_injury,2,30,unknown,dry,S LARAMIE AVE,no_controls,not_divided,clear,0,2016,1389
straight_and_level,1235,improper_overtaking/passing,functioning_properly,0,4,rear_end,1,13,0,0,6,0,0,0,2,41.85771647,daylight,-87.640085788,7,no_indication_of_injury,2,30,no_defects,dry,S CANALPORT AVE,traffic_signal,one-way,clear,0,2016,3335
straight_and_level,324,improper_backing,no_controls,0,0,rear_end,0,21,0,0,3,0,0,0,1,41.764185795,"darkness,_lighted_road",-87.586426389,7,no_indication_of_injury,2,35,no_defects,dry,S STONY ISLAND AVE,no_controls,other,clear,0,2016,14369
straight_and_level,1412,turning_right_on_red,functioning_properly,0,5,turning,0,13,0,0,2,0,0,1,1,41.931912476,daylight,-87.712433719,7,no_indication_of_injury,2,30,no_defects,dry,N KIMBALL AVE,traffic_signal,not_divided,clear,0,2016,24740
straight_and_level,1833,failing_to_reduce_speed_to_avoid_crash,functioning_properly,0,6,pedestrian,0,14,0,0,2,1,0,1,2,41.899181937,daylight,-87.627005077,7,nonincapacitating_injury,2,30,no_defects,dry,N RUSH ST,traffic_signal,one-way,clear,0,2016,7689
straight_and_level,322,unable_to_determine,functioning_properly,0,3,rear_end,0,13,0,0,5,0,0,0,4,41.772475585,daylight,-87.624974874,7,no_indication_of_injury,2,30,no_defects,dry,S STATE ST,traffic_signal,one-way,clear,0,2016,7816
straight_and_level,413,improper_overtaking/passing,no_controls,0,4,sideswipe_same_direction,1,18,0,0,2,0,0,0,3,41.722449457,daylight,-87.585003569,7,no_indication_of_injury,2,30,no_defects,dry,E 95TH ST,no_controls,divided_-_w/median_barrier,clear,0,2016,6345
straight_and_level,911,following_too_closely,functioning_properly,0,6,rear_end,0,14,0,0,2,0,0,0,2,41.823246192,daylight,-87.704564221,7,no_indication_of_injury,2,30,shoulder_defect,dry,S KEDZIE AVE,traffic_signal,not_divided,clear,0,2016,14035
straight_and_level,124,unable_to_determine,no_controls,0,3,parked_motor_vehicle,1,15,0,0,1,0,0,0,4,41.869849002,daylight,-87.640727536,7,no_indication_of_injury,2,0,no_defects,dry,W TAYLOR ST,no_controls,divided_-_w/median_(not_raised),clear,0,2016,17549
straight_and_level,832,failing_to_reduce_speed_to_avoid_crash,functioning_properly,0,3,rear_end,1,17,0,0,2,0,0,1,4,41.772086214,daylight,-87.683508858,7,no_indication_of_injury,2,30,no_defects,dry,W MARQUETTE RD,traffic_signal,divided_-_w/median_(not_raised),clear,0,2016,11032
straight_and_level,1912,improper_backing,no_controls,0,5,angle,0,18,0,0,2,0,0,0,2,41.963443088,daylight,-87.673881704,7,no_indication_of_injury,2,30,no_defects,dry,N RAVENSWOOD AVE,no_controls,parking_lot,clear,0,2016,12847
straight_and_level,1135,following_too_closely,unknown,0,2,rear_end,0,16,0,0,2,0,0,1,5,41.866720691,daylight,-87.686162771,7,no_indication_of_injury,2,30,unknown,unknown,W ROOSEVELT RD,traffic_signal,center_turn_lane,unknown,0,2016,8383
straight_on_grade,1214,following_too_closely,functioning_properly,0,5,rear_end,0,18,0,0,2,0,0,1,4,41.891275683,daylight,-87.649236051,7,no_indication_of_injury,2,30,no_defects,dry,W GRAND AVE,traffic_signal,divided_-_w/median_(not_raised),clear,0,2016,17590
straight_and_level,1013,unable_to_determine,no_controls,0,5,animal,1,6,0,0,1,0,0,0,1,41.845487436,daylight,-87.715891936,7,no_indication_of_injury,1,25,unknown,dry,S MILLARD AVE,no_controls,one-way,clear,0,2016,5298
straight_on_grade,1034,following_too_closely,functioning_properly,0,1,rear_end,0,16,0,0,2,0,0,1,4,41.844827876,daylight,-87.685299688,7,no_indication_of_injury,2,30,unknown,dry,S WESTERN AVE,traffic_signal,not_divided,clear,0,2016,19767
straight_and_level,613,improper_turning/no_signal,no_controls,0,1,turning,0,12,0,0,5,0,0,0,1,41.744975549,daylight,-87.651304127,7,no_indication_of_injury,2,30,unknown,dry,S ABERDEEN ST,no_controls,one-way,clear,0,2016,8449
straight_and_level,1631,failing_to_yield_right-of-way,no_controls,0,5,sideswipe_same_direction,0,7,0,0,2,0,0,0,4,41.937673492,daylight,-87.835828419,7,no_indication_of_injury,2,30,no_defects,dry,W BELMONT AVE,no_controls,not_divided,clear,0,2016,5458
straight_and_level,1833,unable_to_determine,no_controls,0,5,rear_end,0,17,0,0,2,0,0,0,3,41.896868119,daylight,-87.622556411,7,no_indication_of_injury,2,30,no_defects,dry,E CHICAGO AVE,no_controls,not_divided,clear,0,2016,621
straight_and_level,2223,unable_to_determine,no_controls,0,1,parked_motor_vehicle,0,16,0,0,1,0,0,0,1,41.721504891,daylight,-87.648594532,7,no_indication_of_injury,2,30,no_defects,dry,W 95TH ST,unknown,parking_lot,clear,0,2016,16227
straight_and_level,1911,following_too_closely,no_controls,0,6,rear_end,0,16,0,0,2,0,0,0,4,41.968302631,daylight,-87.688751562,7,no_indication_of_injury,2,30,no_defects,dry,N WESTERN AVE,no_controls,divided_-_w/median_(not_raised),clear,0,2016,14355
straight_and_level,2223,improper_overtaking/passing,functioning_properly,0,0,sideswipe_same_direction,0,15,0,0,3,0,0,0,4,41.721633303,daylight,-87.63842417,7,no_indication_of_injury,2,30,no_defects,dry,W 95TH ST,traffic_signal,divided_-_w/median_barrier,clear,0,2016,24550
straight_and_level,2221,following_too_closely,functioning_properly,0,4,rear_end,0,6,0,0,3,0,0,0,4,41.721049906,daylight,-87.681749118,7,no_indication_of_injury,3,0,no_defects,dry,W 95TH ST,traffic_signal,not_divided,clear,0,2016,3695
straight_and_level,1831,improper_turning/no_signal,functioning_properly,0,0,turning,0,1,0,0,2,0,0,0,2,41.891682018,"darkness,_lighted_road",-87.629801149,7,no_indication_of_injury,2,30,no_defects,wet,N DEARBORN ST,traffic_signal,one-way,rain,0,2016,12290
straight_and_level,323,driving_skills/knowledge/experience,no_controls,0,1,pedestrian,0,15,0,1,1,0,0,0,1,41.764205174,daylight,-87.624733778,7,incapacitating_injury,2,30,no_defects,dry,S STATE ST,no_controls,other,clear,0,2016,7331
straight_and_level,1211,improper_overtaking/passing,functioning_properly,0,5,sideswipe_same_direction,0,14,0,0,1,0,2,1,2,41.899352958,daylight,-87.701335743,7,"reported,_not_evident",2,30,no_defects,dry,W AUGUSTA BLVD,traffic_signal,divided_-_w/median_(not_raised),clear,0,2016,23571
straight_and_level,131,following_too_closely,functioning_improperly,0,5,rear_end,0,11,0,0,2,1,0,0,2,41.856496658,daylight,-87.627023586,7,nonincapacitating_injury,2,30,no_defects,dry,S STATE ST,traffic_signal,divided_-_w/median_barrier,clear,0,2016,3170
straight_and_level,533,driving_skills/knowledge/experience,no_controls,0,5,fixed_object,1,17,0,0,3,0,0,0,1,41.648033508,daylight,-87.615295128,7,no_indication_of_injury,1,25,no_defects,wet,E 136TH ST,no_controls,alley,rain,0,2016,15931
straight_and_level,1632,driving_skills/knowledge/experience,unknown,0,4,parked_motor_vehicle,0,11,0,0,1,0,0,0,2,41.940069691,daylight,-87.795919964,7,no_indication_of_injury,2,30,no_defects,dry,N OAK PARK AVE,unknown,not_divided,clear,0,2016,5348
straight_and_level,1532,unable_to_determine,no_controls,0,6,parked_motor_vehicle,1,3,0,0,1,0,0,0,1,41.887939272,daylight,-87.753903559,7,no_indication_of_injury,2,30,no_defects,dry,W KINZIE ST,no_controls,one-way,clear,0,2016,1328
straight_and_level,1832,unable_to_determine,no_controls,0,1,turning,0,15,0,0,2,0,0,0,4,41.89656175,daylight,-87.632855483,7,no_indication_of_injury,2,30,no_defects,dry,N LA SALLE DR,no_controls,not_divided,clear,0,2016,11688
straight_and_level,1833,improper_overtaking/passing,no_controls,0,1,sideswipe_same_direction,0,14,0,0,2,0,0,0,3,41.895815759,daylight,-87.62641646,7,no_indication_of_injury,2,30,no_defects,dry,E SUPERIOR ST,no_controls,one-way,clear,0,2016,143
straight_and_level,2211,following_too_closely,functioning_properly,0,6,rear_end,0,14,0,0,2,0,0,0,2,41.68570487,daylight,-87.720263572,7,no_indication_of_injury,2,35,unknown,dry,S PULASKI RD,traffic_signal,not_divided,clear,0,2016,1682
straight_and_level,2221,texting,no_controls,0,5,sideswipe_opposite_direction,0,21,0,0,3,0,0,1,4,41.726574186,"darkness,_lighted_road",-87.662950767,7,no_indication_of_injury,2,30,no_defects,dry,S ASHLAND AVE,no_controls,divided_-_w/median_(not_raised),clear,0,2016,2086
straight_and_level,412,"operating_vehicle_in_erratic,_reckless,_careless,_negligent_or_aggressive_manner",no_controls,0,4,parked_motor_vehicle,0,17,0,0,1,0,0,0,1,41.741544783,daylight,-87.578080107,7,no_indication_of_injury,2,30,no_defects,dry,S BENNETT AVE,no_controls,one-way,clear,0,2016,22066
straight_and_level,632,unable_to_determine,functioning_properly,0,0,rear_end,0,8,0,0,3,2,0,0,4,41.736600579,daylight,-87.615415807,7,nonincapacitating_injury,2,30,no_defects,dry,E 87TH ST,traffic_signal,not_divided,clear,0,2016,15318
straight_and_level,2512,following_too_closely,no_controls,0,2,rear_end,0,11,0,0,2,0,0,0,2,41.921367976,daylight,-87.780601465,7,no_indication_of_injury,2,30,no_defects,dry,W GRAND AVE,traffic_signal,not_divided,clear,0,2016,13557
straight_and_level,511,unable_to_determine,no_controls,0,6,parked_motor_vehicle,1,10,0,0,1,0,0,0,2,41.718400752,unknown,-87.620660691,7,no_indication_of_injury,2,30,no_defects,dry,S MICHIGAN AVE,no_controls,not_divided,clear,0,2016,24362
straight_and_level,632,improper_overtaking/passing,functioning_properly,0,3,turning,0,17,0,0,2,0,0,0,2,41.736410975,daylight,-87.613291573,7,no_indication_of_injury,2,30,no_defects,dry,E 87TH ST,traffic_signal,not_divided,clear,0,2016,19877
straight_and_level,1424,unable_to_determine,functioning_properly,0,5,sideswipe_same_direction,0,9,0,0,2,0,0,0,2,41.903407374,daylight,-87.670465614,7,no_indication_of_injury,2,30,no_defects,dry,W DIVISION ST,no_controls,divided_-_w/median_(not_raised),clear,0,2016,20979
straight_and_level,1013,improper_turning/no_signal,no_controls,0,2,turning,0,9,0,0,2,0,0,0,2,41.849601324,daylight,-87.724854206,7,no_indication_of_injury,2,35,no_defects,dry,S PULASKI RD,no_controls,not_divided,clear,0,2016,116250
straight_and_level,1611,weather,no_controls,0,4,rear_end,0,17,0,0,2,0,0,0,2,41.997202052,daylight,-87.795460328,7,no_indication_of_injury,2,30,no_defects,wet,W DEVON AVE,no_controls,divided_-_w/median_(not_raised),rain,0,2016,14826
straight_and_level,1831,improper_lane_usage,functioning_properly,0,5,sideswipe_same_direction,0,16,0,0,3,0,0,1,4,41.891707719,daylight,-87.633104063,7,no_indication_of_injury,2,30,no_defects,wet,W GRAND AVE,traffic_signal,not_divided,cloudy/overcast,0,2016,14404
straight_and_level,122,improper_overtaking/passing,no_controls,0,5,sideswipe_same_direction,0,9,0,0,2,0,0,0,2,41.885621787,daylight,-87.633243132,7,no_indication_of_injury,2,30,no_defects,dry,W LAKE ST,no_controls,divided_-_w/median_(not_raised),clear,0,2016,2609
straight_and_level,2433,unable_to_determine,functioning_properly,0,5,rear_end,0,6,0,0,2,0,0,0,2,41.992521419,daylight,-87.655608342,7,no_indication_of_injury,2,35,no_defects,dry,N SHERIDAN RD,traffic_signal,not_divided,clear,0,2016,5040
straight_and_level,131,unable_to_determine,no_controls,0,5,parked_motor_vehicle,1,9,0,0,1,0,0,0,4,41.852751616,daylight,-87.624425882,7,no_indication_of_injury,2,25,no_defects,dry,E CERMAK RD,no_controls,divided_-_w/median_barrier,clear,0,2016,18438
straight_and_level,1614,unable_to_determine,unknown,0,0,parked_motor_vehicle,0,23,0,0,1,0,0,0,2,41.972489051,unknown,-87.838559488,7,no_indication_of_injury,2,30,unknown,unknown,W WINONA ST,unknown,unknown,unknown,0,2016,23979
straight_and_level,735,following_too_closely,functioning_properly,0,1,turning,0,8,0,0,2,0,0,1,2,41.76839298,daylight,-87.673770056,7,no_indication_of_injury,2,30,no_defects,dry,S DAMEN AVE,traffic_signal,not_divided,clear,0,2016,18292
straight_and_level,1134,unable_to_determine,no_controls,0,2,parked_motor_vehicle,0,22,0,0,1,0,0,0,1,41.872922535,"darkness,_lighted_road",-87.702555466,7,no_indication_of_injury,2,30,no_defects,wet,W FLOURNOY ST,no_controls,one-way,rain,0,2016,8270
straight_and_level,331,distraction_-_from_inside_vehicle,no_controls,0,6,parked_motor_vehicle,0,22,0,0,2,0,0,0,2,41.773463079,"darkness,_lighted_road",-87.584516115,7,no_indication_of_injury,4,30,unknown,dry,E 67TH ST,no_controls,not_divided,unknown,0,2016,2223
straight_and_level,2233,following_too_closely,no_controls,0,5,rear_end,0,16,0,0,2,0,0,0,4,41.703373103,daylight,-87.642577757,7,no_indication_of_injury,2,30,no_defects,dry,S HALSTED ST,stop_sign/flasher,divided_-_w/median_(not_raised),clear,0,2016,11063
straight_and_level,1821,improper_lane_usage,no_controls,0,5,parked_motor_vehicle,1,16,0,0,1,0,0,0,2,41.907748058,daylight,-87.636277197,7,no_indication_of_injury,2,30,no_defects,dry,W SCHILLER ST,no_controls,one-way,clear,0,2016,22961
straight_and_level,813,unable_to_determine,no_controls,0,4,parked_motor_vehicle,1,21,0,0,1,0,0,0,1,41.786889681,darkness,-87.732629623,8,no_indication_of_injury,2,15,unknown,dry,S KOSTNER AVE,no_controls,parking_lot,clear,0,2016,8189
straight_and_level,1533,following_too_closely,unknown,0,6,rear_end,0,15,0,0,2,1,0,1,2,41.88038672,daylight,-87.74539738,8,nonincapacitating_injury,2,30,unknown,dry,W MADISON ST,traffic_signal,divided_-_w/median_(not_raised),clear,0,2016,7443
straight_and_level,2432,failing_to_yield_right-of-way,functioning_properly,0,3,turning,0,15,0,0,3,0,0,0,2,41.998091764,daylight,-87.67560737,8,no_indication_of_injury,2,30,no_defects,dry,W DEVON AVE,stop_sign/flasher,divided_-_w/median_(not_raised),clear,0,2016,15054
straight_and_level,1034,unable_to_determine,functioning_properly,0,2,rear_end,0,17,0,0,5,0,0,0,4,41.844750567,daylight,-87.675794291,8,no_indication_of_injury,2,25,no_defects,dry,S DAMEN AVE,traffic_signal,divided_-_w/median_(not_raised),clear,0,2016,8699
straight_and_level,734,unable_to_determine,functioning_properly,0,1,angle,0,18,0,0,2,0,0,1,2,41.766708027,daylight,-87.659155664,8,no_indication_of_injury,2,30,unknown,wet,S LOOMIS BLVD,stop_sign/flasher,divided_-_w/median_(not_raised),rain,0,2016,12978
straight_and_level,831,failing_to_yield_right-of-way,no_controls,0,6,angle,0,19,0,0,2,0,0,1,0,41.771932731,daylight,-87.693269642,8,no_indication_of_injury,2,30,no_defects,dry,W MARQUETTE RD,stop_sign/flasher,not_divided,clear,0,2016,10817
straight_and_level,623,unable_to_determine,unknown,0,5,parked_motor_vehicle,0,23,0,0,1,0,0,0,2,41.757989092,"darkness,_lighted_road",-87.634335698,8,no_indication_of_injury,2,30,no_defects,dry,S STEWART AVE,unknown,not_divided,clear,0,2016,7210
straight_and_level,323,improper_turning/no_signal,no_controls,0,0,turning,0,18,0,0,2,0,0,0,4,41.763605225,daylight,-87.62472085,8,no_indication_of_injury,2,0,no_defects,dry,S STATE ST,no_controls,one-way,clear,0,2016,2152
straight_and_level,2011,"vision_obscured_(signs,_tree_limbs,_buildings,_etc.)",no_controls,0,1,angle,0,12,0,0,2,0,0,0,4,41.990381261,daylight,-87.691021381,8,no_indication_of_injury,2,30,no_defects,dry,W PETERSON AVE,no_controls,not_divided,clear,0,2016,18831
straight_and_level,832,following_too_closely,functioning_properly,0,2,rear_end,0,7,0,0,2,0,0,0,3,41.764612952,daylight,-87.683093871,8,no_indication_of_injury,2,35,no_defects,dry,S WESTERN AVE,traffic_signal,divided_-_w/median_(not_raised),clear,0,2016,5820
straight_and_level,1834,improper_lane_usage,no_controls,0,0,sideswipe_same_direction,0,15,0,0,5,0,0,0,6,41.893793147,daylight,-87.624375663,8,no_indication_of_injury,2,30,no_defects,dry,N MICHIGAN AVE,no_controls,divided_-_w/median_barrier,clear,0,2016,18492
straight_and_level,234,improper_turning/no_signal,no_controls,0,6,parked_motor_vehicle,0,14,0,0,1,0,0,0,2,41.799912054,daylight,-87.5890665,8,no_indication_of_injury,2,30,no_defects,dry,E 52ND PL,no_controls,not_divided,clear,0,2016,19428
straight_and_level,412,following_too_closely,functioning_properly,0,6,rear_end,0,22,0,0,3,0,0,0,2,41.73682263,darkness,-87.58578342,8,no_indication_of_injury,2,30,no_defects,dry,S STONY ISLAND AVE,no_controls,not_divided,clear,0,2016,22862
straight_and_level,2411,distraction_-_from_outside_vehicle,functioning_properly,0,0,rear_end,0,16,0,0,2,0,0,0,2,42.004862349,daylight,-87.704666543,8,no_indication_of_injury,2,30,no_defects,dry,W PRATT BLVD,traffic_signal,divided_-_w/median_(not_raised),clear,0,2016,10670
straight_and_level,414,following_too_closely,no_controls,0,3,rear_end,1,13,0,0,2,0,0,0,2,41.750726623,daylight,-87.575815913,8,no_indication_of_injury,2,15,no_defects,dry,S JEFFERY BLVD,no_controls,not_divided,clear,0,2016,23235
straight_and_level,121,unable_to_determine,no_controls,0,3,sideswipe_same_direction,0,18,0,0,2,0,0,0,3,41.877860277,daylight,-87.645381921,8,no_indication_of_injury,2,30,no_defects,dry,W JACKSON BLVD,no_controls,divided_-_w/median_(not_raised),clear,0,2016,12577
straight_and_level,313,disregarding_stop_sign,functioning_properly,0,3,angle,0,14,0,0,2,0,0,1,2,41.784079896,daylight,-87.610827118,8,no_indication_of_injury,2,35,unknown,dry,E 61ST ST,stop_sign/flasher,not_divided,clear,0,2016,16243
straight_and_level,1131,equipment_-_vehicle_condition,functioning_properly,0,0,rear_end,0,3,0,0,2,0,0,1,4,41.873100153,"darkness,_lighted_road",-87.744850226,8,no_indication_of_injury,2,30,no_defects,dry,S CICERO AVE,traffic_signal,not_divided,clear,0,2016,2996
straight_and_level,1731,unable_to_determine,no_controls,0,5,turning,0,15,0,0,4,0,0,0,4,41.943692737,daylight,-87.746849586,8,no_indication_of_injury,2,30,no_defects,dry,N CICERO AVE,no_controls,divided_-_w/median_(not_raised),clear,0,2016,14125
straight_and_level,712,driving_skills/knowledge/experience,no_controls,0,5,pedestrian,1,0,0,0,1,1,0,0,2,41.785584053,darkness,-87.648436911,8,nonincapacitating_injury,2,35,no_defects,dry,S SANGAMON ST,no_controls,not_divided,clear,0,2016,20346
straight_on_grade,1914,following_too_closely,functioning_properly,0,5,rear_end,1,13,0,0,5,0,0,0,2,41.965787579,daylight,-87.646935941,8,no_indication_of_injury,2,30,unknown,wet,N LAKE SHORE DR NB,stop_sign/flasher,ramp,rain,0,2016,2173
straight_and_level,2221,improper_lane_usage,unknown,0,4,sideswipe_same_direction,1,13,0,0,2,0,0,0,2,41.735696989,daylight,-87.663209544,8,no_indication_of_injury,2,25,no_defects,dry,S ASHLAND AVE,no_controls,one-way,clear,0,2016,9794
straight_and_level,122,improper_backing,no_controls,0,3,rear_end,0,19,0,0,2,0,0,0,4,41.881645391,dusk,-87.632209538,8,no_indication_of_injury,2,30,worn_surface,dry,S LA SALLE ST,no_controls,divided_-_w/median_(not_raised),clear,0,2016,16540
straight_and_level,726,following_too_closely,other,0,6,rear_end,0,0,0,0,3,0,0,1,2,41.771935246,"darkness,_lighted_road",-87.676201104,8,no_indication_of_injury,2,35,no_defects,dry,W MARQUETTE RD,stop_sign/flasher,not_divided,other,0,2016,17499
straight_and_level,1833,unable_to_determine,no_controls,0,5,sideswipe_same_direction,1,23,0,0,2,0,0,0,8,41.896816683,"darkness,_lighted_road",-87.616827044,8,no_indication_of_injury,2,45,no_defects,wet,N LAKE SHORE DR NB,no_controls,divided_-_w/median_barrier,clear,0,2016,9025
straight_and_level,613,following_too_closely,unknown,0,2,rear_end,0,11,0,0,2,0,0,0,4,41.736112217,unknown,-87.648555949,8,no_indication_of_injury,2,30,unknown,unknown,W 87TH ST,unknown,not_divided,unknown,0,2016,1772
straight_and_level,1533,improper_overtaking/passing,functioning_properly,0,6,sideswipe_same_direction,0,15,0,0,2,0,0,0,4,41.880445063,daylight,-87.745422526,8,no_indication_of_injury,2,30,no_defects,dry,S CICERO AVE,traffic_signal,not_divided,clear,0,2016,16200
straight_and_level,834,unable_to_determine,no_controls,0,3,sideswipe_same_direction,0,15,0,0,2,0,0,0,4,41.749723972,daylight,-87.702539572,8,no_indication_of_injury,2,25,no_defects,dry,S KEDZIE AVE,no_controls,divided_-_w/median_(not_raised),clear,0,2016,8098
straight_and_level,1912,unable_to_determine,no_controls,0,2,rear_end,1,22,0,0,2,1,1,0,2,41.954362917,"darkness,_lighted_road",-87.66737645,8,nonincapacitating_injury,2,25,unknown,unknown,N GREENVIEW AVE,no_controls,not_divided,clear,0,2016,7117
straight_and_level,121,driving_on_wrong_side/wrong_way,functioning_properly,0,2,parked_motor_vehicle,0,3,0,0,1,0,0,0,2,41.87919088,"darkness,_lighted_road",-87.640579777,8,no_indication_of_injury,2,30,no_defects,dry,W ADAMS ST,traffic_signal,one-way,clear,0,2016,2785
straight_and_level,733,unable_to_determine,no_controls,0,6,parked_motor_vehicle,0,1,0,0,1,0,0,0,1,41.764287703,"darkness,_lighted_road",-87.650306475,8,no_indication_of_injury,2,30,no_defects,unknown,S CARPENTER ST,no_controls,one-way,unknown,0,2016,15476
straight_and_level,813,improper_backing,no_controls,0,3,parked_motor_vehicle,1,8,0,0,1,0,0,0,2,41.785385136,daylight,-87.729206008,8,no_indication_of_injury,2,20,no_defects,dry,S TRIPP AVE,no_controls,not_divided,clear,0,2016,21675
straight_and_level,1213,improper_overtaking/passing,no_controls,0,6,sideswipe_same_direction,0,17,0,0,2,0,0,0,2,41.899759497,daylight,-87.661078061,8,no_indication_of_injury,2,30,no_defects,dry,N MILWAUKEE AVE,no_controls,not_divided,clear,0,2016,22051
straight_and_level,2413,improper_backing,no_controls,0,4,sideswipe_opposite_direction,0,14,0,0,2,0,0,0,1,41.997058962,daylight,-87.704332336,8,no_indication_of_injury,2,30,no_defects,dry,N SACRAMENTO AVE,no_controls,one-way,clear,0,2016,5879
straight_and_level,915,unable_to_determine,no_controls,0,5,parked_motor_vehicle,0,17,0,0,1,0,0,0,1,41.831433088,unknown,-87.640176002,8,no_indication_of_injury,2,25,unknown,unknown,S PARNELL AVE,no_controls,not_divided,unknown,0,2016,4217
straight_and_level,332,failing_to_yield_right-of-way,no_controls,0,4,turning,0,11,0,0,1,1,0,0,3,41.768985206,daylight,-87.585844169,8,nonincapacitating_injury,2,30,no_defects,dry,S STONY ISLAND AVE,no_controls,other,clear,0,2016,10922
straight_and_level,413,not_applicable,no_controls,0,4,head_on,0,15,0,0,2,0,0,0,1,41.730517569,daylight,-87.584919932,8,no_indication_of_injury,2,30,no_defects,dry,S STONY ISLAND AVE,no_controls,parking_lot,clear,0,2016,1122
straight_and_level,321,under_the_influence_of_alcohol/drugs_(use_when_arrest_is_effected),no_controls,0,6,sideswipe_same_direction,0,20,0,0,3,0,0,0,2,41.773257715,"darkness,_lighted_road",-87.604954203,8,no_indication_of_injury,2,30,no_defects,dry,E 67TH ST,no_controls,divided_-_w/median_(not_raised),cloudy/overcast,0,2016,21655
straight_and_level,421,unable_to_determine,no_controls,0,6,parked_motor_vehicle,1,4,0,0,1,0,0,0,1,41.752176984,"darkness,_lighted_road",-87.552065298,8,no_indication_of_injury,2,30,unknown,unknown,E CHELTENHAM PL,no_controls,one-way,clear,0,2016,14273
straight_and_level,1522,unable_to_determine,other,0,4,sideswipe_same_direction,0,19,0,0,1,1,0,0,4,41.880470676,"darkness,_lighted_road",-87.755950895,8,nonincapacitating_injury,2,30,unknown,dry,W MADISON ST,no_controls,divided_-_w/median_(not_raised),clear,0,2016,11668
straight_and_level,1822,failing_to_yield_right-of-way,no_controls,0,3,sideswipe_same_direction,0,13,0,0,2,0,0,0,2,41.903458261,daylight,-87.653117977,8,no_indication_of_injury,2,30,no_defects,dry,W DIVISION ST,no_controls,not_divided,clear,0,2016,13009
straight_and_level,1731,exceeding_authorized_speed_limit,functioning_properly,0,6,turning,1,20,0,0,2,0,0,0,4,41.947933936,"darkness,_lighted_road",-87.738588649,8,no_indication_of_injury,2,30,no_defects,dry,N MILWAUKEE AVE,other,divided_-_w/median_(not_raised),clear,0,2016,879
straight_and_level,724,unable_to_determine,no_controls,0,1,parked_motor_vehicle,1,20,0,0,1,0,0,0,1,41.775880581,darkness,-87.654546395,8,no_indication_of_injury,2,30,no_defects,dry,S RACINE AVE,no_controls,parking_lot,clear,0,2016,20500