alignment,beat,contributory_cause,device_condition,dooring,dow,first_crash_type,hit_and_run,hour,injuries_fatal,injuries_incapacitating,injuries_no_indication,injuries_non_incapacitating,injuries_reported_not_evident,intersection_related,lane_count,latitude,lighting_condition,longitude,month,most_severe_injury,num_units,posted_speed_limit,road_defect,roadway_surface_cond,street,traffic_control_device,trafficway_type,weather_condition,work_zone,year,i
straight_and_level,833,unable_to_determine,unknown,0,6,rear_end,0,12,0,0,2,0,0,0,4,41.771325865,daylight,-87.722721377,8,no_indication_of_injury,2,30,unknown,dry,S PULASKI RD,unknown,not_divided,cloudy/overcast,0,2016,1472
straight_and_level,122,improper_lane_usage,functioning_properly,0,1,sideswipe_same_direction,0,11,0,0,2,0,0,0,3,41.880805278,daylight,-87.630929332,8,no_indication_of_injury,2,30,no_defects,dry,W MONROE ST,traffic_signal,one-way,clear,0,2016,20395
straight_and_level,1432,unable_to_determine,unknown,0,5,rear_end,0,21,0,0,2,0,0,1,2,41.932320114,unknown,-87.684426239,8,no_indication_of_injury,2,30,unknown,unknown,W DIVERSEY AVE,unknown,divided_-_w/median_(not_raised),unknown,0,2016,10303
straight_and_level,1911,improper_overtaking/passing,functioning_properly,0,2,sideswipe_same_direction,0,17,0,0,4,0,0,0,2,41.961421726,daylight,-87.68874698,8,no_indication_of_injury,2,30,no_defects,dry,W MONTROSE AVE,traffic_signal,divided_-_w/median_(not_raised),clear,0,2016,3266
straight_and_level,2413,following_too_closely,functioning_properly,0,6,rear_end,0,20,0,0,1,2,0,0,4,41.990586042,"darkness,_lighted_road",-87.689822473,8,nonincapacitating_injury,2,30,unknown,dry,N WESTERN AVE,traffic_signal,not_divided,clear,0,2016,12184
straight_and_level,715,unable_to_determine,functioning_properly,0,3,sideswipe_same_direction,0,14,0,0,2,0,0,1,2,41.793478362,daylight,-87.674426221,8,no_indication_of_injury,2,30,no_defects,dry,S DAMEN AVE,traffic_signal,divided_-_w/median_(not_raised),clear,0,2016,14607
straight_and_level,231,unable_to_determine,no_controls,0,3,parked_motor_vehicle,1,0,0,0,1,0,0,0,3,41.791505074,unknown,-87.622236163,8,no_indication_of_injury,2,30,no_defects,unknown,S MICHIGAN AVE,no_controls,one-way,clear,0,2016,22058
straight_and_level,1532,unable_to_determine,functioning_properly,0,5,rear_end,0,22,0,0,3,0,0,0,4,41.889522044,darkness,-87.745761282,8,no_indication_of_injury,2,30,no_defects,dry,N CICERO AVE,stop_sign/flasher,not_divided,clear,0,2016,23325
straight_and_level,1235,improper_turning/no_signal,functioning_properly,0,4,turning,0,9,0,0,2,0,0,1,2,41.857547746,daylight,-87.643926093,8,no_indication_of_injury,2,30,no_defects,dry,S RUBLE ST,traffic_signal,divided_-_w/median_(not_raised),clear,0,2016,7033
straight_and_level,1231,following_too_closely,functioning_properly,0,5,rear_end,0,11,0,0,3,0,0,1,6,41.874049326,daylight,-87.671705646,8,no_indication_of_injury,2,30,no_defects,dry,S WOOD ST,traffic_signal,not_divided,clear,0,2016,15837
straight_and_level,834,unable_to_determine,unknown,0,6,sideswipe_same_direction,0,11,0,0,2,0,0,0,4,41.749242883,daylight,-87.726645643,8,no_indication_of_injury,2,30,unknown,wet,W 79TH ST,unknown,not_divided,cloudy/overcast,0,2016,12592
straight_and_level,334,improper_overtaking/passing,unknown,0,4,angle,0,14,0,0,2,0,0,1,2,41.76273004,daylight,-87.566374641,8,no_indication_of_injury,2,35,unknown,dry,E 73RD ST,traffic_signal,not_divided,clear,0,2016,14902
straight_and_level,122,improper_lane_usage,functioning_properly,0,5,turning,0,8,0,0,2,0,0,1,0,41.884502594,daylight,-87.632582574,8,no_indication_of_injury,2,25,no_defects,dry,N LA SALLE ST,traffic_signal,other,clear,0,2016,21837
straight_and_level,114,improper_lane_usage,no_controls,0,6,sideswipe_same_direction,0,11,0,0,5,0,0,0,8,41.878310135,daylight,-87.617575903,8,no_indication_of_injury,2,45,no_defects,dry,S LAKE SHORE DR SB,no_controls,divided_-_w/median_(not_raised),clear,0,2016,5087
straight_and_level,1732,unable_to_determine,no_controls,0,5,parked_motor_vehicle,1,21,0,0,1,0,0,0,2,41.947556382,"darkness,_lighted_road",-87.727581672,8,no_indication_of_injury,2,30,no_defects,dry,N PULASKI RD,no_controls,not_divided,clear,0,2016,23223
straight_and_level,431,unable_to_determine,no_controls,0,3,parked_motor_vehicle,0,16,0,0,3,0,0,0,1,41.712590888,daylight,-87.564428047,8,no_indication_of_injury,2,30,no_defects,dry,S YATES AVE,no_controls,not_divided,clear,0,2016,4848
straight_and_level,835,improper_turning/no_signal,no_controls,0,5,sideswipe_same_direction,0,14,0,0,2,0,0,0,4,41.74623499,daylight,-87.682903634,8,no_indication_of_injury,2,30,unknown,dry,S WESTERN AVE,no_controls,divided_-_w/median_(not_raised),clear,0,2016,13043
straight_and_level,131,unable_to_determine,no_controls,0,2,rear_end,0,15,0,0,2,0,0,0,2,41.854225185,daylight,-87.630280532,8,no_indication_of_injury,2,30,no_defects,dry,S CLARK ST,no_controls,not_divided,clear,0,2016,19516
straight_and_level,813,following_too_closely,functioning_properly,0,0,rear_end,0,0,0,0,2,0,0,0,2,41.792906821,"darkness,_lighted_road",-87.74293238,8,no_indication_of_injury,2,30,no_defects,dry,W 55TH ST,traffic_signal,not_divided,clear,0,2016,16986
straight_and_level,1023,unable_to_determine,no_controls,0,6,parked_motor_vehicle,1,7,0,0,1,0,0,0,1,41.859359146,daylight,-87.693722876,8,no_indication_of_injury,2,30,no_defects,dry,W 16TH ST,no_controls,not_divided,clear,0,2016,4688
straight_and_level,1631,improper_backing,no_controls,0,6,rear_end,0,9,0,0,2,0,0,0,1,41.945228725,daylight,-87.81440018,8,no_indication_of_injury,2,30,no_defects,dry,W ADDISON ST,no_controls,alley,clear,0,2016,5554
straight_and_level,715,unable_to_determine,no_controls,0,6,fixed_object,0,6,0,0,0,1,0,0,2,41.793421107,daylight,-87.676017181,8,nonincapacitating_injury,1,35,no_defects,dry,W GARFIELD BLVD,no_controls,divided_-_w/median_barrier,clear,0,2016,13215
"curve,_level",132,improper_lane_usage,no_controls,0,3,sideswipe_same_direction,0,15,0,0,2,0,0,0,8,41.86620513,daylight,-87.61907957,8,no_indication_of_injury,2,40,no_defects,dry,S LAKE SHORE DR E,no_controls,divided_-_w/median_barrier,clear,0,2016,4770
straight_and_level,322,unable_to_determine,unknown,0,3,sideswipe_same_direction,0,16,0,0,3,0,0,0,4,41.773427543,unknown,-87.624998573,8,no_indication_of_injury,2,30,unknown,unknown,S STATE ST,traffic_signal,divided_-_w/median_barrier,unknown,0,2016,23523
straight_and_level,414,improper_overtaking/passing,no_controls,0,2,sideswipe_same_direction,0,13,0,0,2,0,0,0,4,41.751714238,daylight,-87.576129798,8,no_indication_of_injury,2,35,no_defects,dry,E 79TH ST,no_controls,not_divided,clear,0,2016,14055
straight_and_level,915,unable_to_determine,no_controls,0,0,parked_motor_vehicle,1,11,0,0,1,0,0,0,2,41.834168512,unknown,-87.643897974,8,no_indication_of_injury,2,15,unknown,unknown,S UNION AVE,no_controls,one-way,unknown,0,2016,20807
straight_and_level,914,unable_to_determine,no_controls,0,2,parked_motor_vehicle,0,16,0,0,3,0,0,0,1,41.84858748,daylight,-87.641783804,8,no_indication_of_injury,2,0,no_defects,dry,S WALLACE ST,no_controls,parking_lot,clear,0,2016,5330
straight_and_level,1233,failing_to_yield_right-of-way,no_controls,0,5,rear_end,0,13,0,0,2,0,0,0,1,41.863315089,daylight,-87.666150226,8,no_indication_of_injury,2,30,no_defects,dry,S ASHLAND AVE,no_controls,not_divided,clear,0,2016,13291
straight_and_level,421,unable_to_determine,no_controls,0,3,parked_motor_vehicle,0,21,0,0,1,0,0,0,1,41.75200435,darkness,-87.556834073,8,no_indication_of_injury,2,30,no_defects,dry,S BURNHAM AVE,no_controls,one-way,clear,0,2016,13249
straight_and_level,2013,unable_to_determine,functioning_properly,0,3,rear_end,0,8,0,0,2,0,0,0,2,41.989051457,dusk,-87.66916103,8,no_indication_of_injury,2,30,no_defects,dry,N RIDGE AVE,traffic_signal,not_divided,clear,0,2016,21289
straight_and_level,231,following_too_closely,functioning_properly,0,5,rear_end,0,23,0,0,2,0,0,0,4,41.794371556,"darkness,_lighted_road",-87.616038575,8,no_indication_of_injury,2,30,no_defects,dry,E GARFIELD BLVD,traffic_signal,divided_-_w/median_barrier,clear,0,2016,6098
straight_and_level,1031,following_too_closely,no_controls,0,5,rear_end,0,12,0,0,2,0,0,0,2,41.844068441,daylight,-87.729891843,8,no_indication_of_injury,2,30,unknown,wet,W 26TH ST,no_controls,not_divided,rain,0,2016,878
straight_and_level,726,improper_backing,no_controls,0,3,parked_motor_vehicle,1,10,0,0,1,0,0,0,4,41.77905856,daylight,-87.677410422,8,no_indication_of_injury,2,30,no_defects,dry,S HAMILTON AVE,no_controls,not_divided,clear,0,2016,3971
straight_and_level,2221,distraction_-_from_inside_vehicle,no_controls,0,5,rear_end,1,12,0,0,3,0,0,0,4,41.735558751,daylight,-87.671932342,8,no_indication_of_injury,2,30,no_defects,wet,W 87TH ST,no_controls,not_divided,rain,0,2016,22257
straight_and_level,1831,unable_to_determine,functioning_properly,0,6,angle,0,19,0,0,3,0,2,1,2,41.895608706,daylight,-87.641579165,8,"reported,_not_evident",2,30,no_defects,dry,W SUPERIOR ST,stop_sign/flasher,one-way,clear,0,2016,10436
straight_and_level,915,disregarding_stop_sign,functioning_properly,0,6,turning,1,21,0,0,2,0,0,0,2,41.823740122,darkness,-87.632484906,8,no_indication_of_injury,2,25,no_defects,dry,W PERSHING RD,stop_sign/flasher,not_divided,clear,0,2016,1943
straight_and_level,235,unable_to_determine,no_controls,0,1,parked_motor_vehicle,1,0,0,0,1,0,0,0,2,41.788311258,darkness,-87.604769836,8,no_indication_of_injury,2,20,no_defects,dry,S MARYLAND AVE,no_controls,not_divided,clear,0,2016,16047
straight_and_level,1821,unable_to_determine,other,0,6,sideswipe_same_direction,1,11,0,0,8,0,0,0,1,41.907735719,daylight,-87.635745533,8,no_indication_of_injury,2,30,no_defects,dry,N WIELAND ST,other,one-way,cloudy/overcast,0,2016,12932
straight_and_level,1234,improper_overtaking/passing,no_controls,1,3,sideswipe_same_direction,0,6,0,0,3,0,0,0,2,41.853101783,daylight,-87.682033411,8,no_indication_of_injury,2,15,no_defects,dry,W 21ST PL,no_controls,not_divided,clear,0,2016,23195
straight_and_level,2413,unable_to_determine,unknown,0,2,parked_motor_vehicle,0,19,0,0,1,0,0,0,2,41.995855875,unknown,-87.699727462,8,no_indication_of_injury,2,30,unknown,unknown,N CALIFORNIA AVE,unknown,divided_-_w/median_(not_raised),unknown,0,2016,16610
straight_and_level,1533,improper_turning/no_signal,not_functioning,0,5,turning,0,11,0,0,2,0,0,1,4,41.871070483,daylight,-87.744973905,8,no_indication_of_injury,2,30,no_defects,wet,W LEXINGTON ST,stop_sign/flasher,one-way,rain,0,2016,15774
straight_and_level,714,following_too_closely,no_controls,0,3,rear_end,0,8,0,0,3,0,0,0,2,41.779476828,daylight,-87.67022516,8,no_indication_of_injury,2,35,no_defects,dry,W 63RD ST,no_controls,divided_-_w/median_(not_raised),clear,0,2016,13844
straight_and_level,1712,unable_to_determine,no_controls,0,0,rear_end,0,21,0,0,3,0,0,0,2,41.975872155,"darkness,_lighted_road",-87.706769757,8,no_indication_of_injury,3,30,no_defects,dry,W FOSTER AVE,no_controls,divided_-_w/median_(not_raised),clear,0,2016,15669
straight_and_level,112,road_construction/maintenance,no_controls,0,2,sideswipe_same_direction,0,11,0,0,2,0,0,0,2,41.880664578,daylight,-87.627089364,8,no_indication_of_injury,2,30,other,dry,E MONROE ST,no_controls,one-way,clear,0,2016,14305
straight_and_level,1413,following_too_closely,functioning_properly,0,1,rear_end,0,17,0,0,2,0,0,1,2,41.928167922,daylight,-87.712053758,8,no_indication_of_injury,2,30,no_defects,wet,N KIMBALL AVE,traffic_signal,divided_-_w/median_(not_raised),rain,0,2016,11361
straight_and_level,2412,following_too_closely,no_controls,0,1,rear_end,0,13,0,0,2,0,1,1,0,41.997563624,daylight,-87.70567477,8,"reported,_not_evident",2,30,no_defects,dry,W DEVON AVE,no_controls,not_divided,clear,0,2016,8599
straight_and_level,1113,unable_to_determine,no_controls,0,1,parked_motor_vehicle,1,13,0,0,1,0,0,0,2,41.883410048,daylight,-87.739043646,8,no_indication_of_injury,2,30,no_defects,dry,N KOLMAR AVE,no_controls,divided_-_w/median_(not_raised),clear,0,2016,17125
straight_and_level,124,improper_turning/no_signal,functioning_properly,0,5,turning,0,14,0,0,2,0,0,0,2,41.869855597,daylight,-87.640270308,8,no_indication_of_injury,2,30,no_defects,dry,W TAYLOR ST,traffic_signal,divided_-_w/median_(not_raised),clear,0,2016,12604
straight_and_level,735,failing_to_yield_right-of-way,no_controls,0,1,angle,0,14,0,0,2,0,0,0,1,41.767045643,daylight,-87.663994157,8,no_indication_of_injury,2,30,no_defects,dry,S ASHLAND AVE,no_controls,parking_lot,clear,0,2016,16815
straight_and_level,1712,disregarding_traffic_signals,functioning_properly,0,5,rear_end,0,23,0,0,2,0,0,1,5,41.975838278,"darkness,_lighted_road",-87.708829185,8,no_indication_of_injury,2,30,no_defects,dry,N KEDZIE AVE,traffic_signal,divided_-_w/median_(not_raised),clear,0,2016,17007
straight_and_level,1233,not_applicable,no_controls,0,4,rear_end,0,15,0,0,2,0,0,0,2,41.866706675,daylight,-87.676395239,8,no_indication_of_injury,2,30,no_defects,dry,S DAMEN AVE,no_controls,not_divided,clear,0,2016,1189
straight_and_level,413,unable_to_determine,no_controls,0,5,turning,1,21,0,0,3,0,0,0,6,41.722449457,darkness,-87.585003569,8,no_indication_of_injury,2,30,no_defects,wet,E 95TH ST,traffic_signal,not_divided,rain,0,2016,20551
straight_and_level,2413,improper_backing,functioning_properly,0,2,angle,0,15,0,0,2,0,0,0,1,41.995803391,daylight,-87.703366713,8,no_indication_of_injury,2,30,no_defects,dry,N RICHMOND ST,stop_sign/flasher,one-way,clear,0,2016,18387
straight_and_level,1621,failing_to_yield_right-of-way,other,0,0,angle,0,18,0,0,2,0,0,0,2,41.996914777,daylight,-87.748490225,8,no_indication_of_injury,2,30,unknown,dry,N CICERO AVE,other,parking_lot,clear,0,2016,16363
straight_and_level,2433,following_too_closely,functioning_properly,0,5,rear_end,0,17,0,0,3,0,0,0,2,41.993979687,dusk,-87.674737432,8,no_indication_of_injury,2,25,no_defects,wet,N RAVENSWOOD AVE,traffic_signal,divided_-_w/median_(not_raised),clear,0,2016,11630
straight_and_level,1711,improper_turning/no_signal,no_controls,0,5,turning,1,11,0,0,2,0,0,0,5,41.997237289,daylight,-87.711797783,8,no_indication_of_injury,2,30,no_defects,dry,W DEVON AVE,no_controls,divided_-_w/median_(not_raised),clear,0,2016,7299
straight_and_level,334,following_too_closely,no_controls,0,1,rear_end,0,18,0,0,2,0,0,0,2,41.764614709,daylight,-87.560975323,8,no_indication_of_injury,2,30,no_defects,dry,S SOUTH SHORE DR,no_controls,not_divided,clear,0,2016,3099
straight_and_level,1432,unable_to_determine,unknown,0,1,rear_end,0,21,0,0,2,0,0,0,4,41.924791907,darkness,-87.687521795,8,no_indication_of_injury,2,30,unknown,wet,W FULLERTON AVE,traffic_signal,not_divided,rain,0,2016,20764
straight_and_level,1231,improper_overtaking/passing,no_controls,0,1,sideswipe_same_direction,0,12,0,0,6,0,0,0,2,41.877718587,daylight,-87.667671616,8,no_indication_of_injury,2,30,no_defects,dry,W JACKSON BLVD,no_controls,one-way,clear,0,2016,7284
straight_and_level,1821,unable_to_determine,no_controls,0,5,parked_motor_vehicle,1,12,0,0,1,0,0,0,3,41.904520078,daylight,-87.632795951,8,no_indication_of_injury,2,30,no_defects,dry,N LA SALLE DR,no_controls,not_divided,clear,0,2016,19489
straight_and_level,735,improper_turning/no_signal,functioning_properly,0,3,turning,0,10,0,1,1,3,0,1,1,41.764859382,daylight,-87.663940176,8,incapacitating_injury,2,30,no_defects,dry,S ASHLAND AVE,traffic_signal,not_divided,clear,0,2016,15657
straight_and_level,622,driving_skills/knowledge/experience,no_controls,0,1,turning,0,17,0,0,5,0,0,0,0,41.743504558,daylight,-87.636662798,8,no_indication_of_injury,2,10,no_defects,dry,S VINCENNES AVE,no_controls,parking_lot,clear,0,2016,11133
curve_on_grade,215,failing_to_yield_right-of-way,functioning_properly,0,0,angle,0,12,0,0,7,0,0,1,2,41.814816108,daylight,-87.624347149,8,no_indication_of_injury,2,30,no_defects,dry,E 44TH ST,stop_sign/flasher,not_divided,clear,0,2016,10591
straight_and_level,322,following_too_closely,functioning_properly,0,5,rear_end,0,18,0,0,2,0,1,0,2,41.772770039,daylight,-87.62034858,9,"reported,_not_evident",2,30,no_defects,dry,E MARQUETTE RD,traffic_signal,not_divided,clear,0,2016,7060
straight_and_level,823,unable_to_determine,no_controls,0,5,sideswipe_same_direction,1,17,0,0,2,0,0,0,2,41.776188472,daylight,-87.702925733,9,no_indication_of_injury,2,30,no_defects,dry,S KEDZIE AVE,no_controls,not_divided,clear,0,2016,14597
straight_and_level,1211,improper_backing,functioning_properly,0,5,rear_end,1,21,0,0,6,0,0,0,4,41.899277006,unknown,-87.70261578,9,no_indication_of_injury,2,30,unknown,unknown,N HUMBOLDT DR,traffic_signal,not_divided,clear,0,2016,7686
straight_and_level,1814,following_too_closely,functioning_properly,0,4,rear_end,0,7,0,0,1,0,2,1,2,41.919407346,daylight,-87.636897269,9,"reported,_not_evident",2,0,no_defects,dry,N CLARK ST,traffic_signal,not_divided,clear,0,2016,54
straight_and_level,1433,unable_to_determine,functioning_properly,0,4,turning,1,12,0,0,2,0,0,0,2,41.910555116,daylight,-87.665178359,9,no_indication_of_injury,2,30,unknown,dry,W NORTH AVE,traffic_signal,divided_-_w/median_(not_raised),clear,0,2016,20213
straight_and_level,2513,following_too_closely,functioning_properly,0,0,rear_end,0,20,0,0,2,0,0,0,2,41.909362791,daylight,-87.775643661,9,no_indication_of_injury,2,30,no_defects,dry,W NORTH AVE,traffic_signal,not_divided,clear,0,2016,18828
straight_and_level,1014,unable_to_determine,functioning_properly,0,1,angle,1,15,0,0,3,0,0,0,4,41.852106729,daylight,-87.722398725,9,no_indication_of_injury,2,30,unknown,dry,W OGDEN AVE,traffic_signal,divided_-_w/median_barrier,clear,0,2016,7214
straight_and_level,1935,improper_overtaking/passing,functioning_properly,0,6,turning,0,7,0,0,2,0,0,0,2,41.926207858,daylight,-87.631529707,9,no_indication_of_injury,2,30,no_defects,dry,N LAKE SHORE DR SB,traffic_signal,not_divided,clear,0,2016,12075
straight_and_level,1011,unable_to_determine,unknown,0,6,parked_motor_vehicle,1,8,0,0,1,0,0,0,2,41.865263358,dawn,-87.734794903,9,no_indication_of_injury,2,20,no_defects,dry,S KOSTNER AVE,unknown,not_divided,clear,0,2016,11134
straight_and_level,1622,unable_to_determine,unknown,0,4,parked_motor_vehicle,0,15,0,0,1,0,0,0,2,41.971056857,unknown,-87.769837713,9,no_indication_of_injury,2,30,unknown,unknown,W HIGGINS AVE,unknown,unknown,unknown,0,2016,22723
straight_and_level,1122,unable_to_determine,no_controls,0,3,turning,0,11,0,0,3,0,0,0,2,41.880643907,daylight,-87.723516379,9,no_indication_of_injury,2,30,no_defects,wet,W MADISON ST,no_controls,not_divided,cloudy/overcast,0,2016,1888
straight_and_level,1722,failing_to_yield_right-of-way,no_controls,0,2,turning,0,15,0,0,2,0,0,0,2,41.966533555,daylight,-87.738059774,9,no_indication_of_injury,2,30,no_defects,dry,N ELSTON AVE,no_controls,not_divided,clear,0,2016,16421
straight_and_level,632,unable_to_determine,no_controls,0,6,sideswipe_same_direction,0,11,0,0,2,0,0,0,2,41.736547605,daylight,-87.60421204,9,no_indication_of_injury,2,30,no_defects,dry,E 87TH ST,no_controls,not_divided,clear,0,2016,23817
straight_and_level,1213,failing_to_yield_right-of-way,unknown,0,0,pedalcyclist,0,18,0,0,1,1,0,1,4,41.903317345,daylight,-87.661851201,9,nonincapacitating_injury,2,30,unknown,dry,W DIVISION ST,traffic_signal,divided_-_w/median_(not_raised),clear,0,2016,129992
straight_and_level,2432,failing_to_yield_right-of-way,functioning_properly,0,0,turning,0,12,0,0,1,0,1,0,2,42.003584974,daylight,-87.672351932,9,"reported,_not_evident",2,30,no_defects,dry,N CLARK ST,traffic_signal,not_divided,clear,0,2016,4019
straight_and_level,815,unable_to_determine,unknown,0,1,rear_end,0,7,0,0,2,0,0,0,2,41.793226012,daylight,-87.733024083,9,no_indication_of_injury,2,30,unknown,dry,W 55TH ST,unknown,not_divided,clear,0,2016,22987
straight_and_level,1235,improper_overtaking/passing,functioning_properly,0,6,parked_motor_vehicle,0,23,0,0,1,0,0,0,2,41.856842306,"darkness,_lighted_road",-87.646627628,9,no_indication_of_injury,2,25,no_defects,dry,W 19TH ST,stop_sign/flasher,not_divided,clear,0,2016,7746
straight_and_level,1512,unable_to_determine,functioning_properly,0,4,turning,0,17,0,0,2,0,0,1,2,41.887109173,daylight,-87.765187156,9,no_indication_of_injury,2,30,no_defects,dry,W CORCORAN PL,traffic_signal,divided_-_w/median_(not_raised),clear,0,2016,16341
straight_and_level,222,following_too_closely,functioning_properly,0,6,rear_end,0,18,0,0,3,0,0,0,2,41.80252148,daylight,-87.596855303,9,no_indication_of_injury,2,30,no_defects,dry,S WOODLAWN AVE,traffic_signal,not_divided,clear,0,2016,13826
straight_and_level,824,failing_to_reduce_speed_to_avoid_crash,no_controls,0,4,rear_end,1,23,0,0,2,0,0,0,2,41.786313611,"darkness,_lighted_road",-87.693739185,9,no_indication_of_injury,2,30,unknown,wet,S CALIFORNIA AVE,no_controls,not_divided,rain,0,2016,10507
straight_and_level,312,failing_to_reduce_speed_to_avoid_crash,no_controls,0,6,rear_end,1,17,0,0,4,0,1,0,1,41.780135047,daylight,-87.615306603,9,"reported,_not_evident",4,30,no_defects,dry,E 63RD ST,no_controls,not_divided,clear,0,2016,4444
straight_and_level,1234,following_too_closely,functioning_properly,0,4,rear_end,0,17,0,0,5,0,0,0,2,41.857675051,daylight,-87.671242242,9,no_indication_of_injury,2,30,no_defects,dry,S WOOD ST,stop_sign/flasher,divided_-_w/median_(not_raised),clear,0,2016,5309
straight_and_level,1834,failing_to_yield_right-of-way,no_controls,0,3,turning,0,19,0,0,3,0,0,0,2,41.889265416,dusk,-87.627867658,9,no_indication_of_injury,2,30,no_defects,wet,N STATE ST,no_controls,not_divided,clear,0,2016,21417
straight_and_level,133,improper_backing,functioning_properly,0,1,rear_end,0,17,0,0,2,0,0,0,2,41.84743015,daylight,-87.623853436,9,no_indication_of_injury,2,30,unknown,unknown,S MICHIGAN AVE,stop_sign/flasher,unknown,unknown,0,2016,18478
straight_and_level,834,failing_to_yield_right-of-way,functioning_properly,0,0,turning,0,16,0,0,2,0,0,1,4,41.749065056,daylight,-87.741203904,9,no_indication_of_injury,2,30,unknown,wet,S CICERO AVE,traffic_signal,divided_-_w/median_(not_raised),clear,0,2016,17094
straight_and_level,632,not_applicable,unknown,0,3,sideswipe_same_direction,0,20,0,0,2,0,0,1,2,41.743873821,unknown,-87.605176161,9,no_indication_of_injury,2,30,unknown,unknown,S COTTAGE GROVE AVE,unknown,not_divided,unknown,0,2016,10137
straight_and_level,634,unable_to_determine,functioning_properly,0,6,sideswipe_same_direction,1,7,0,0,2,0,0,0,4,41.736154381,daylight,-87.627240335,9,no_indication_of_injury,2,30,no_defects,dry,W 87TH ST,traffic_signal,not_divided,clear,0,2016,23491
straight_and_level,1724,following_too_closely,functioning_properly,0,2,rear_end,1,20,0,0,2,0,0,0,1,41.957653147,"darkness,_lighted_road",-87.705837486,9,no_indication_of_injury,2,30,no_defects,dry,N ALBANY AVE,traffic_signal,one-way,clear,0,2016,22351
straight_and_level,1824,unable_to_determine,no_controls,0,3,parked_motor_vehicle,0,13,0,0,1,0,0,0,1,41.90474615,daylight,-87.628625168,9,no_indication_of_injury,2,30,no_defects,dry,E SCOTT ST,no_controls,one-way,clear,0,2016,5591
straight_and_level,632,failing_to_yield_right-of-way,functioning_properly,0,1,sideswipe_same_direction,0,9,0,0,2,0,0,1,2,41.73626769,daylight,-87.622518648,9,no_indication_of_injury,2,30,no_defects,dry,E 87TH ST,stop_sign/flasher,divided_-_w/median_(not_raised),clear,0,2016,9690
straight_and_level,1631,failing_to_reduce_speed_to_avoid_crash,functioning_properly,0,1,rear_end,0,6,0,0,2,0,0,0,2,41.950308333,dawn,-87.836775943,9,no_indication_of_injury,2,30,no_defects,dry,N CUMBERLAND AVE,traffic_signal,one-way,clear,0,2016,6660
straight_and_level,1824,unable_to_determine,no_controls,0,5,rear_end,1,2,0,0,2,0,0,0,3,41.904022359,darkness,-87.625160424,9,no_indication_of_injury,2,35,no_defects,dry,N LAKE SHORE DR,no_controls,divided_-_w/median_barrier,clear,0,2016,12253
straight_and_level,1834,unable_to_determine,functioning_properly,0,5,sideswipe_same_direction,1,23,0,0,4,0,0,0,4,41.893608739,"darkness,_lighted_road",-87.614578293,9,no_indication_of_injury,2,40,no_defects,wet,N LAKE SHORE DR NB,traffic_signal,divided_-_w/median_barrier,rain,0,2016,896
straight_and_level,1914,improper_backing,no_controls,0,3,parked_motor_vehicle,0,17,0,0,1,0,0,0,1,41.967699063,daylight,-87.65495069,9,no_indication_of_injury,2,20,no_defects,dry,N SHERIDAN RD,no_controls,parking_lot,clear,0,2016,12696
straight_and_level,924,unable_to_determine,no_controls,0,5,parked_motor_vehicle,0,10,0,0,1,0,0,0,0,41.810346127,daylight,-87.665165586,9,no_indication_of_injury,2,30,no_defects,dry,S ASHLAND AVE,no_controls,parking_lot,clear,0,2016,16797
straight_and_level,2433,improper_backing,no_controls,0,0,rear_end,0,1,0,0,2,0,0,0,1,41.995417403,darkness,-87.658232627,9,no_indication_of_injury,2,30,no_defects,dry,N WINTHROP AVE,no_controls,one-way,clear,0,2016,101
straight_and_level,1621,failing_to_yield_right-of-way,no_controls,0,5,sideswipe_same_direction,0,16,0,0,2,0,0,0,2,41.9972179,daylight,-87.763859479,9,no_indication_of_injury,2,30,no_defects,dry,W DEVON AVE,no_controls,not_divided,clear,0,2016,10617
straight_and_level,1911,unable_to_determine,no_controls,0,1,sideswipe_same_direction,0,15,0,0,2,0,0,0,2,41.963808171,daylight,-87.685568795,9,no_indication_of_injury,2,30,no_defects,dry,N LINCOLN AVE,no_controls,divided_-_w/median_(not_raised),clear,0,2016,20847
straight_and_level,911,improper_lane_usage,no_controls,0,5,sideswipe_same_direction,0,6,0,0,2,0,0,0,2,41.825568639,daylight,-87.694543832,9,no_indication_of_injury,2,25,no_defects,dry,S CALIFORNIA AVE,no_controls,divided_-_w/median_(not_raised),clear,0,2016,16096
straight_and_level,1822,distraction_-_from_inside_vehicle,functioning_properly,0,2,rear_end,0,8,0,0,2,0,0,0,2,41.899514083,daylight,-87.648044304,9,no_indication_of_injury,2,30,no_defects,dry,N HALSTED ST,traffic_signal,not_divided,clear,0,2016,10791
straight_and_level,211,failing_to_yield_right-of-way,functioning_properly,0,3,rear_end,0,17,0,0,2,0,0,1,2,41.831211717,daylight,-87.61729498,9,no_indication_of_injury,2,30,no_defects,dry,E 35TH ST,traffic_signal,not_divided,clear,0,2016,24625
straight_and_level,815,following_too_closely,functioning_properly,0,2,rear_end,0,9,0,0,2,0,0,0,4,41.807773406,daylight,-87.723646197,9,no_indication_of_injury,2,30,no_defects,dry,W 47TH ST,traffic_signal,not_divided,clear,0,2016,6058