alignment,beat,contributory_cause,device_condition,dooring,dow,first_crash_type,hit_and_run,hour,injuries_fatal,injuries_incapacitating,injuries_no_indication,injuries_non_incapacitating,injuries_reported_not_evident,intersection_related,lane_count,latitude,lighting_condition,longitude,month,most_severe_injury,num_units,posted_speed_limit,road_defect,roadway_surface_cond,street,traffic_control_device,trafficway_type,weather_condition,work_zone,year,i
straight_and_level,114,following_too_closely,functioning_properly,0,4,rear_end,1,9,0,0,1,0,1,0,6,41.867773323,daylight,-87.618906648,9,"reported,_not_evident",2,45,no_defects,dry,S LAKE SHORE DR W,traffic_signal,divided_-_w/median_barrier,clear,0,2016,1972
straight_and_level,1613,driving_skills/knowledge/experience,no_controls,0,1,parked_motor_vehicle,1,22,0,0,1,0,0,0,1,41.970549215,"darkness,_lighted_road",-87.795390866,9,no_indication_of_injury,2,30,no_defects,dry,N RUTHERFORD AVE,no_controls,not_divided,clear,0,2016,7519
straight_and_level,2532,following_too_closely,functioning_properly,0,6,rear_end,0,18,0,0,4,0,0,0,4,41.909280309,daylight,-87.764631543,9,no_indication_of_injury,2,35,no_defects,dry,W NORTH AVE,traffic_signal,not_divided,clear,0,2016,4526
straight_and_level,712,unable_to_determine,functioning_properly,0,3,rear_end,0,8,0,0,0,0,3,1,2,41.786845739,daylight,-87.649886246,9,"reported,_not_evident",2,30,no_defects,dry,W 59TH ST,traffic_signal,not_divided,cloudy/overcast,0,2016,14078
straight_and_level,812,driving_skills/knowledge/experience,functioning_properly,0,1,rear_end,0,17,0,0,2,0,0,0,2,41.776193292,daylight,-87.761797966,9,no_indication_of_injury,2,30,unknown,dry,S CENTRAL AVE,traffic_signal,not_divided,clear,0,2016,23324
straight_and_level,632,driving_skills/knowledge/experience,no_controls,0,2,rear_end,0,15,0,0,3,0,0,1,2,41.73664085,daylight,-87.612602874,9,no_indication_of_injury,3,30,no_defects,dry,E 87TH ST,no_controls,not_divided,clear,0,2016,12783
straight_and_level,1423,unable_to_determine,no_controls,0,2,parked_motor_vehicle,0,10,0,0,1,0,0,0,4,41.903028505,daylight,-87.697695235,9,no_indication_of_injury,2,30,no_defects,dry,W DIVISION ST,no_controls,divided_-_w/median_(not_raised),clear,0,2016,272
straight_and_level,631,unable_to_determine,no_controls,0,1,angle,0,7,0,0,2,0,0,0,4,41.743901319,daylight,-87.615963145,9,no_indication_of_injury,2,30,no_defects,dry,E 83RD ST,no_controls,divided_-_w/median_(not_raised),clear,0,2016,14004
straight_and_level,733,not_applicable,no_controls,0,0,pedestrian,1,15,0,0,1,1,0,0,2,41.765034873,daylight,-87.649411385,9,nonincapacitating_injury,2,35,no_defects,dry,S MORGAN ST,no_controls,not_divided,clear,0,2016,3683
straight_and_level,213,following_too_closely,functioning_properly,0,4,rear_end,0,7,0,0,3,0,0,0,4,41.830675031,daylight,-87.626338713,9,no_indication_of_injury,2,30,no_defects,dry,S STATE ST,traffic_signal,not_divided,clear,0,2016,690
straight_and_level,725,unable_to_determine,functioning_properly,0,3,parked_motor_vehicle,1,14,0,0,1,0,0,0,2,41.775365825,daylight,-87.662730719,9,no_indication_of_injury,2,30,no_defects,dry,S JUSTINE ST,stop_sign/flasher,not_divided,clear,0,2016,10645
straight_and_level,312,driving_skills/knowledge/experience,no_controls,0,0,angle,0,18,0,0,4,0,0,0,2,41.774738328,"darkness,_lighted_road",-87.613240463,9,no_indication_of_injury,2,30,no_defects,wet,S MARQUETTE RD,no_controls,not_divided,clear,0,2016,18604
straight_and_level,712,following_too_closely,no_controls,0,0,rear_end,0,11,0,0,2,0,0,0,2,41.779859679,daylight,-87.644852782,9,no_indication_of_injury,2,30,no_defects,dry,W 63RD ST,no_controls,not_divided,clear,0,2016,17996
straight_and_level,1833,unable_to_determine,no_controls,0,1,parked_motor_vehicle,0,18,0,0,1,0,0,0,2,41.897691006,daylight,-87.625886836,9,no_indication_of_injury,2,30,no_defects,dry,N RUSH ST,no_controls,not_divided,clear,0,2016,8218
straight_and_level,834,unable_to_determine,no_controls,0,0,parked_motor_vehicle,1,10,0,0,1,0,0,0,0,41.73527409,daylight,-87.703511284,9,no_indication_of_injury,2,30,no_defects,dry,W 87TH ST,no_controls,parking_lot,clear,0,2016,13870
straight_and_level,2011,following_too_closely,functioning_properly,0,3,rear_end,0,7,0,0,3,0,0,0,4,41.990436868,daylight,-87.707227344,9,no_indication_of_injury,3,30,no_defects,dry,N LINCOLN AVE,stop_sign/flasher,not_divided,clear,0,2016,2494
straight_and_level,1022,improper_overtaking/passing,no_controls,0,5,sideswipe_same_direction,1,14,0,0,3,0,0,0,2,41.865955278,daylight,-87.700921407,9,no_indication_of_injury,2,30,no_defects,dry,S SACRAMENTO DR,no_controls,not_divided,clear,0,2016,6828
straight_and_level,2222,unable_to_determine,unknown,0,5,parked_motor_vehicle,1,13,0,0,1,0,0,0,1,41.735049407,daylight,-87.659541893,9,no_indication_of_injury,2,30,no_defects,dry,S BISHOP ST,unknown,one-way,clear,0,2016,18922
straight_and_level,1935,unable_to_determine,no_controls,0,2,parked_motor_vehicle,0,13,0,0,3,0,0,0,2,41.928271347,daylight,-87.641916572,9,no_indication_of_injury,2,30,no_defects,dry,N CLARK ST,no_controls,not_divided,clear,0,2016,14340
straight_and_level,915,unable_to_determine,no_controls,0,6,sideswipe_same_direction,0,15,0,0,2,0,0,0,1,41.837970328,daylight,-87.644917468,9,no_indication_of_injury,2,30,no_defects,dry,S EMERALD AVE,no_controls,one-way,clear,0,2016,21543
straight_and_level,1225,following_too_closely,functioning_properly,0,4,rear_end,0,14,0,0,2,0,0,1,0,41.878472629,daylight,-87.669857117,9,no_indication_of_injury,2,30,no_defects,dry,W OGDEN AVE,traffic_signal,other,clear,0,2016,7390
straight_and_level,424,improper_backing,functioning_properly,0,0,rear_end,0,13,0,0,2,0,0,0,2,41.730198538,daylight,-87.550206478,9,no_indication_of_injury,2,30,no_defects,dry,E 91ST ST,traffic_signal,not_divided,clear,0,2016,19741
straight_and_level,1124,failing_to_yield_right-of-way,no_controls,0,1,parked_motor_vehicle,0,15,0,0,1,0,0,0,2,41.877860141,daylight,-87.698775432,9,no_indication_of_injury,2,30,no_defects,dry,S FRANCISCO AVE,no_controls,divided_-_w/median_(not_raised),clear,0,2016,23976
straight_and_level,1213,unable_to_determine,no_controls,0,4,parked_motor_vehicle,0,16,0,0,1,0,0,1,2,41.899875317,daylight,-87.663835401,9,no_indication_of_injury,2,30,no_defects,dry,W AUGUSTA BLVD,no_controls,not_divided,clear,0,2016,6705
straight_and_level,813,unable_to_determine,functioning_properly,0,4,turning,0,22,0,0,4,0,0,1,1,41.785919716,darkness,-87.735256111,9,no_indication_of_injury,3,30,no_defects,dry,W 59TH ST,stop_sign/flasher,one-way,clear,0,2016,7319
straight_and_level,1933,following_too_closely,functioning_properly,0,0,rear_end,0,4,0,0,2,0,0,1,2,41.939852081,"darkness,_lighted_road",-87.650653329,9,no_indication_of_injury,2,30,no_defects,dry,W BELMONT AVE,traffic_signal,not_divided,clear,0,2016,13218
straight_and_level,1623,improper_lane_usage,no_controls,0,3,sideswipe_same_direction,0,10,0,0,2,0,0,0,4,41.960746507,daylight,-87.753855265,9,no_indication_of_injury,2,30,no_defects,dry,W MONTROSE AVE,no_controls,not_divided,clear,0,2016,16521
straight_and_level,724,following_too_closely,no_controls,0,3,rear_end,0,17,0,0,2,0,2,0,2,41.77321292,daylight,-87.654475803,9,"reported,_not_evident",2,30,no_defects,dry,S RACINE AVE,no_controls,not_divided,clear,0,2016,8115
straight_and_level,1215,improper_backing,no_controls,0,5,parked_motor_vehicle,1,6,0,0,1,0,0,0,1,41.894994013,"darkness,_lighted_road",-87.67049697,9,no_indication_of_injury,2,30,no_defects,wet,W SUPERIOR ST,no_controls,one-way,rain,0,2016,11935
straight_and_level,114,improper_backing,functioning_properly,0,4,sideswipe_same_direction,0,12,0,0,5,0,0,0,4,41.880527822,daylight,-87.624209466,9,no_indication_of_injury,2,30,no_defects,dry,S MICHIGAN AVE,traffic_signal,divided_-_w/median_(not_raised),clear,0,2016,7959
straight_and_level,1432,improper_lane_usage,functioning_properly,0,3,sideswipe_same_direction,0,19,0,0,3,0,0,1,5,41.954379326,"darkness,_lighted_road",-87.66919912,9,no_indication_of_injury,2,30,no_defects,dry,N ASHLAND AVE,traffic_signal,center_turn_lane,clear,0,2016,15723
straight_and_level,1123,failing_to_yield_right-of-way,no_controls,0,1,sideswipe_same_direction,1,8,0,0,2,0,0,0,2,41.884469095,daylight,-87.706369639,9,no_indication_of_injury,2,30,no_defects,dry,N KEDZIE AVE,no_controls,not_divided,clear,0,2016,7095
straight_and_level,122,improper_backing,no_controls,0,5,rear_end,0,8,0,0,2,0,0,0,2,41.878004315,daylight,-87.634187933,9,no_indication_of_injury,2,25,no_defects,dry,W JACKSON BLVD,no_controls,not_divided,clear,0,2016,23177
straight_and_level,834,unable_to_determine,no_controls,0,2,angle,0,11,0,0,2,0,0,0,1,41.740351882,daylight,-87.727826695,9,no_indication_of_injury,2,35,no_defects,dry,W 84TH ST,no_controls,divided_-_w/median_(not_raised),clear,0,2016,18291
straight_and_level,1522,unable_to_determine,functioning_properly,0,6,sideswipe_same_direction,1,14,0,0,3,0,0,1,4,41.88225714,daylight,-87.755287378,9,no_indication_of_injury,2,35,unknown,unknown,W WASHINGTON BLVD,traffic_signal,divided_-_w/median_(not_raised),clear,0,2016,12180
straight_and_level,1731,unable_to_determine,unknown,0,2,parked_motor_vehicle,1,10,0,0,1,0,0,0,1,41.940568207,unknown,-87.732221277,9,no_indication_of_injury,2,15,unknown,dry,N KEELER AVE,no_controls,one-way,clear,0,2016,22428
straight_and_level,1822,improper_turning/no_signal,functioning_properly,0,3,turning,0,21,0,0,2,0,0,1,4,41.903495034,"darkness,_lighted_road",-87.65091175,9,no_indication_of_injury,2,30,no_defects,wet,W DIVISION ST,lane_use_marking,divided_-_w/median_(not_raised),rain,0,2016,8839
straight_and_level,1612,failing_to_reduce_speed_to_avoid_crash,no_controls,0,0,rear_end,1,0,0,0,2,0,0,0,2,41.987752005,"darkness,_lighted_road",-87.81696308,9,no_indication_of_injury,2,30,no_defects,dry,N ORIOLE AVE,no_controls,not_divided,clear,0,2016,12172
straight_and_level,2523,unable_to_determine,no_controls,0,4,parked_motor_vehicle,1,20,0,0,1,0,0,0,2,41.931956104,"darkness,_lighted_road",-87.722653296,9,no_indication_of_injury,2,30,worn_surface,wet,W DIVERSEY AVE,no_controls,divided_-_w/median_(not_raised),rain,0,2016,43782
straight_and_level,1513,unable_to_determine,functioning_properly,0,3,rear_end,1,13,0,0,3,0,0,0,2,41.880575388,daylight,-87.765015154,9,no_indication_of_injury,2,30,no_defects,dry,N CENTRAL AVE,traffic_signal,not_divided,clear,0,2016,8199
straight_and_level,1533,unable_to_determine,functioning_properly,0,6,sideswipe_same_direction,0,8,0,0,2,0,0,0,2,41.876760655,daylight,-87.745291666,9,no_indication_of_injury,2,30,no_defects,dry,S CICERO AVE,no_controls,not_divided,clear,0,2016,875
straight_and_level,1723,unable_to_determine,no_controls,0,1,parked_motor_vehicle,1,12,0,0,1,0,0,0,0,41.968254681,daylight,-87.716969191,9,no_indication_of_injury,2,30,no_defects,dry,W LAWRENCE AVE,no_controls,parking_lot,clear,0,2016,6138
straight_and_level,113,not_applicable,functioning_properly,0,4,sideswipe_same_direction,0,14,0,0,2,0,0,0,2,41.87694977,daylight,-87.634103695,9,no_indication_of_injury,2,35,no_defects,dry,W VAN BUREN ST,traffic_signal,one-way,clear,0,2016,17109
straight_and_level,1434,following_too_closely,no_controls,0,6,rear_end,1,15,0,0,2,0,0,0,2,41.910429862,daylight,-87.687284221,9,no_indication_of_injury,2,30,no_defects,dry,W NORTH AVE,no_controls,not_divided,clear,0,2016,15229
straight_and_level,915,unable_to_determine,no_controls,0,0,sideswipe_same_direction,1,13,0,0,5,0,0,0,4,41.831049012,daylight,-87.631490322,9,no_indication_of_injury,2,30,no_defects,dry,W 35TH ST,no_controls,divided_-_w/median_barrier,clear,0,2016,573
straight_and_level,1634,following_too_closely,no_controls,0,3,parked_motor_vehicle,0,10,0,0,1,0,0,0,2,41.938872266,daylight,-87.751914887,9,no_indication_of_injury,2,30,no_defects,dry,W BELMONT AVE,no_controls,divided_-_w/median_(not_raised),clear,0,2016,20017
straight_and_level,1814,improper_lane_usage,functioning_properly,0,2,rear_end,0,8,0,0,2,0,0,0,4,41.911271144,daylight,-87.63476048,9,no_indication_of_injury,2,0,no_defects,dry,W NORTH AVE,traffic_signal,divided_-_w/median_(not_raised),clear,0,2016,17803
straight_and_level,413,improper_backing,no_controls,0,6,parked_motor_vehicle,1,22,0,0,1,0,0,0,2,41.733187966,"darkness,_lighted_road",-87.585712698,9,no_indication_of_injury,2,30,no_defects,dry,S STONY ISLAND AVE,no_controls,divided_-_w/median_(not_raised),clear,0,2016,20728
straight_and_level,1222,improper_turning/no_signal,functioning_properly,0,3,fixed_object,0,11,0,0,1,0,0,1,2,41.886592743,daylight,-87.701238425,9,no_indication_of_injury,1,30,no_defects,wet,W FULTON ST,traffic_signal,divided_-_w/median_(not_raised),clear,1,2016,5827
straight_and_level,1921,unable_to_determine,functioning_properly,0,4,pedestrian,0,6,0,0,2,0,0,0,2,41.939404859,dawn,-87.683077146,9,no_indication_of_injury,2,0,no_defects,dry,W BELMONT AVE,traffic_signal,divided_-_w/median_(not_raised),clear,0,2016,19286
straight_and_level,922,unable_to_determine,no_controls,0,4,rear_end,0,16,0,0,2,0,0,0,0,41.812835331,daylight,-87.684408191,9,no_indication_of_injury,2,30,no_defects,dry,S WESTERN AVE,no_controls,parking_lot,clear,0,2016,10508
straight_and_level,2234,unable_to_determine,no_controls,0,3,angle,0,16,0,0,3,0,0,0,1,41.682898539,daylight,-87.66278913,9,no_indication_of_injury,2,30,no_defects,dry,S MARSHFIELD AVE,no_controls,parking_lot,clear,0,2016,8295
straight_and_level,2422,following_too_closely,functioning_properly,0,6,rear_end,0,13,0,0,2,0,0,1,4,42.020718456,daylight,-87.666321306,9,no_indication_of_injury,2,25,no_defects,dry,N SHERIDAN RD,traffic_signal,divided_-_w/median_(not_raised),clear,0,2016,5015
straight_and_level,1213,unable_to_determine,no_controls,0,1,sideswipe_same_direction,1,10,0,0,3,0,0,0,2,41.899808865,daylight,-87.667875316,9,no_indication_of_injury,2,30,no_defects,dry,W AUGUSTA BLVD,no_controls,not_divided,clear,0,2016,19221
straight_and_level,1821,"operating_vehicle_in_erratic,_reckless,_careless,_negligent_or_aggressive_manner",no_controls,0,4,angle,0,11,0,0,2,0,0,0,2,41.907678113,daylight,-87.632342054,9,no_indication_of_injury,2,0,no_defects,wet,N SANDBURG TER,no_controls,not_divided,rain,0,2016,7851
straight_and_level,822,unable_to_determine,no_controls,0,0,parked_motor_vehicle,1,15,0,0,1,0,0,0,0,41.798509948,daylight,-87.723165423,9,no_indication_of_injury,2,15,no_defects,dry,S PULASKI RD,no_controls,parking_lot,clear,0,2016,513
straight_and_level,1234,unable_to_determine,unknown,0,6,parked_motor_vehicle,1,8,0,0,1,0,0,0,2,41.855708449,daylight,-87.67705344,9,no_indication_of_injury,2,20,unknown,dry,W 19TH ST,unknown,not_divided,cloudy/overcast,0,2016,18543
straight_and_level,2532,unable_to_determine,no_controls,0,1,parked_motor_vehicle,0,21,0,0,1,0,0,0,4,41.909482946,"darkness,_lighted_road",-87.764366496,9,no_indication_of_injury,2,30,unknown,dry,N LUNA AVE,no_controls,not_divided,clear,0,2016,22676
straight_and_level,531,driving_skills/knowledge/experience,no_controls,0,4,parked_motor_vehicle,0,13,0,0,1,0,0,0,1,41.68789058,daylight,-87.618279457,9,no_indication_of_injury,2,30,no_defects,wet,S INDIANA AVE,no_controls,one-way,rain,0,2016,13926
straight_and_level,225,following_too_closely,functioning_properly,0,1,rear_end,0,23,0,0,2,0,0,0,3,41.794295488,"darkness,_lighted_road",-87.622602991,9,no_indication_of_injury,2,30,no_defects,dry,S MICHIGAN AVE,traffic_signal,one-way,clear,0,2016,5032
straight_and_level,1713,unable_to_determine,functioning_properly,0,2,rear_end,0,9,0,0,2,0,0,0,2,41.97562129,daylight,-87.710032331,9,no_indication_of_injury,2,30,no_defects,dry,W FOSTER AVE,stop_sign/flasher,not_divided,clear,0,2016,1530
straight_and_level,123,improper_lane_usage,functioning_properly,0,4,sideswipe_same_direction,0,18,0,0,2,0,0,0,1,41.872104693,dusk,-87.630770544,9,no_indication_of_injury,2,30,no_defects,dry,W POLK ST,traffic_signal,not_divided,clear,0,2016,24205
straight_and_level,1412,improper_overtaking/passing,functioning_properly,0,6,angle,0,15,0,0,2,0,0,1,0,41.937572107,daylight,-87.712458924,9,no_indication_of_injury,2,30,no_defects,dry,W BARRY AVE,stop_sign/flasher,divided_-_w/median_(not_raised),clear,0,2016,21243
straight_and_level,2515,failing_to_yield_right-of-way,no_controls,0,4,turning,0,17,0,0,3,0,0,0,4,41.918168274,daylight,-87.761994503,9,no_indication_of_injury,2,30,no_defects,dry,W GRAND AVE,no_controls,not_divided,clear,0,2016,3901
straight_and_level,2521,following_too_closely,no_controls,0,6,rear_end,0,8,0,0,2,0,0,0,2,41.929761102,daylight,-87.746667931,9,no_indication_of_injury,2,30,other,dry,N CICERO AVE,no_controls,divided_-_w/median_(not_raised),cloudy/overcast,0,2016,23698
straight_and_level,235,unable_to_determine,functioning_properly,0,1,rear_end,0,7,0,0,3,0,0,0,2,41.787778534,daylight,-87.596224934,9,no_indication_of_injury,2,30,no_defects,dry,S WOODLAWN AVE,stop_sign/flasher,not_divided,clear,0,2016,22117
straight_and_level,2013,improper_overtaking/passing,no_controls,0,3,sideswipe_same_direction,1,20,0,0,2,0,0,0,2,41.978154446,"darkness,_lighted_road",-87.666577544,9,no_indication_of_injury,2,30,unknown,dry,W BERWYN AVE,no_controls,not_divided,clear,0,2016,6540
straight_and_level,1524,improper_backing,no_controls,0,2,parked_motor_vehicle,0,20,0,0,1,0,0,0,2,41.90024992,darkness,-87.761503689,9,no_indication_of_injury,2,30,no_defects,dry,W THOMAS ST,no_controls,not_divided,clear,0,2016,18420
straight_and_level,1231,road_engineering/surface/marking_defects,functioning_properly,0,3,other_object,0,15,0,0,1,0,0,0,2,41.874358278,daylight,-87.658950303,9,no_indication_of_injury,1,30,"rut,_holes",dry,W HARRISON ST,traffic_signal,not_divided,clear,1,2016,17247
straight_and_level,815,unable_to_determine,no_controls,0,2,rear_end,0,12,0,0,2,0,0,0,4,41.815101021,daylight,-87.724005233,9,no_indication_of_injury,2,25,no_defects,dry,S PULASKI RD,no_controls,divided_-_w/median_(not_raised),clear,0,2016,9520
straight_and_level,234,following_too_closely,no_controls,0,5,rear_end,0,16,0,0,2,0,0,0,6,41.799569399,daylight,-87.58154906,9,no_indication_of_injury,2,35,no_defects,dry,S LAKE SHORE DR SB,no_controls,divided_-_w/median_barrier,clear,0,2016,5119
straight_and_level,711,improper_lane_usage,no_controls,0,2,sideswipe_opposite_direction,0,22,0,0,2,0,0,0,1,41.787107804,"darkness,_lighted_road",-87.63387534,9,no_indication_of_injury,2,30,no_defects,dry,W 59TH ST,no_controls,not_divided,clear,0,2016,18042
straight_and_level,222,unable_to_determine,no_controls,0,2,parked_motor_vehicle,1,11,0,0,1,0,0,0,2,41.809678206,daylight,-87.603619003,9,no_indication_of_injury,2,30,no_defects,dry,E 47TH ST,no_controls,not_divided,clear,0,2016,8160
straight_and_level,1523,unable_to_determine,no_controls,0,3,rear_end,0,14,0,0,4,0,0,0,1,41.883035638,daylight,-87.757461095,10,no_indication_of_injury,2,30,no_defects,wet,N LOCKWOOD AVE,no_controls,not_divided,rain,0,2016,55686
straight_and_level,2413,failing_to_yield_right-of-way,no_controls,0,0,turning,1,23,0,0,2,0,0,1,0,41.994345003,"darkness,_lighted_road",-87.67867388,10,no_indication_of_injury,2,30,no_defects,dry,N WINCHESTER AVE,no_controls,not_divided,clear,0,2016,6491
straight_and_level,822,unable_to_determine,unknown,0,5,angle,1,8,0,0,2,0,0,0,1,41.79378888,daylight,-87.716899144,10,no_indication_of_injury,2,30,unknown,dry,S RIDGEWAY AVE,unknown,one-way,clear,0,2016,46911
straight_and_level,814,unable_to_determine,no_controls,0,3,angle,0,11,0,0,2,0,0,0,2,41.809352367,daylight,-87.74334102,10,no_indication_of_injury,2,30,no_defects,dry,S CICERO AVE,no_controls,not_divided,clear,0,2016,54474
straight_and_level,222,unable_to_determine,functioning_properly,0,2,turning,0,11,0,0,2,0,0,1,2,41.816865148,daylight,-87.598688844,10,no_indication_of_injury,2,30,no_defects,dry,S LAKE PARK AVE,stop_sign/flasher,one-way,clear,0,2016,31133
straight_and_level,123,following_too_closely,functioning_properly,0,1,rear_end,1,14,0,0,2,0,0,0,3,41.867502382,daylight,-87.62427526,10,no_indication_of_injury,2,30,no_defects,dry,S MICHIGAN AVE,traffic_signal,not_divided,clear,0,2016,28405
straight_and_level,1135,improper_turning/no_signal,functioning_properly,0,2,sideswipe_same_direction,1,18,0,0,2,0,0,0,2,41.87292456,darkness,-87.696220533,10,no_indication_of_injury,2,30,no_defects,wet,S CALIFORNIA AVE,traffic_signal,divided_-_w/median_(not_raised),rain,0,2016,36118
straight_and_level,1224,unable_to_determine,other,0,5,sideswipe_same_direction,0,23,0,0,2,0,0,1,4,41.881564167,"darkness,_lighted_road",-87.666929463,10,no_indication_of_injury,2,30,no_defects,dry,W MADISON ST,police/flagman,divided_-_w/median_(not_raised),clear,0,2016,34548
straight_and_level,912,following_too_closely,no_controls,0,3,rear_end,0,17,0,0,2,0,0,0,4,41.830324306,dusk,-87.672985006,10,no_indication_of_injury,2,30,unknown,dry,S WOLCOTT AVE,no_controls,divided_-_w/median_(not_raised),clear,0,2016,32220
straight_and_level,1212,unable_to_determine,no_controls,0,6,sideswipe_same_direction,0,22,0,0,2,0,0,0,2,41.903103723,"darkness,_lighted_road",-87.67589087,10,no_indication_of_injury,2,30,no_defects,dry,W DIVISION ST,no_controls,divided_-_w/median_(not_raised),clear,0,2016,46446
straight_and_level,1732,not_applicable,no_controls,0,2,parked_motor_vehicle,0,18,0,0,1,0,0,0,2,41.941239494,unknown,-87.722208836,10,no_indication_of_injury,2,20,no_defects,unknown,N HAMLIN AVE,no_controls,other,unknown,0,2016,306
straight_and_level,321,improper_lane_usage,functioning_properly,0,6,sideswipe_same_direction,0,19,0,0,2,0,0,1,4,41.775077526,"darkness,_lighted_road",-87.586450985,10,no_indication_of_injury,2,30,no_defects,dry,S STONY ISLAND AVE,traffic_signal,divided_-_w/median_barrier,clear,0,2016,53402
straight_and_level,1231,unable_to_determine,no_controls,0,3,parked_motor_vehicle,0,14,0,0,2,0,0,0,2,41.869952023,daylight,-87.656918309,10,no_indication_of_injury,2,30,no_defects,wet,S RACINE AVE,no_controls,not_divided,rain,0,2016,27988
straight_and_level,1522,improper_backing,no_controls,0,0,parked_motor_vehicle,0,15,0,0,1,0,0,0,1,41.87735563,daylight,-87.762834347,10,no_indication_of_injury,2,20,no_defects,dry,W QUINCY ST,no_controls,one-way,clear,0,2016,44484
straight_on_grade,2013,improper_lane_usage,no_controls,0,2,sideswipe_same_direction,0,10,0,0,2,0,0,0,4,41.987287339,daylight,-87.666282153,10,no_indication_of_injury,2,35,debris_on_roadway,dry,N RIDGE AVE,no_controls,not_divided,clear,0,2016,33417
straight_and_level,1812,failing_to_yield_right-of-way,no_controls,0,5,parked_motor_vehicle,1,17,0,0,1,0,0,0,1,41.919006736,"darkness,_lighted_road",-87.652032707,10,no_indication_of_injury,2,30,no_defects,dry,N BISSELL ST,no_controls,not_divided,clear,0,2016,35855
straight_and_level,1524,following_too_closely,functioning_properly,0,0,rear_end,0,11,0,0,2,0,0,0,2,41.895010955,daylight,-87.75927339,10,no_indication_of_injury,2,30,no_defects,dry,W CHICAGO AVE,traffic_signal,not_divided,clear,0,2016,49536
straight_and_level,1912,unable_to_determine,no_controls,0,5,sideswipe_same_direction,0,8,0,0,4,0,0,0,4,41.95447295,daylight,-87.663586444,10,no_indication_of_injury,2,30,no_defects,wet,W IRVING PARK RD,no_controls,not_divided,rain,0,2016,27536
straight_and_level,2424,failing_to_yield_right-of-way,no_controls,0,5,angle,0,17,0,0,3,0,0,1,1,42.019380245,dusk,-87.681484017,10,no_indication_of_injury,2,25,no_defects,dry,N SEELEY AVE,no_controls,alley,clear,0,2016,56902
straight_and_level,112,unable_to_determine,functioning_properly,0,3,rear_end,0,17,0,0,3,0,0,0,2,41.882330181,daylight,-87.624519983,10,no_indication_of_injury,2,30,no_defects,dry,N MICHIGAN AVE,traffic_signal,divided_-_w/median_barrier,clear,0,2016,2888
straight_and_level,324,improper_turning/no_signal,functioning_properly,0,0,turning,1,12,0,0,3,0,0,0,2,41.765866916,daylight,-87.585888919,10,no_indication_of_injury,2,30,unknown,unknown,E 71ST ST,traffic_signal,divided_-_w/median_(not_raised),clear,0,2016,47669
straight_and_level,124,improper_lane_usage,no_controls,0,4,sideswipe_same_direction,0,13,0,0,3,0,0,0,2,41.870545424,unknown,-87.643916087,10,no_indication_of_injury,2,35,unknown,unknown,S DESPLAINES ST,no_controls,one-way,unknown,0,2016,35373
straight_and_level,2533,following_too_closely,no_controls,0,3,sideswipe_opposite_direction,0,12,0,0,2,0,0,0,1,41.909829712,daylight,-87.738610959,10,no_indication_of_injury,2,30,no_defects,dry,W NORTH AVE,no_controls,alley,clear,0,2016,21295
straight_and_level,1814,improper_backing,functioning_properly,0,1,turning,0,16,0,0,2,0,0,1,4,41.911257045,daylight,-87.631851672,10,no_indication_of_injury,2,30,no_defects,dry,N CLARK ST,traffic_signal,divided_-_w/median_(not_raised),clear,0,2016,34382
straight_and_level,1811,distraction_-_from_inside_vehicle,functioning_properly,0,4,rear_end,0,14,0,0,2,0,0,1,2,41.915481005,daylight,-87.656095267,10,no_indication_of_injury,2,30,no_defects,dry,N CLYBOURN AVE,traffic_signal,divided_-_w/median_(not_raised),clear,0,2016,54509
"curve,_level",1833,disregarding_road_markings,functioning_properly,0,6,turning,0,16,0,0,2,0,0,0,2,41.896828045,daylight,-87.617207703,10,no_indication_of_injury,2,40,no_defects,dry,N LAKE SHORE DR,traffic_signal,ramp,clear,0,2016,42152
straight_and_level,2513,following_too_closely,functioning_properly,0,3,rear_end,0,17,0,0,3,0,0,0,2,41.911168409,dusk,-87.77543198,10,no_indication_of_injury,2,20,unknown,wet,N AUSTIN AVE,traffic_signal,not_divided,rain,0,2016,26006
straight_and_level,1124,failing_to_reduce_speed_to_avoid_crash,functioning_properly,0,3,rear_end,0,22,0,0,5,0,0,1,4,41.880987946,darkness,-87.701353083,10,no_indication_of_injury,2,30,no_defects,wet,S SACRAMENTO BLVD,traffic_signal,divided_-_w/median_(not_raised),cloudy/overcast,0,2016,56961
straight_and_level,613,following_too_closely,functioning_properly,0,6,rear_end,0,19,0,0,4,0,0,0,4,41.736115331,dusk,-87.648351009,10,no_indication_of_injury,2,30,no_defects,dry,W 87TH ST,traffic_signal,not_divided,clear,0,2016,53732
straight_and_level,1931,unable_to_determine,functioning_properly,0,3,sideswipe_same_direction,0,8,0,0,3,0,0,0,2,41.93933254,daylight,-87.689877531,10,no_indication_of_injury,2,25,other,dry,W BELMONT AVE,traffic_signal,divided_-_w/median_(not_raised),clear,1,2016,38712