alignment,beat,contributory_cause,device_condition,dooring,dow,first_crash_type,hit_and_run,hour,injuries_fatal,injuries_incapacitating,injuries_no_indication,injuries_non_incapacitating,injuries_reported_not_evident,intersection_related,lane_count,latitude,lighting_condition,longitude,month,most_severe_injury,num_units,posted_speed_limit,road_defect,roadway_surface_cond,street,traffic_control_device,trafficway_type,weather_condition,work_zone,year,i
straight_and_level,1614,following_too_closely,functioning_properly,0,2,rear_end,0,23,0,0,2,0,0,0,4,41.986382969,"darkness,_lighted_road",-87.836433754,10,no_indication_of_injury,2,30,no_defects,dry,N CUMBERLAND AVE,traffic_signal,divided_-_w/median_barrier,clear,0,2016,52278
straight_and_level,121,unable_to_determine,functioning_properly,0,3,sideswipe_same_direction,1,14,0,0,2,0,0,0,4,41.881993414,daylight,-87.639636251,10,no_indication_of_injury,2,30,no_defects,wet,W MADISON ST,traffic_signal,one-way,rain,0,2016,56987
straight_and_level,1933,improper_backing,functioning_properly,0,5,head_on,1,22,0,0,2,0,0,0,2,41.936240155,"darkness,_lighted_road",-87.663041259,10,no_indication_of_injury,2,30,no_defects,dry,W WELLINGTON AVE,stop_sign/flasher,one-way,clear,0,2016,45451
straight_and_level,1214,failing_to_yield_right-of-way,functioning_properly,0,0,angle,0,11,0,0,5,0,0,1,0,41.891060041,daylight,-87.648732537,10,no_indication_of_injury,2,30,no_defects,wet,W GRAND AVE,stop_sign/flasher,divided_-_w/median_(not_raised),rain,0,2016,41384
straight_and_level,2515,"operating_vehicle_in_erratic,_reckless,_careless,_negligent_or_aggressive_manner",no_controls,0,6,sideswipe_same_direction,0,17,0,0,2,0,0,0,2,41.926260024,daylight,-87.77565199,10,no_indication_of_injury,2,30,unknown,wet,N AUSTIN AVE,no_controls,not_divided,cloudy/overcast,0,2016,57132
straight_and_level,333,not_applicable,unknown,0,0,parked_motor_vehicle,1,21,0,0,1,0,0,1,2,41.76466585,unknown,-87.57641517,10,no_indication_of_injury,2,30,unknown,unknown,S JEFFERY BLVD,unknown,not_divided,unknown,0,2016,11051
straight_and_level,1733,unable_to_determine,unknown,0,6,rear_end,0,19,0,0,2,0,0,0,1,41.942235385,darkness,-87.702240023,10,no_indication_of_injury,2,30,unknown,unknown,N ELSTON AVE,no_controls,parking_lot,unknown,0,2016,29243
straight_and_level,824,unable_to_determine,functioning_properly,0,4,sideswipe_same_direction,0,16,0,0,2,0,0,1,2,41.793597513,daylight,-87.693942048,10,no_indication_of_injury,2,30,no_defects,dry,S CALIFORNIA AVE,traffic_signal,divided_-_w/median_(not_raised),clear,0,2016,55684
straight_and_level,2511,unable_to_determine,functioning_properly,0,5,rear_end,0,18,0,0,2,0,0,0,2,41.936665326,dusk,-87.776299866,10,no_indication_of_injury,2,20,no_defects,dry,N AUSTIN AVE,stop_sign/flasher,not_divided,clear,0,2016,56811
straight_and_level,2533,improper_overtaking/passing,functioning_properly,0,4,rear_end,0,14,0,0,3,0,0,0,4,41.91018141,daylight,-87.73624887,10,no_indication_of_injury,2,30,no_defects,dry,W GRAND AVE,traffic_signal,center_turn_lane,clear,0,2016,56214
straight_and_level,331,improper_backing,no_controls,0,3,parked_motor_vehicle,0,15,0,0,1,0,0,0,1,41.769763301,daylight,-87.569951309,10,no_indication_of_injury,2,25,no_defects,dry,E 69TH ST,no_controls,other,clear,0,2016,52900
straight_and_level,211,unable_to_determine,no_controls,0,0,turning,1,23,0,0,2,0,0,0,1,41.83660307,darkness,-87.613604385,10,no_indication_of_injury,2,30,no_defects,dry,S RHODES AVE,no_controls,not_divided,clear,0,2016,52359
straight_and_level,2032,unable_to_determine,functioning_properly,0,3,sideswipe_opposite_direction,0,19,0,0,2,0,0,1,2,41.968865129,"darkness,_lighted_road",-87.679249293,10,no_indication_of_injury,2,30,unknown,unknown,W LAWRENCE AVE,traffic_signal,not_divided,clear,0,2016,4167
straight_and_level,814,driving_skills/knowledge/experience,no_controls,0,2,parked_motor_vehicle,1,12,0,0,1,0,0,0,0,41.798758208,daylight,-87.743020541,10,no_indication_of_injury,2,0,no_defects,dry,S ARCHER AVE,no_controls,parking_lot,clear,0,2016,35760
straight_and_level,825,road_engineering/surface/marking_defects,no_controls,0,0,other_noncollision,0,15,0,0,1,0,0,0,4,41.777215927,daylight,-87.683443196,10,no_indication_of_injury,1,30,"rut,_holes",dry,S WESTERN AVE,no_controls,divided_-_w/median_(not_raised),clear,0,2016,53017
straight_and_level,2213,unable_to_determine,no_controls,0,4,parked_motor_vehicle,0,13,0,0,1,0,0,0,2,41.719300124,daylight,-87.675810117,10,no_indication_of_injury,2,30,no_defects,dry,S HAMILTON AVE,no_controls,not_divided,clear,0,2016,56498
straight_and_level,2411,improper_turning/no_signal,no_controls,0,1,turning,0,17,0,0,4,0,0,0,2,42.011276768,dusk,-87.708956677,10,no_indication_of_injury,2,30,no_defects,dry,N KEDZIE AVE,no_controls,divided_-_w/median_barrier,clear,0,2016,27316
straight_and_level,1414,following_too_closely,functioning_properly,0,1,rear_end,0,8,0,0,2,0,0,0,2,41.922557422,daylight,-87.702384842,10,no_indication_of_injury,2,30,no_defects,dry,N SACRAMENTO AVE,traffic_signal,not_divided,clear,0,2016,56266
straight_and_level,913,unable_to_determine,no_controls,0,3,parked_motor_vehicle,1,8,0,0,1,0,0,0,2,41.836261014,daylight,-87.65213144,10,no_indication_of_injury,2,15,no_defects,dry,W 32ND ST,no_controls,not_divided,clear,0,2016,41044
straight_and_level,1732,improper_overtaking/passing,no_controls,0,5,sideswipe_same_direction,0,7,0,0,4,0,0,1,4,41.939341388,daylight,-87.716128403,10,no_indication_of_injury,2,30,no_defects,dry,W BELMONT AVE,no_controls,not_divided,clear,0,2016,34978
"curve,_level",2531,improper_backing,no_controls,0,4,angle,0,8,0,0,2,0,0,0,2,41.909393753,daylight,-87.771608326,10,no_indication_of_injury,2,20,unknown,dry,N MONITOR AVE,no_controls,not_divided,clear,0,2016,47678
straight_and_level,224,exceeding_safe_speed_for_conditions,functioning_properly,0,4,sideswipe_same_direction,0,20,0,0,2,0,0,1,2,41.809290911,dawn,-87.616733046,10,no_indication_of_injury,2,30,no_defects,wet,S DR MARTIN LUTHER KING JR DR,traffic_signal,divided_-_w/median_(not_raised),clear,0,2016,36632
straight_and_level,233,driving_skills/knowledge/experience,no_controls,0,3,parked_motor_vehicle,1,12,0,0,1,0,0,0,1,41.791233259,daylight,-87.606298213,10,no_indication_of_injury,2,20,no_defects,dry,S COTTAGE GROVE AVE,no_controls,parking_lot,clear,0,2016,31597
straight_and_level,123,unable_to_determine,functioning_properly,0,3,angle,0,16,0,0,4,0,0,1,5,41.875259826,daylight,-87.624396674,10,no_indication_of_injury,2,30,no_defects,wet,S MICHIGAN AVE,traffic_signal,divided_-_w/median_barrier,cloudy/overcast,0,2016,47534
straight_and_level,1225,following_too_closely,no_controls,0,2,rear_end,0,15,0,0,2,0,0,0,6,41.871332117,daylight,-87.67792573,10,no_indication_of_injury,2,30,no_defects,dry,W OGDEN AVE,no_controls,not_divided,clear,0,2016,53572
straight_and_level,734,driving_skills/knowledge/experience,functioning_properly,0,4,rear_end,0,19,0,0,6,0,0,1,2,41.76500934,dawn,-87.65426109,10,no_indication_of_injury,2,30,no_defects,wet,S RACINE AVE,traffic_signal,not_divided,rain,0,2016,29828
straight_and_level,1214,disregarding_stop_sign,functioning_properly,0,1,angle,0,11,0,0,2,0,0,1,0,41.889072631,daylight,-87.65580229,10,no_indication_of_injury,2,30,no_defects,dry,W KINZIE ST,stop_sign/flasher,divided_-_w/median_(not_raised),cloudy/overcast,0,2016,30319
straight_and_level,2424,following_too_closely,functioning_properly,0,3,rear_end,0,13,0,0,4,0,0,0,1,42.008736488,daylight,-87.681754188,10,no_indication_of_injury,2,30,no_defects,wet,W LUNT AVE,stop_sign/flasher,not_divided,rain,0,2016,39206
straight_and_level,112,following_too_closely,functioning_properly,0,5,sideswipe_same_direction,0,19,0,0,2,0,0,0,4,41.880598955,dusk,-87.629907391,10,no_indication_of_injury,2,30,no_defects,dry,W MONROE ST,traffic_signal,one-way,clear,0,2016,50782
straight_and_level,923,weather,functioning_properly,0,4,rear_end,0,6,0,0,2,0,0,0,2,41.797260391,dawn,-87.703515325,10,no_indication_of_injury,2,30,no_defects,wet,S KEDZIE AVE,traffic_signal,not_divided,rain,0,2016,16824
straight_and_level,1533,unable_to_determine,unknown,0,1,rear_end,0,21,0,0,3,0,0,0,4,41.88049628,darkness,-87.753951228,10,no_indication_of_injury,2,30,no_defects,dry,W MADISON ST,traffic_signal,not_divided,clear,0,2016,36508
straight_and_level,1812,unable_to_determine,no_controls,0,6,parked_motor_vehicle,1,9,0,0,1,0,0,0,2,41.925377762,unknown,-87.646692886,10,no_indication_of_injury,2,30,no_defects,unknown,W FULLERTON AVE,no_controls,not_divided,unknown,0,2016,11954
straight_and_level,1613,following_too_closely,no_controls,0,1,rear_end,1,7,0,0,2,0,0,0,4,41.982077862,daylight,-87.787898676,10,no_indication_of_injury,2,30,no_defects,dry,N NAGLE AVE,no_controls,not_divided,clear,0,2016,48028
straight_and_level,2413,failing_to_yield_right-of-way,no_controls,0,3,turning,0,9,0,0,2,0,0,0,1,41.995657753,daylight,-87.699718565,10,no_indication_of_injury,2,20,no_defects,dry,W ROSEMONT AVE,no_controls,one-way,clear,0,2016,14854
straight_and_level,1131,improper_overtaking/passing,functioning_properly,0,2,parked_motor_vehicle,1,23,0,0,1,0,0,0,2,41.875999416,"darkness,_lighted_road",-87.742813019,10,no_indication_of_injury,2,25,no_defects,wet,S KILPATRICK AVE,stop_sign/flasher,not_divided,rain,0,2016,53824
straight_and_level,2531,failing_to_yield_right-of-way,functioning_properly,0,0,turning,0,21,0,0,4,0,0,1,4,41.909362791,"darkness,_lighted_road",-87.775643661,10,no_indication_of_injury,2,30,no_defects,dry,W NORTH AVE,traffic_signal,divided_-_w/median_(not_raised),clear,0,2016,37829
straight_and_level,2535,unable_to_determine,no_controls,0,6,fixed_object,1,21,0,0,1,0,0,0,1,41.9166249,darkness,-87.726393069,10,no_indication_of_injury,1,10,no_defects,dry,N PULASKI RD,no_controls,alley,clear,0,2016,26518
straight_and_level,711,unable_to_determine,functioning_properly,0,2,pedestrian,1,6,0,0,1,1,0,1,2,41.786956629,"darkness,_lighted_road",-87.642591987,10,nonincapacitating_injury,2,30,no_defects,dry,W 59TH ST,traffic_signal,not_divided,cloudy/overcast,0,2016,7592
straight_and_level,2524,unable_to_determine,no_controls,0,2,parked_motor_vehicle,1,17,0,0,1,0,0,0,2,41.924593022,daylight,-87.726819268,10,no_indication_of_injury,2,30,no_defects,dry,W FULLERTON AVE,no_controls,not_divided,clear,0,2016,45853
straight_and_level,113,improper_overtaking/passing,no_controls,0,3,sideswipe_same_direction,0,14,0,0,2,0,0,0,2,41.879422098,daylight,-87.625756936,10,no_indication_of_injury,2,30,no_defects,wet,E ADAMS ST,no_controls,not_divided,clear,0,2016,43205
straight_and_level,1834,improper_overtaking/passing,functioning_properly,0,5,sideswipe_same_direction,0,16,0,0,2,0,0,0,4,41.894292011,daylight,-87.615208864,10,no_indication_of_injury,2,30,no_defects,dry,N LAKE SHORE DR,traffic_signal,divided_-_w/median_barrier,clear,0,2016,42108
straight_and_level,131,improper_lane_usage,functioning_properly,0,6,sideswipe_same_direction,0,23,0,0,2,0,0,1,2,41.8589963,"darkness,_lighted_road",-87.62410567,10,no_indication_of_injury,2,25,no_defects,dry,S MICHIGAN AVE,traffic_signal,not_divided,clear,0,2016,55630
straight_and_level,832,unable_to_determine,no_controls,0,0,parked_motor_vehicle,1,20,0,0,1,0,0,0,4,41.77505516,"darkness,_lighted_road",-87.68367731,10,no_indication_of_injury,2,30,no_defects,dry,S WESTERN AVE,no_controls,not_divided,clear,0,2016,25817
straight_and_level,614,unable_to_determine,no_controls,0,6,parked_motor_vehicle,1,17,0,0,1,0,0,0,4,41.735939448,daylight,-87.662922049,10,no_indication_of_injury,2,30,no_defects,dry,S ASHLAND AVE,no_controls,parking_lot,clear,0,2016,56311
straight_and_level,1511,unable_to_determine,no_controls,0,6,parked_motor_vehicle,1,22,0,0,1,0,0,0,2,41.892263747,unknown,-87.765441369,10,no_indication_of_injury,2,30,no_defects,unknown,N CENTRAL AVE,no_controls,not_divided,clear,0,2016,29121
straight_and_level,824,unable_to_determine,unknown,0,3,sideswipe_same_direction,1,7,0,0,2,0,0,0,1,41.79016202,daylight,-87.693470687,10,no_indication_of_injury,2,20,unknown,wet,W 57TH ST,unknown,one-way,rain,0,2016,51391
straight_and_level,1233,failing_to_yield_right-of-way,no_controls,0,5,angle,0,15,0,0,3,0,0,0,1,41.866838758,daylight,-87.659622791,10,no_indication_of_injury,2,30,no_defects,dry,W ROOSEVELT RD,no_controls,alley,clear,0,2016,47764
straight_and_level,714,distraction_-_from_inside_vehicle,no_controls,0,0,parked_motor_vehicle,0,5,0,0,0,1,0,0,5,41.785018537,"darkness,_lighted_road",-87.664501481,10,nonincapacitating_injury,2,30,no_defects,dry,S ASHLAND AVE,no_controls,divided_-_w/median_(not_raised),clear,0,2016,40215
straight_and_level,813,improper_turning/no_signal,functioning_properly,0,0,turning,0,0,0,0,5,0,0,0,4,41.778636469,"darkness,_lighted_road",-87.722906356,10,no_indication_of_injury,2,35,no_defects,dry,S PULASKI RD,traffic_signal,divided_-_w/median_(not_raised),clear,0,2016,49889
straight_and_level,1831,unable_to_determine,no_controls,0,6,turning,0,15,0,0,2,0,0,0,2,41.890715939,daylight,-87.630147445,10,no_indication_of_injury,2,30,no_defects,dry,W ILLINOIS ST,no_controls,one-way,clear,0,2016,33947
straight_and_level,814,following_too_closely,functioning_properly,0,3,rear_end,0,17,0,0,2,0,0,0,4,41.805707012,darkness,-87.743252028,10,no_indication_of_injury,2,30,unknown,wet,S CICERO AVE,traffic_signal,divided_-_w/median_(not_raised),rain,0,2016,45623
straight_and_level,1011,unable_to_determine,no_controls,0,1,angle,0,13,0,0,2,0,0,0,2,41.86612813,daylight,-87.720264008,10,no_indication_of_injury,2,30,no_defects,dry,W ROOSEVELT RD,no_controls,not_divided,clear,0,2016,56692
straight_and_level,1532,improper_backing,functioning_properly,0,5,angle,0,18,0,0,5,0,0,1,4,41.88187971,"darkness,_lighted_road",-87.745489247,10,no_indication_of_injury,2,30,unknown,dry,N CICERO AVE,traffic_signal,not_divided,clear,0,2016,32939
straight_and_level,211,unable_to_determine,functioning_properly,0,2,rear_end,1,16,0,0,2,0,0,0,2,41.838269381,daylight,-87.622074232,10,no_indication_of_injury,2,30,no_defects,dry,S INDIANA AVE,stop_sign/flasher,not_divided,clear,0,2016,38140
straight_and_level,624,unable_to_determine,functioning_properly,0,2,parked_motor_vehicle,1,2,0,0,1,0,0,0,1,41.757434369,"darkness,_lighted_road",-87.610379378,10,no_indication_of_injury,3,0,no_defects,dry,S ST LAWRENCE AVE,stop_sign/flasher,one-way,clear,0,2016,28659
straight_and_level,1611,failing_to_yield_right-of-way,functioning_properly,0,2,sideswipe_same_direction,0,10,0,0,3,0,0,1,2,41.996850414,daylight,-87.787612859,10,no_indication_of_injury,2,30,no_defects,dry,N NAGLE AVE,stop_sign/flasher,not_divided,clear,0,2016,37155
straight_and_level,824,improper_overtaking/passing,no_controls,0,1,sideswipe_same_direction,0,12,0,0,2,0,0,0,4,41.786437175,daylight,-87.683975246,10,no_indication_of_injury,2,3,no_defects,dry,S WESTERN AVE,no_controls,divided_-_w/median_(not_raised),clear,0,2016,43354
straight_and_level,1935,following_too_closely,no_controls,0,6,rear_end,0,23,0,0,2,0,0,0,3,41.926917547,"darkness,_lighted_road",-87.631752835,10,no_indication_of_injury,2,40,no_defects,dry,N LAKE SHORE DR SB,no_controls,divided_-_w/median_barrier,clear,0,2016,39058
straight_and_level,815,improper_lane_usage,no_controls,0,0,sideswipe_same_direction,1,19,0,0,2,0,0,0,2,41.819052466,darkness,-87.724112702,10,no_indication_of_injury,2,35,no_defects,dry,S PULASKI RD,no_controls,ramp,clear,0,2016,34943
straight_and_level,411,driving_skills/knowledge/experience,no_controls,0,1,parked_motor_vehicle,0,14,0,0,1,0,0,0,1,41.757805659,daylight,-87.586268258,10,no_indication_of_injury,2,7,no_defects,dry,S STONY ISLAND AVE,no_controls,parking_lot,clear,0,2016,46171
straight_and_level,1733,unable_to_determine,no_controls,0,1,parked_motor_vehicle,0,8,0,0,2,0,0,0,1,41.946057604,daylight,-87.70823011,10,no_indication_of_injury,2,5,no_defects,dry,N ELSTON AVE,no_controls,parking_lot,clear,0,2016,33480
straight_and_level,1433,improper_overtaking/passing,no_controls,0,3,sideswipe_same_direction,1,18,0,0,3,0,0,0,2,41.903582216,dusk,-87.659631846,10,no_indication_of_injury,2,30,no_defects,dry,W DIVISION ST,no_controls,not_divided,clear,0,2016,47560
straight_and_level,2433,unable_to_determine,no_controls,0,1,sideswipe_same_direction,0,9,0,0,2,0,0,0,1,41.995202853,daylight,-87.667890635,10,no_indication_of_injury,2,1,unknown,unknown,N GREENVIEW AVE,no_controls,not_divided,unknown,0,2016,24915
straight_and_level,1711,following_too_closely,no_controls,0,4,rear_end,0,12,0,0,2,0,0,0,4,41.990026177,daylight,-87.728602892,10,no_indication_of_injury,2,30,no_defects,dry,W PETERSON AVE,no_controls,not_divided,clear,0,2016,34338
straight_and_level,1832,following_too_closely,no_controls,0,1,turning,0,18,0,0,2,0,0,1,2,41.894089631,darkness,-87.629865221,10,no_indication_of_injury,2,30,no_defects,dry,N DEARBORN ST,no_controls,one-way,clear,0,2016,37526
straight_and_level,511,improper_lane_usage,no_controls,0,1,parked_motor_vehicle,0,14,0,0,1,0,0,0,0,41.721517344,"darkness,_lighted_road",-87.630891572,10,no_indication_of_injury,2,0,no_defects,dry,W 95TH ST,no_controls,parking_lot,clear,0,2016,43697
straight_and_level,1922,improper_lane_usage,no_controls,0,0,sideswipe_opposite_direction,0,15,0,0,2,0,0,0,2,41.941445045,daylight,-87.666937794,10,no_indication_of_injury,2,20,no_defects,dry,W SCHOOL ST,no_controls,not_divided,clear,0,2016,2960
straight_and_level,933,unable_to_determine,no_controls,0,2,parked_motor_vehicle,1,5,0,0,1,0,0,0,0,41.804453962,daylight,-87.645566275,10,no_indication_of_injury,2,0,no_defects,wet,S HALSTED ST,no_controls,other,clear,0,2016,6172
straight_and_level,922,following_too_closely,functioning_properly,0,2,rear_end,0,8,0,0,3,0,0,0,4,41.815470659,daylight,-87.702227345,10,no_indication_of_injury,2,30,no_defects,dry,S ARCHER AVE,traffic_signal,not_divided,clear,0,2016,21921
straight_and_level,911,unable_to_determine,no_controls,0,5,sideswipe_same_direction,0,8,0,0,2,0,0,0,2,41.828035141,daylight,-87.704697732,10,no_indication_of_injury,2,35,no_defects,dry,S KEDZIE AVE,no_controls,divided_-_w/median_(not_raised),clear,0,2016,32798
straight_and_level,1614,failing_to_yield_right-of-way,no_controls,0,0,sideswipe_same_direction,0,10,0,0,3,0,0,0,4,41.977500343,daylight,-87.836754494,10,no_indication_of_injury,2,30,no_defects,dry,N CUMBERLAND AVE,no_controls,not_divided,clear,0,2016,42339
straight_and_level,1932,improper_backing,no_controls,0,3,pedalcyclist,1,7,0,0,2,0,0,0,2,41.932425892,daylight,-87.659975156,10,no_indication_of_injury,2,30,unknown,dry,W DIVERSEY PKWY,no_controls,divided_-_w/median_(not_raised),clear,0,2016,130063
straight_and_level,1225,failing_to_yield_right-of-way,no_controls,0,3,angle,0,2,0,0,2,0,0,0,4,41.867100711,"darkness,_lighted_road",-87.685906352,10,no_indication_of_injury,2,30,no_defects,dry,S WESTERN AVE,no_controls,alley,clear,0,2016,5866
straight_and_level,232,improper_turning/no_signal,no_controls,0,3,turning,0,16,0,0,1,2,0,1,4,41.789652732,daylight,-87.625426543,10,nonincapacitating_injury,2,30,no_defects,wet,S STATE ST,no_controls,not_divided,rain,0,2016,44613
straight_and_level,511,following_too_closely,no_controls,0,3,rear_end,0,7,0,0,2,0,0,0,2,41.710077231,daylight,-87.623434184,10,no_indication_of_injury,2,30,unknown,dry,S STATE ST,no_controls,not_divided,clear,0,2016,41196
straight_and_level,814,failing_to_yield_right-of-way,no_controls,0,3,turning,0,15,0,0,2,0,0,0,6,41.798758208,daylight,-87.743020541,10,no_indication_of_injury,2,30,no_defects,wet,S ARCHER AVE,no_controls,not_divided,rain,0,2016,52554
straight_and_level,2532,unable_to_determine,no_controls,0,5,rear_end,0,18,0,0,5,0,0,1,4,41.90960011,daylight,-87.756689896,10,no_indication_of_injury,3,30,no_defects,dry,W NORTH AVE,no_controls,not_divided,clear,0,2016,47163
straight_and_level,1433,failing_to_reduce_speed_to_avoid_crash,functioning_properly,0,6,rear_end,1,11,0,0,3,0,0,0,2,41.916590823,daylight,-87.666322331,10,no_indication_of_injury,3,30,no_defects,dry,W CORTLAND ST,traffic_signal,not_divided,clear,0,2016,26570
straight_and_level,1633,failing_to_yield_right-of-way,no_controls,0,2,angle,0,7,0,0,2,0,0,0,2,41.945971729,daylight,-87.768089017,10,no_indication_of_injury,2,30,unknown,dry,W ADDISON ST,no_controls,divided_-_w/median_(not_raised),clear,0,2016,40780
straight_and_level,2422,improper_backing,no_controls,0,4,parked_motor_vehicle,1,2,0,0,1,0,0,0,1,42.019112092,"darkness,_lighted_road",-87.667733007,10,no_indication_of_injury,2,10,no_defects,unknown,W HOWARD ST,no_controls,parking_lot,unknown,0,2016,34925
straight_and_level,1922,"operating_vehicle_in_erratic,_reckless,_careless,_negligent_or_aggressive_manner",no_controls,0,0,pedalcyclist,1,23,0,0,2,0,0,0,2,41.953228675,"darkness,_lighted_road",-87.6736235,10,no_indication_of_injury,2,30,"rut,_holes",dry,N RAVENSWOOD AVE,no_controls,not_divided,clear,0,2016,130058
straight_and_level,2532,unable_to_determine,no_controls,0,5,sideswipe_same_direction,0,18,0,0,1,1,0,0,1,41.909362438,dusk,-87.759534155,10,nonincapacitating_injury,2,30,no_defects,dry,N LOREL AVE,no_controls,one-way,clear,0,2016,42855
straight_and_level,213,improper_backing,functioning_properly,0,3,rear_end,0,14,0,0,2,0,0,0,2,41.829567213,daylight,-87.623366585,10,no_indication_of_injury,2,30,no_defects,wet,S MICHIGAN AVE,stop_sign/flasher,divided_-_w/median_(not_raised),clear,0,2016,47588
straight_and_level,1431,unable_to_determine,no_controls,0,3,sideswipe_same_direction,1,15,0,0,5,0,0,0,4,41.924777502,daylight,-87.689049516,10,no_indication_of_injury,2,30,no_defects,dry,W FULLERTON AVE,no_controls,not_divided,clear,0,2016,52387
straight_and_level,1012,improper_backing,no_controls,0,6,parked_motor_vehicle,1,12,0,0,1,0,0,0,0,41.858705992,daylight,-87.729984722,10,no_indication_of_injury,2,5,no_defects,dry,S KEELER AVE,no_controls,parking_lot,clear,0,2016,26967
straight_and_level,614,driving_skills/knowledge/experience,functioning_properly,0,3,sideswipe_same_direction,0,11,0,0,2,0,0,0,4,41.742729843,daylight,-87.682531672,10,no_indication_of_injury,2,30,no_defects,wet,S WESTERN AVE,traffic_signal,divided_-_w/median_(not_raised),rain,0,2016,34538
straight_and_level,2033,improper_backing,no_controls,0,3,rear_end,0,16,0,0,2,0,0,0,2,41.972213557,daylight,-87.6596091,10,no_indication_of_injury,2,10,no_defects,dry,N BROADWAY,no_controls,parking_lot,clear,0,2016,22461
straight_and_level,1533,unable_to_determine,functioning_properly,0,3,rear_end,0,15,0,0,1,2,0,0,2,41.881701626,daylight,-87.745836593,10,nonincapacitating_injury,2,30,no_defects,dry,W WASHINGTON BLVD,traffic_signal,not_divided,clear,0,2016,28999
straight_and_level,122,improper_turning/no_signal,functioning_properly,0,3,pedalcyclist,0,8,0,0,2,0,0,1,2,41.885761124,daylight,-87.632595153,10,no_indication_of_injury,2,25,no_defects,dry,N LA SALLE ST,traffic_signal,divided_-_w/median_(not_raised),clear,0,2016,130052
straight_and_level,1834,failing_to_yield_right-of-way,other,0,3,pedalcyclist,0,13,0,0,1,1,0,1,2,41.891791463,daylight,-87.627657741,10,nonincapacitating_injury,2,30,no_defects,wet,E GRAND AVE,other,one-way,rain,0,2016,130074
straight_and_level,1213,distraction_-_from_inside_vehicle,no_controls,0,4,rear_end,0,8,0,0,4,0,0,0,2,41.902294133,daylight,-87.665048712,10,no_indication_of_injury,3,0,no_defects,dry,N MILWAUKEE AVE,no_controls,not_divided,clear,0,2016,38286
straight_and_level,2533,following_too_closely,functioning_properly,0,2,rear_end,0,7,0,0,2,0,1,0,4,41.909200724,dawn,-87.745968101,10,"reported,_not_evident",2,30,no_defects,dry,N CICERO AVE,traffic_signal,divided_-_w/median_(not_raised),clear,0,2016,37978
straight_and_level,1934,improper_overtaking/passing,no_controls,0,5,rear_end,1,7,0,0,2,0,0,0,1,41.937771263,daylight,-87.637455976,10,no_indication_of_injury,2,45,unknown,dry,N LAKE SHORE DR,no_controls,ramp,clear,0,2016,43034
straight_and_level,2232,unable_to_determine,no_controls,0,3,parked_motor_vehicle,1,13,0,0,1,0,0,0,4,41.709564848,daylight,-87.642754916,10,no_indication_of_injury,2,30,no_defects,wet,S HALSTED ST,no_controls,not_divided,rain,0,2016,47162
straight_and_level,2514,following_too_closely,no_controls,0,3,parked_motor_vehicle,1,16,0,0,1,0,0,0,1,41.934798272,daylight,-87.767879257,11,no_indication_of_injury,2,30,no_defects,dry,W WELLINGTON AVE,no_controls,one-way,clear,0,2016,25506
straight_and_level,735,not_applicable,no_controls,0,5,parked_motor_vehicle,1,20,0,0,1,0,0,0,2,41.76837978,darkness,-87.669510097,11,no_indication_of_injury,3,30,no_defects,dry,W 69TH ST,no_controls,not_divided,clear,0,2016,53288
straight_and_level,2532,unable_to_determine,no_controls,0,3,parked_motor_vehicle,1,14,0,0,1,0,0,0,1,41.912139581,daylight,-87.761722947,11,no_indication_of_injury,2,30,no_defects,dry,N LOTUS AVE,no_controls,one-way,clear,0,2016,29244
straight_and_level,2413,unable_to_determine,no_controls,0,6,parked_motor_vehicle,0,23,0,0,1,0,0,0,2,41.990583927,unknown,-87.693847565,11,no_indication_of_injury,2,30,unknown,unknown,W PETERSON AVE,no_controls,divided_-_w/median_barrier,unknown,0,2016,37410
straight_and_level,1931,failing_to_yield_right-of-way,functioning_properly,0,4,sideswipe_same_direction,1,8,0,0,3,0,0,0,2,41.937963553,daylight,-87.688291932,11,no_indication_of_injury,2,30,unknown,dry,N WESTERN AVE,other_warning_sign,not_divided,clear,1,2016,41321
straight_and_level,911,following_too_closely,functioning_properly,0,2,rear_end,0,7,0,0,2,0,0,0,4,41.823360506,daylight,-87.684401754,11,no_indication_of_injury,2,30,no_defects,dry,S WESTERN BLVD,traffic_signal,divided_-_w/median_barrier,clear,0,2016,44471
straight_and_level,2515,unable_to_determine,no_controls,0,4,parked_motor_vehicle,1,15,0,0,1,0,0,0,1,41.925595669,daylight,-87.769843366,11,no_indication_of_injury,2,30,no_defects,dry,N MANGO AVE,no_controls,one-way,clear,0,2016,57139
straight_and_level,815,unable_to_determine,functioning_properly,0,3,pedalcyclist,0,20,0,0,2,0,0,1,4,41.793153227,darkness,-87.741893321,11,no_indication_of_injury,2,35,no_defects,wet,S CICERO AVE,traffic_signal,divided_-_w/median_(not_raised),rain,0,2016,130088
straight_and_level,2532,unable_to_determine,no_controls,0,1,parked_motor_vehicle,1,17,0,0,1,0,0,0,1,41.913332321,dusk,-87.759326705,11,no_indication_of_injury,2,30,no_defects,dry,N LOREL AVE,no_controls,not_divided,clear,0,2016,31439