alignment,beat,contributory_cause,device_condition,dooring,dow,first_crash_type,hit_and_run,hour,injuries_fatal,injuries_incapacitating,injuries_no_indication,injuries_non_incapacitating,injuries_reported_not_evident,intersection_related,lane_count,latitude,lighting_condition,longitude,month,most_severe_injury,num_units,posted_speed_limit,road_defect,roadway_surface_cond,street,traffic_control_device,trafficway_type,weather_condition,work_zone,year,i
straight_and_level,722,disregarding_stop_sign,functioning_properly,0,3,angle,1,16,0,0,1,0,2,1,2,41.774347541,daylight,-87.636998022,11,"reported,_not_evident",2,30,no_defects,dry,S NORMAL BLVD,stop_sign/flasher,not_divided,clear,0,2016,28924
straight_and_level,511,disregarding_stop_sign,no_controls,0,6,turning,0,9,0,0,2,0,0,0,2,41.72207373,daylight,-87.595940314,11,no_indication_of_injury,2,30,no_defects,dry,E 95TH ST,stop_sign/flasher,not_divided,clear,0,2016,43695
straight_and_level,1424,failing_to_reduce_speed_to_avoid_crash,no_controls,0,2,rear_end,0,17,0,0,2,0,0,0,2,41.905050718,"darkness,_lighted_road",-87.677457997,11,no_indication_of_injury,2,30,no_defects,dry,N DAMEN AVE,no_controls,not_divided,clear,0,2016,40575
straight_and_level,1234,unable_to_determine,functioning_properly,0,3,angle,0,16,0,0,5,0,0,1,4,41.854217387,daylight,-87.668671487,11,no_indication_of_injury,2,30,no_defects,dry,W 21ST ST,stop_sign/flasher,divided_-_w/median_(not_raised),clear,0,2016,25554
straight_and_level,2515,not_applicable,no_controls,0,3,parked_motor_vehicle,1,13,0,0,1,0,0,0,1,41.918610095,daylight,-87.759516916,11,no_indication_of_injury,2,15,no_defects,dry,N LOREL AVE,no_controls,one-way,clear,0,2016,45090
straight_and_level,2031,following_too_closely,no_controls,0,6,rear_end,0,17,0,0,3,0,0,0,4,41.975834042,"darkness,_lighted_road",-87.685545989,11,no_indication_of_injury,2,30,no_defects,dry,W FOSTER AVE,no_controls,divided_-_w/median_(not_raised),clear,0,2016,54000
straight_and_level,323,improper_overtaking/passing,no_controls,0,5,turning,0,23,0,0,2,0,0,0,2,41.758733043,"darkness,_lighted_road",-87.60158338,11,no_indication_of_injury,2,30,no_defects,dry,E 75TH ST,no_controls,divided_-_w/median_(not_raised),clear,0,2016,27913
straight_and_level,2513,unable_to_determine,functioning_properly,0,3,angle,0,21,0,0,2,0,0,1,4,41.914571876,"darkness,_lighted_road",-87.795107461,11,no_indication_of_injury,2,30,no_defects,dry,N OAK PARK AVE,stop_sign/flasher,not_divided,clear,0,2016,35345
straight_and_level,1031,improper_lane_usage,functioning_properly,0,6,sideswipe_same_direction,0,4,0,0,1,0,0,0,2,41.844011646,"darkness,_lighted_road",-87.733705869,11,no_indication_of_injury,2,30,no_defects,dry,W 26TH ST,other_warning_sign,divided_-_w/median_(not_raised),clear,0,2016,54857
straight_and_level,912,unable_to_determine,no_controls,0,3,sideswipe_same_direction,0,19,0,0,2,0,0,0,1,41.834311071,darkness,-87.663899893,11,no_indication_of_injury,2,30,no_defects,dry,W 33RD ST,no_controls,parking_lot,clear,0,2016,39464
straight_and_level,1811,unable_to_determine,no_controls,0,5,rear_end,0,11,0,0,5,0,0,0,2,41.919318136,daylight,-87.661423139,11,no_indication_of_injury,2,0,no_defects,dry,N CLYBOURN AVE,no_controls,divided_-_w/median_(not_raised),clear,0,2016,46637
straight_and_level,612,unable_to_determine,no_controls,0,1,pedestrian,1,18,0,0,1,0,1,0,2,41.752269696,"darkness,_lighted_road",-87.653931607,11,"reported,_not_evident",2,30,unknown,wet,S RACINE AVE,no_controls,divided_-_w/median_(not_raised),rain,0,2016,56872
straight_and_level,332,improper_lane_usage,no_controls,0,2,parked_motor_vehicle,1,6,0,0,1,0,0,0,1,41.769995226,"darkness,_lighted_road",-87.582412908,11,no_indication_of_injury,2,15,no_defects,wet,S RIDGELAND AVE,no_controls,one-way,clear,0,2016,40244
straight_and_level,113,unable_to_determine,functioning_properly,0,3,rear_end,0,7,0,0,2,0,0,0,4,41.878116015,dawn,-87.627528399,11,no_indication_of_injury,2,30,no_defects,wet,S STATE ST,traffic_signal,divided_-_w/median_barrier,rain,0,2016,25914
straight_and_level,133,unable_to_determine,no_controls,0,0,parked_motor_vehicle,1,22,0,0,1,0,0,0,1,41.845639151,daylight,-87.619009186,11,no_indication_of_injury,2,30,no_defects,dry,S CALUMET AVE,no_controls,not_divided,clear,0,2016,38336
straight_and_level,114,following_too_closely,no_controls,0,5,rear_end,0,14,0,0,2,0,0,0,4,41.873353943,daylight,-87.618351154,11,no_indication_of_injury,2,40,no_defects,dry,E BALBO DR,no_controls,divided_-_w/median_barrier,clear,0,2016,33474
straight_and_level,1113,unable_to_determine,no_controls,0,0,parked_motor_vehicle,1,17,0,0,1,0,0,0,2,41.881813383,darkness,-87.735941108,11,no_indication_of_injury,2,30,no_defects,dry,W WASHINGTON BLVD,no_controls,not_divided,clear,0,2016,36524
straight_and_level,814,following_too_closely,no_controls,0,2,rear_end,0,7,0,0,2,0,0,0,4,41.795877225,daylight,-87.762037218,11,no_indication_of_injury,2,30,no_defects,dry,S ARCHER AVE,no_controls,not_divided,clear,0,2016,30502
straight_and_level,1411,unable_to_determine,no_controls,0,4,sideswipe_same_direction,1,10,0,0,2,0,0,0,4,41.932239496,daylight,-87.692831495,11,no_indication_of_injury,2,35,no_defects,dry,W DIVERSEY AVE,no_controls,not_divided,clear,0,2016,44886
straight_and_level,1622,improper_backing,no_controls,0,2,parked_motor_vehicle,0,5,0,0,1,0,0,0,0,41.975911065,"darkness,_lighted_road",-87.78772272,11,no_indication_of_injury,2,10,no_defects,dry,N NAGLE AVE,no_controls,parking_lot,clear,0,2016,55827
straight_and_level,1013,improper_backing,no_controls,0,1,parked_motor_vehicle,0,22,0,0,2,0,0,0,4,41.849058801,"darkness,_lighted_road",-87.735399982,11,no_indication_of_injury,2,30,no_defects,dry,S KENNETH AVE,no_controls,not_divided,clear,0,2016,33140
straight_and_level,1032,physical_condition_of_driver,no_controls,0,2,rear_end,0,7,0,0,3,0,0,0,4,41.842872349,daylight,-87.71459778,11,no_indication_of_injury,2,30,no_defects,wet,S CENTRAL PARK AVE,no_controls,divided_-_w/median_(not_raised),clear,0,2016,42563
straight_and_level,321,failing_to_yield_right-of-way,functioning_properly,0,4,angle,0,17,0,0,2,0,0,0,2,41.775064818,"darkness,_lighted_road",-87.586416575,11,no_indication_of_injury,2,15,no_defects,dry,E MARQUETTE RD,traffic_signal,not_divided,clear,0,2016,52562
straight_and_level,113,unable_to_determine,functioning_properly,0,5,rear_end,0,9,0,0,3,0,0,1,2,41.876994246,daylight,-87.62750704,11,no_indication_of_injury,2,30,no_defects,dry,S STATE ST,traffic_signal,divided_-_w/median_(not_raised),clear,0,2016,47854
straight_on_grade,322,improper_lane_usage,no_controls,0,2,angle,1,15,0,0,3,0,0,0,2,41.772475585,daylight,-87.624974874,11,no_indication_of_injury,2,55,no_defects,dry,S STATE ST,no_controls,ramp,clear,0,2016,48196
straight_and_level,1532,unable_to_determine,unknown,0,0,parked_motor_vehicle,0,22,0,0,2,0,0,1,1,41.888555437,"darkness,_lighted_road",-87.748152391,11,no_indication_of_injury,2,30,unknown,dry,W HUBBARD ST,stop_sign/flasher,one-way,clear,0,2016,55606
straight_and_level,1434,unable_to_determine,unknown,0,2,sideswipe_same_direction,0,17,0,0,3,0,0,0,4,41.916715309,unknown,-87.687473653,11,no_indication_of_injury,2,30,unknown,unknown,N MILWAUKEE AVE,unknown,unknown,unknown,0,2016,42008
straight_and_level,1234,failing_to_yield_right-of-way,no_controls,0,5,sideswipe_same_direction,0,11,0,0,6,0,0,0,2,41.857678553,daylight,-87.683470557,11,no_indication_of_injury,2,30,no_defects,dry,W 18TH ST,no_controls,divided_-_w/median_(not_raised),clear,0,2016,29091
straight_and_level,915,unable_to_determine,no_controls,0,6,sideswipe_same_direction,0,16,0,0,2,0,0,0,2,41.827372419,dusk,-87.641000259,11,no_indication_of_injury,2,30,unknown,dry,S WALLACE ST,no_controls,not_divided,clear,0,2016,34134
straight_and_level,2433,unable_to_determine,no_controls,0,1,parked_motor_vehicle,1,9,0,0,1,0,0,0,1,41.992561553,daylight,-87.674700725,11,no_indication_of_injury,2,30,no_defects,dry,N RAVENSWOOD AVE,no_controls,one-way,clear,0,2016,33414
straight_and_level,1523,improper_lane_usage,functioning_properly,0,0,sideswipe_same_direction,1,8,0,0,3,0,0,0,2,41.885007449,daylight,-87.755382542,11,no_indication_of_injury,2,30,no_defects,dry,N LARAMIE AVE,traffic_signal,not_divided,clear,0,2016,40942
straight_and_level,1711,not_applicable,no_controls,0,1,rear_end,1,13,0,0,2,0,0,0,2,41.997258819,daylight,-87.711571703,11,no_indication_of_injury,2,35,no_defects,wet,N MC CORMICK RD,no_controls,not_divided,rain,0,2016,47430
straight_and_level,1834,improper_lane_usage,no_controls,0,6,sideswipe_same_direction,0,14,0,0,2,0,0,0,2,41.894370287,daylight,-87.616875203,11,no_indication_of_injury,2,30,no_defects,dry,E ERIE ST,no_controls,one-way,clear,0,2016,50081
straight_and_level,1224,unable_to_determine,functioning_properly,0,5,turning,0,6,0,0,2,0,0,0,4,41.878917571,"darkness,_lighted_road",-87.66937644,11,no_indication_of_injury,2,30,no_defects,dry,S PAULINA ST,traffic_signal,divided_-_w/median_(not_raised),clear,0,2016,35726
straight_and_level,1921,failing_to_yield_right-of-way,functioning_properly,0,1,turning,0,17,0,0,2,0,0,1,4,41.948795618,darkness,-87.678667496,11,no_indication_of_injury,2,30,no_defects,dry,W WAVELAND AVE,stop_sign/flasher,other,clear,0,2016,37267
straight_and_level,821,unable_to_determine,no_controls,0,2,parked_motor_vehicle,0,11,0,0,1,0,0,0,0,41.808203054,daylight,-87.704125461,11,no_indication_of_injury,2,20,no_defects,dry,S KEDZIE AVE,no_controls,parking_lot,clear,0,2016,41758
straight_and_level,1121,unable_to_determine,functioning_properly,0,2,other_object,0,8,0,0,3,0,0,1,0,41.895412626,daylight,-87.711580054,11,no_indication_of_injury,1,30,no_defects,dry,N HOMAN AVE,traffic_signal,other,clear,0,2016,48257
straight_and_level,1222,exceeding_authorized_speed_limit,functioning_properly,0,4,angle,0,1,0,0,4,0,1,1,2,41.882049291,"darkness,_lighted_road",-87.701356421,11,"reported,_not_evident",2,30,no_defects,wet,W WARREN BLVD,traffic_signal,not_divided,rain,0,2016,31089
straight_and_level,1232,disregarding_stop_sign,functioning_properly,0,2,angle,0,10,0,0,1,1,0,1,2,41.878018745,daylight,-87.649640824,11,nonincapacitating_injury,2,35,no_defects,dry,W JACKSON BLVD,stop_sign/flasher,not_divided,clear,0,2016,49082
straight_and_level,114,improper_turning/no_signal,no_controls,0,3,turning,0,19,0,0,4,0,0,0,2,41.886199494,"darkness,_lighted_road",-87.622206372,11,no_indication_of_injury,2,30,unknown,dry,N LOWER STETSON AVE,no_controls,not_divided,clear,0,2016,26043
straight_and_level,122,following_too_closely,functioning_properly,0,1,rear_end,0,17,0,0,2,0,0,0,3,41.885628149,darkness,-87.632372297,11,no_indication_of_injury,2,30,no_defects,dry,W LAKE ST,traffic_signal,one-way,clear,0,2016,34776
straight_and_level,834,unable_to_determine,no_controls,0,3,rear_end,0,16,0,0,2,0,0,0,4,41.736847474,daylight,-87.702197507,11,no_indication_of_injury,2,25,no_defects,dry,S KEDZIE AVE,no_controls,divided_-_w/median_(not_raised),clear,0,2016,35532
straight_and_level,122,improper_overtaking/passing,functioning_properly,0,1,sideswipe_same_direction,0,15,0,0,2,0,0,0,2,41.884579473,daylight,-87.633822522,11,no_indication_of_injury,2,30,no_defects,wet,W RANDOLPH ST,traffic_signal,one-way,rain,0,2016,24840
straight_and_level,224,unable_to_determine,no_controls,0,3,parked_motor_vehicle,1,9,0,0,1,0,0,0,4,41.809177877,unknown,-87.61673009,11,no_indication_of_injury,2,30,no_defects,dry,S DR MARTIN LUTHER KING JR DR,no_controls,divided_-_w/median_(not_raised),clear,0,2016,51337
straight_and_level,1632,following_too_closely,no_controls,0,1,rear_end,0,14,0,0,2,0,0,0,2,41.945391185,daylight,-87.795835745,11,no_indication_of_injury,2,30,no_defects,dry,N OAK PARK AVE,no_controls,divided_-_w/median_(not_raised),clear,0,2016,40409
straight_and_level,1932,failing_to_reduce_speed_to_avoid_crash,functioning_properly,0,3,rear_end,0,18,0,0,2,0,0,0,2,41.932445417,darkness,-87.658767382,11,no_indication_of_injury,2,30,no_defects,dry,W DIVERSEY PKWY,traffic_signal,not_divided,clear,0,2016,36658
straight_and_level,1831,failing_to_yield_right-of-way,functioning_improperly,0,3,angle,0,12,0,0,2,0,0,1,2,41.893129664,daylight,-87.63546666,11,no_indication_of_injury,2,30,no_defects,dry,N FRANKLIN ST,traffic_signal,not_divided,clear,0,2016,42634
straight_and_level,2522,unable_to_determine,unknown,0,6,rear_end,0,23,0,0,5,0,0,0,2,41.922931043,darkness,-87.746119478,11,no_indication_of_injury,2,30,unknown,dry,N CICERO AVE,unknown,divided_-_w/median_(not_raised),clear,0,2016,26528
straight_and_level,112,improper_lane_usage,no_controls,0,3,sideswipe_same_direction,0,8,0,0,2,0,0,0,2,41.880664578,daylight,-87.627089364,11,no_indication_of_injury,2,30,no_defects,dry,E MONROE ST,no_controls,one-way,clear,0,2016,40048
straight_and_level,121,improper_lane_usage,unknown,0,3,sideswipe_same_direction,0,8,0,0,2,0,0,0,3,41.88329078,daylight,-87.63968609,11,no_indication_of_injury,2,25,no_defects,dry,W WASHINGTON ST,lane_use_marking,one-way,clear,0,2016,50331
straight_and_level,322,driving_skills/knowledge/experience,no_controls,0,5,parked_motor_vehicle,1,15,0,0,1,0,0,0,4,41.770027599,daylight,-87.615227008,11,no_indication_of_injury,2,30,no_defects,wet,S DR MARTIN LUTHER KING JR DR,no_controls,divided_-_w/median_(not_raised),rain,0,2016,36749
straight_and_level,414,not_applicable,no_controls,0,1,sideswipe_same_direction,0,3,0,0,2,0,0,0,2,41.752623776,darkness,-87.583188005,11,no_indication_of_injury,2,30,no_defects,dry,S EAST END AVE,no_controls,not_divided,clear,0,2016,31580
straight_and_level,1123,unable_to_determine,functioning_properly,0,3,turning,0,7,0,0,2,0,0,1,2,41.880776178,daylight,-87.713482049,11,no_indication_of_injury,2,30,no_defects,dry,W MADISON ST,traffic_signal,divided_-_w/median_(not_raised),clear,0,2016,27697
straight_and_level,332,following_too_closely,functioning_properly,0,2,rear_end,0,7,0,0,2,0,0,0,2,41.766259946,daylight,-87.586724049,11,no_indication_of_injury,2,15,no_defects,wet,E 71ST ST,traffic_signal,one-way,clear,0,2016,32625
straight_and_level,2513,failing_to_yield_right-of-way,functioning_properly,0,2,angle,1,21,0,0,4,0,0,1,1,41.912770289,"darkness,_lighted_road",-87.794965027,11,no_indication_of_injury,2,30,no_defects,dry,W BLOOMINGDALE AVE,stop_sign/flasher,not_divided,clear,0,2016,56413
straight_and_level,912,unable_to_determine,functioning_properly,0,0,sideswipe_same_direction,0,15,0,0,4,0,0,0,2,41.837785615,daylight,-87.665345259,11,no_indication_of_injury,2,30,no_defects,dry,S ARCHER AVE,stop_sign/flasher,not_divided,clear,0,2016,40517
straight_and_level,714,unable_to_determine,functioning_properly,0,5,rear_end,1,16,0,0,3,0,0,1,2,41.779639692,dusk,-87.673761031,11,no_indication_of_injury,2,30,no_defects,wet,S DAMEN AVE,traffic_signal,other,clear,0,2016,27923
straight_and_level,813,unable_to_determine,unknown,0,3,rear_end,0,12,0,0,2,0,0,1,0,41.792910883,daylight,-87.742077343,11,no_indication_of_injury,2,30,unknown,unknown,S CICERO AVE,traffic_signal,not_divided,unknown,0,2016,27904
straight_and_level,533,"evasive_action_due_to_animal,_object,_nonmotorist",no_controls,0,4,parked_motor_vehicle,0,15,0,0,1,1,0,0,2,41.652945792,daylight,-87.610470182,11,nonincapacitating_injury,2,30,no_defects,dry,S EBERHART AVE,no_controls,not_divided,clear,0,2016,50805
straight_and_level,935,improper_turning/no_signal,functioning_properly,0,4,turning,0,19,0,0,3,0,0,0,4,41.794622829,"darkness,_lighted_road",-87.633063763,11,no_indication_of_injury,2,30,no_defects,dry,W GARFIELD BLVD,traffic_signal,divided_-_w/median_barrier,clear,0,2016,38370
straight_and_level,1923,unable_to_determine,no_controls,0,1,parked_motor_vehicle,1,17,0,0,1,0,0,0,2,41.950526917,"darkness,_lighted_road",-87.65427957,11,no_indication_of_injury,2,30,no_defects,wet,N SHEFFIELD AVE,no_controls,not_divided,rain,0,2016,49371
straight_and_level,622,unable_to_determine,no_controls,0,0,angle,0,14,0,0,3,0,0,0,1,41.743662012,daylight,-87.631054218,11,no_indication_of_injury,2,15,no_defects,dry,W 83RD ST,no_controls,parking_lot,clear,0,2016,55664
straight_and_level,1513,unable_to_determine,no_controls,0,3,sideswipe_same_direction,0,12,0,0,2,0,0,0,2,41.879714362,daylight,-87.774496221,11,no_indication_of_injury,2,30,no_defects,wet,S AUSTIN BLVD,no_controls,not_divided,rain,0,2016,49476
straight_and_level,1624,failing_to_yield_right-of-way,no_controls,1,4,pedalcyclist,0,14,0,0,2,0,0,0,4,41.96034469,daylight,-87.769469584,11,no_indication_of_injury,2,30,unknown,unknown,W MONTROSE AVE,no_controls,divided_-_w/median_(not_raised),unknown,0,2016,130090
straight_and_level,311,failing_to_yield_right-of-way,functioning_properly,0,3,turning,0,21,0,0,0,3,0,1,4,41.780097846,"darkness,_lighted_road",-87.630076884,11,nonincapacitating_injury,2,30,no_defects,wet,W 63RD ST,traffic_signal,not_divided,cloudy/overcast,0,2016,41038
straight_and_level,1232,unable_to_determine,no_controls,0,4,turning,0,19,0,0,2,0,0,0,2,41.876641871,"darkness,_lighted_road",-87.656284999,11,no_indication_of_injury,2,30,no_defects,dry,W VAN BUREN ST,traffic_signal,divided_-_w/median_(not_raised),clear,0,2016,42642
straight_and_level,2531,not_applicable,no_controls,0,6,parked_motor_vehicle,1,2,0,0,1,0,0,0,1,41.903957666,darkness,-87.771640064,11,no_indication_of_injury,2,30,no_defects,dry,N MONITOR AVE,no_controls,not_divided,clear,0,2016,35556
straight_and_level,2411,improper_overtaking/passing,functioning_properly,0,5,parked_motor_vehicle,1,20,0,0,3,0,0,0,1,42.011483002,"darkness,_lighted_road",-87.690303513,11,no_indication_of_injury,3,25,no_defects,dry,W FITCH AVE,stop_sign/flasher,one-way,clear,0,2016,34320
straight_and_level,1613,failing_to_yield_right-of-way,functioning_properly,0,4,turning,0,7,0,0,2,0,0,1,2,41.975694886,daylight,-87.792867345,11,no_indication_of_injury,2,30,no_defects,dry,N NATOMA AVE,stop_sign/flasher,not_divided,clear,0,2016,50914
straight_and_level,111,unable_to_determine,functioning_properly,0,3,pedalcyclist,0,9,0,0,2,0,0,0,3,41.886707555,daylight,-87.627883478,11,no_indication_of_injury,2,30,no_defects,dry,E WACKER DR,traffic_signal,divided_-_w/median_(not_raised),clear,0,2016,130084
straight_and_level,1031,not_applicable,no_controls,0,2,parked_motor_vehicle,1,15,0,0,1,0,0,0,2,41.834649314,daylight,-87.720489825,11,no_indication_of_injury,2,25,no_defects,unknown,S AVERS AVE,no_controls,not_divided,unknown,0,2016,53478
straight_and_level,231,unable_to_determine,no_controls,0,2,sideswipe_same_direction,0,10,0,0,2,0,0,0,2,41.794877309,daylight,-87.618290437,11,no_indication_of_injury,2,30,no_defects,dry,E GARFIELD BLVD,no_controls,not_divided,clear,0,2016,29258
straight_and_level,2011,exceeding_authorized_speed_limit,functioning_properly,0,1,rear_end,1,7,0,0,3,0,0,0,4,41.990290027,dawn,-87.706541083,11,no_indication_of_injury,3,30,no_defects,dry,W PETERSON AVE,traffic_signal,not_divided,clear,0,2016,55761
straight_and_level,834,unable_to_determine,functioning_properly,0,2,rear_end,0,13,0,0,2,0,0,0,4,41.740507065,daylight,-87.714169916,11,no_indication_of_injury,2,25,no_defects,dry,S LAWNDALE AVE,railroad_crossing_gate,divided_-_w/median_(not_raised),clear,0,2016,32690
straight_and_level,2411,improper_backing,no_controls,0,3,parked_motor_vehicle,1,13,0,0,3,0,1,0,1,42.019375918,daylight,-87.684747795,11,"reported,_not_evident",2,15,no_defects,dry,W HOWARD ST,no_controls,parking_lot,clear,0,2016,49100
straight_and_level,832,following_too_closely,no_controls,0,3,rear_end,0,15,0,0,2,0,0,0,2,41.764829712,daylight,-87.682081318,11,no_indication_of_injury,2,30,no_defects,dry,W 71ST ST,stop_sign/flasher,divided_-_w/median_(not_raised),clear,0,2016,38480
straight_and_level,711,disregarding_traffic_signals,functioning_properly,0,5,angle,1,12,0,0,2,2,0,1,2,41.787247455,daylight,-87.631801337,11,nonincapacitating_injury,2,30,no_defects,dry,S WELLS ST,traffic_signal,other,clear,0,2016,55922
straight_and_level,1933,failing_to_yield_right-of-way,functioning_properly,0,0,sideswipe_same_direction,0,15,0,0,2,0,0,1,2,41.939798991,daylight,-87.654236621,11,no_indication_of_injury,2,30,no_defects,dry,W BELMONT AVE,traffic_signal,divided_-_w/median_(not_raised),clear,0,2016,37360
straight_and_level,2411,not_applicable,no_controls,0,6,parked_motor_vehicle,1,7,0,0,1,0,0,0,1,42.013675776,darkness,-87.704070734,11,no_indication_of_injury,2,25,no_defects,dry,W CHASE AVE,no_controls,not_divided,clear,0,2016,39643
straight_and_level,122,improper_turning/no_signal,functioning_properly,0,2,turning,0,7,0,0,4,0,0,1,4,41.880735175,daylight,-87.636662843,11,no_indication_of_injury,2,30,no_defects,dry,W MONROE ST,traffic_signal,one-way,clear,0,2016,31308
straight_and_level,433,unable_to_determine,functioning_properly,0,5,rear_end,0,18,0,0,2,0,0,1,2,41.648139076,"darkness,_lighted_road",-87.545273643,11,no_indication_of_injury,2,30,no_defects,dry,S BRAINARD AVE,stop_sign/flasher,divided_-_w/median_(not_raised),clear,0,2016,31833
straight_and_level,324,unable_to_determine,no_controls,0,0,parked_motor_vehicle,1,10,0,0,1,0,0,0,2,41.762470721,daylight,-87.592517221,11,no_indication_of_injury,2,30,no_defects,dry,E 73RD ST,no_controls,not_divided,clear,0,2016,27407
straight_and_level,1432,unable_to_determine,functioning_properly,0,0,rear_end,0,17,0,0,2,0,0,1,4,41.932231172,"darkness,_lighted_road",-87.687739897,11,no_indication_of_injury,2,30,no_defects,dry,N WESTERN AVE,traffic_signal,not_divided,clear,0,2016,31355
straight_and_level,1824,failing_to_yield_right-of-way,functioning_properly,0,6,angle,0,2,0,0,2,0,0,1,4,41.904014776,"darkness,_lighted_road",-87.630135718,11,no_indication_of_injury,2,30,no_defects,dry,N DEARBORN ST,traffic_signal,not_divided,clear,0,2016,42980
straight_and_level,1123,failing_to_yield_right-of-way,no_controls,0,0,angle,0,13,0,0,2,0,0,0,2,41.881927772,daylight,-87.711184166,11,no_indication_of_injury,2,30,no_defects,dry,N HOMAN BLVD,no_controls,one-way,clear,0,2016,37679
straight_and_level,1824,improper_turning/no_signal,no_controls,0,3,parked_motor_vehicle,1,7,0,0,1,0,0,0,1,41.902284347,daylight,-87.626958389,11,no_indication_of_injury,2,0,no_defects,dry,E CEDAR ST,no_controls,parking_lot,clear,0,2016,44908
straight_and_level,412,unable_to_determine,functioning_properly,0,1,sideswipe_same_direction,0,15,0,0,5,0,0,0,4,41.737511108,daylight,-87.566175137,11,no_indication_of_injury,2,30,no_defects,dry,S YATES BLVD,traffic_signal,not_divided,clear,0,2016,40838
straight_and_level,1233,unable_to_determine,no_controls,0,1,turning,0,7,0,0,3,0,0,0,4,41.858464717,daylight,-87.685665317,11,no_indication_of_injury,2,30,no_defects,dry,S WESTERN AVE,no_controls,divided_-_w/median_(not_raised),clear,0,2016,32067
straight_and_level,1822,driving_on_wrong_side/wrong_way,no_controls,0,6,parked_motor_vehicle,0,11,0,0,1,0,0,0,1,41.910660831,daylight,-87.654115668,11,no_indication_of_injury,2,0,no_defects,dry,N KINGSBURY ST,no_controls,parking_lot,clear,0,2016,28697
straight_and_level,1624,following_too_closely,no_controls,0,3,rear_end,0,12,0,0,2,0,0,0,2,41.960419739,daylight,-87.763353406,11,no_indication_of_injury,2,30,no_defects,dry,W MONTROSE AVE,no_controls,divided_-_w/median_(not_raised),clear,0,2016,37416
straight_and_level,1631,following_too_closely,functioning_properly,0,2,rear_end,1,16,0,0,2,0,0,0,2,41.943415205,daylight,-87.828720717,11,no_indication_of_injury,2,30,no_defects,dry,W FOREST PRESERVE AVE,traffic_signal,not_divided,clear,0,2016,38115
straight_and_level,1624,unable_to_determine,no_controls,0,3,angle,0,12,0,0,2,0,0,0,2,41.957968695,daylight,-87.757153477,11,no_indication_of_injury,2,30,no_defects,wet,N LARAMIE AVE,no_controls,not_divided,rain,0,2016,38040
straight_and_level,524,improper_turning/no_signal,functioning_properly,0,1,turning,0,18,0,0,2,0,0,0,4,41.67743887,darkness,-87.661236027,11,no_indication_of_injury,2,30,no_defects,dry,S ASHLAND AVE,traffic_signal,one-way,clear,0,2016,34625
straight_and_level,713,improper_turning/no_signal,no_controls,0,3,fixed_object,0,19,0,0,2,0,0,1,2,41.779450043,"darkness,_lighted_road",-87.658113932,11,no_indication_of_injury,1,30,unknown,dry,W 63RD ST,no_controls,not_divided,clear,0,2016,50333
straight_and_level,321,distraction_-_from_inside_vehicle,functioning_properly,0,5,rear_end,0,8,0,0,2,0,0,0,2,41.766124974,daylight,-87.591325592,11,no_indication_of_injury,2,30,no_defects,dry,E 71ST ST,traffic_signal,not_divided,clear,0,2016,47732
straight_and_level,331,following_too_closely,no_controls,0,3,rear_end,0,16,0,0,1,1,0,0,2,41.771641127,dusk,-87.566742359,11,nonincapacitating_injury,2,45,no_defects,wet,S SOUTH SHORE DR,no_controls,not_divided,rain,0,2016,32362
straight_and_level,1221,following_too_closely,functioning_properly,0,2,rear_end,0,7,0,0,1,1,0,0,2,41.895485336,daylight,-87.702180289,11,nonincapacitating_injury,2,30,no_defects,dry,W CHICAGO AVE,traffic_signal,not_divided,clear,0,2016,49233
straight_and_level,714,unable_to_determine,functioning_properly,0,4,turning,1,8,0,0,2,0,0,1,2,41.786654178,daylight,-87.664539158,11,no_indication_of_injury,2,30,unknown,dry,S ASHLAND AVE,traffic_signal,not_divided,unknown,0,2016,56496
straight_and_level,1224,disregarding_stop_sign,functioning_properly,0,2,angle,0,20,0,0,2,0,0,1,3,41.884498759,darkness,-87.648548759,11,no_indication_of_injury,2,30,no_defects,dry,W RANDOLPH ST,stop_sign/flasher,one-way,clear,0,2016,29239
straight_and_level,2211,following_too_closely,functioning_properly,0,3,rear_end,0,8,0,0,2,0,0,0,4,41.698957928,daylight,-87.701232209,11,no_indication_of_injury,2,30,no_defects,wet,S KEDZIE AVE,traffic_signal,not_divided,rain,0,2016,50690
"curve,_level",2212,failing_to_reduce_speed_to_avoid_crash,functioning_properly,0,5,turning,0,20,0,0,2,0,0,1,2,41.706723578,"darkness,_lighted_road",-87.656194541,11,no_indication_of_injury,2,30,no_defects,dry,S VINCENNES AVE,traffic_signal,divided_-_w/median_(not_raised),clear,0,2016,36353
straight_and_level,1231,failing_to_yield_right-of-way,functioning_properly,0,5,angle,1,14,0,0,2,0,0,1,3,41.875284201,daylight,-87.666754902,11,no_indication_of_injury,2,30,no_defects,dry,W CONGRESS PKWY,traffic_signal,one-way,clear,0,2016,30994