alignment,beat,contributory_cause,device_condition,dooring,dow,first_crash_type,hit_and_run,hour,injuries_fatal,injuries_incapacitating,injuries_no_indication,injuries_non_incapacitating,injuries_reported_not_evident,intersection_related,lane_count,latitude,lighting_condition,longitude,month,most_severe_injury,num_units,posted_speed_limit,road_defect,roadway_surface_cond,street,traffic_control_device,trafficway_type,weather_condition,work_zone,year,i
straight_and_level,812,unable_to_determine,no_controls,0,5,sideswipe_same_direction,0,0,0,0,2,0,0,0,2,41.778032283,"darkness,_lighted_road",-87.767684736,11,no_indication_of_injury,3,25,no_defects,dry,S MONITOR AVE,no_controls,divided_-_w/median_(not_raised),clear,0,2016,24968
straight_and_level,512,unable_to_determine,no_controls,0,6,parked_motor_vehicle,1,3,0,0,1,0,0,0,2,41.703544863,"darkness,_lighted_road",-87.60375162,11,no_indication_of_injury,2,30,unknown,dry,S CORLISS AVE,no_controls,not_divided,clear,0,2016,56518
straight_and_level,2022,improper_lane_usage,functioning_properly,0,0,turning,0,19,0,0,2,0,0,1,5,41.985242129,"darkness,_lighted_road",-87.655389118,11,no_indication_of_injury,2,0,no_defects,dry,N SHERIDAN RD,traffic_signal,not_divided,clear,0,2016,42186
straight_and_level,2514,unable_to_determine,no_controls,0,6,parked_motor_vehicle,1,6,0,0,1,0,0,0,1,41.936630601,unknown,-87.768714232,11,no_indication_of_injury,2,20,unknown,unknown,N MAJOR AVE,no_controls,divided_-_w/median_(not_raised),unknown,0,2016,34649
straight_and_level,1831,unable_to_determine,functioning_properly,0,3,turning,0,5,0,0,2,0,0,0,4,41.889634253,"darkness,_lighted_road",-87.6297443,11,no_indication_of_injury,2,30,no_defects,dry,N DEARBORN ST,traffic_signal,one-way,clear,0,2016,51365
straight_and_level,123,not_applicable,no_controls,0,3,rear_end,0,13,0,0,2,0,0,0,4,41.87257647,daylight,-87.627695368,12,no_indication_of_injury,2,35,no_defects,dry,S STATE ST,no_controls,divided_-_w/median_barrier,clear,0,2016,51457
straight_and_level,1215,unable_to_determine,functioning_properly,0,4,turning,0,5,0,0,3,0,0,1,2,41.892790071,dusk,-87.65772054,12,no_indication_of_injury,2,25,no_defects,dry,N OGDEN AVE,traffic_signal,divided_-_w/median_(not_raised),clear,0,2016,34987
straight_and_level,1213,following_too_closely,no_controls,0,6,rear_end,0,17,0,0,4,0,0,0,2,41.899798305,darkness,-87.668544532,12,no_indication_of_injury,2,30,no_defects,snow_or_slush,W AUGUSTA BLVD,no_controls,divided_-_w/median_(not_raised),snow,0,2016,52843
straight_and_level,1822,failing_to_yield_right-of-way,no_controls,0,6,sideswipe_same_direction,0,12,0,0,4,0,0,0,4,41.910674858,daylight,-87.65680614,12,no_indication_of_injury,2,30,no_defects,dry,W NORTH AVE,no_controls,divided_-_w/median_(not_raised),clear,0,2016,36216
straight_and_level,2032,unable_to_determine,no_controls,0,0,parked_motor_vehicle,0,11,0,0,1,0,0,0,1,41.970625209,daylight,-87.681818625,12,no_indication_of_injury,2,30,no_defects,snow_or_slush,N HOYNE AVE,no_controls,one-way,snow,0,2016,27233
straight_and_level,1433,following_too_closely,functioning_properly,0,3,rear_end,0,7,0,0,2,0,0,0,2,41.910739124,daylight,-87.667755542,12,no_indication_of_injury,2,30,no_defects,dry,W NORTH AVE,traffic_signal,not_divided,clear,0,2016,43581
straight_and_level,1433,failing_to_yield_right-of-way,functioning_properly,0,5,angle,0,23,0,0,2,0,0,0,4,41.907506046,"darkness,_lighted_road",-87.667750085,12,no_indication_of_injury,2,30,no_defects,dry,N ASHLAND AVE,stop_sign/flasher,divided_-_w/median_barrier,clear,0,2016,43084
straight_and_level,814,unable_to_determine,no_controls,0,2,angle,0,13,0,0,2,0,0,0,4,41.799343816,daylight,-87.743094453,12,no_indication_of_injury,2,15,no_defects,wet,S CICERO AVE,no_controls,divided_-_w/median_(not_raised),clear,0,2016,53657
straight_on_grade,1824,following_too_closely,functioning_properly,0,1,rear_end,0,17,0,0,2,0,0,1,1,41.902377695,"darkness,_lighted_road",-87.628163099,12,no_indication_of_injury,2,30,no_defects,dry,N RUSH ST,traffic_signal,one-way,clear,0,2016,31239
straight_and_level,813,failing_to_reduce_speed_to_avoid_crash,no_controls,0,0,rear_end,0,15,0,0,2,0,0,0,4,41.778652374,daylight,-87.732589629,12,no_indication_of_injury,2,30,no_defects,snow_or_slush,W 63RD ST,no_controls,divided_-_w/median_(not_raised),snow,0,2016,56570
straight_and_level,834,unable_to_determine,unknown,0,5,parked_motor_vehicle,0,16,0,0,1,0,0,0,2,41.747647449,daylight,-87.716240441,12,no_indication_of_injury,2,25,unknown,wet,W 80TH ST,delineators,not_divided,rain,0,2016,41469
straight_and_level,1834,following_too_closely,no_controls,0,6,rear_end,0,17,0,0,2,0,0,0,4,41.892602513,"darkness,_lighted_road",-87.626823266,12,no_indication_of_injury,2,30,no_defects,dry,E OHIO ST,no_controls,not_divided,clear,0,2016,37424
straight_and_level,1711,following_too_closely,no_controls,0,2,rear_end,0,8,0,0,2,0,0,0,2,41.990302465,daylight,-87.724097553,12,no_indication_of_injury,2,30,no_defects,dry,W PETERSON AVE,no_controls,not_divided,clear,0,2016,46565
straight_on_grade,1114,unable_to_determine,no_controls,0,2,fixed_object,0,13,0,0,1,0,0,0,1,41.887641712,daylight,-87.728674241,12,no_indication_of_injury,1,5,no_defects,dry,W KINZIE ST,no_controls,other,clear,0,2016,28105
straight_and_level,1221,unable_to_determine,no_controls,0,3,angle,0,13,0,0,1,0,2,0,2,41.889646181,daylight,-87.67509787,12,"reported,_not_evident",2,30,no_defects,wet,W HUBBARD ST,no_controls,divided_-_w/median_(not_raised),clear,0,2016,34619
straight_and_level,1131,disregarding_traffic_signals,functioning_properly,0,0,angle,1,3,0,0,2,0,1,1,2,41.870180332,"darkness,_lighted_road",-87.735127025,12,"reported,_not_evident",2,30,no_defects,snow_or_slush,W FIFTH AVE,traffic_signal,not_divided,snow,0,2016,27852
straight_and_level,1031,weather,functioning_properly,0,1,rear_end,0,7,0,0,2,0,0,0,1,41.838606342,daylight,-87.726679884,12,no_indication_of_injury,2,30,no_defects,ice,S KARLOV AVE,stop_sign/flasher,one-way,clear,0,2016,29549
straight_and_level,2013,unable_to_determine,unknown,0,5,rear_end,0,8,0,0,2,0,0,1,2,41.976412143,daylight,-87.660015082,12,no_indication_of_injury,2,30,unknown,unknown,N BROADWAY,traffic_signal,divided_-_w/median_(not_raised),clear,0,2016,38807
straight_and_level,1111,driving_skills/knowledge/experience,no_controls,0,6,sideswipe_same_direction,0,10,0,0,3,0,0,0,1,41.895297805,daylight,-87.734862764,12,no_indication_of_injury,2,25,unknown,unknown,N KOLIN AVE,no_controls,one-way,cloudy/overcast,0,2016,38669
straight_and_level,1932,failing_to_reduce_speed_to_avoid_crash,functioning_properly,0,2,rear_end,0,14,0,0,2,0,0,1,4,41.939607388,daylight,-87.668511878,12,no_indication_of_injury,2,30,no_defects,dry,N ASHLAND AVE,traffic_signal,not_divided,clear,0,2016,48098
straight_and_level,2221,driving_skills/knowledge/experience,no_controls,0,2,sideswipe_same_direction,0,17,0,0,2,0,0,0,4,41.735481629,darkness,-87.67788424,12,no_indication_of_injury,2,30,no_defects,wet,W 87TH ST,no_controls,divided_-_w/median_barrier,snow,0,2016,46618
straight_and_level,1234,unable_to_determine,no_controls,0,6,sideswipe_same_direction,0,12,0,0,3,0,0,0,4,41.852937031,daylight,-87.666175817,12,no_indication_of_injury,2,30,unknown,dry,S ASHLAND AVE,no_controls,divided_-_w/median_(not_raised),clear,0,2016,38093
straight_and_level,621,failing_to_reduce_speed_to_avoid_crash,no_controls,0,3,rear_end,1,16,0,0,3,0,0,0,4,41.757502237,"darkness,_lighted_road",-87.644365867,12,no_indication_of_injury,2,30,no_defects,wet,S HALSTED ST,no_controls,divided_-_w/median_(not_raised),clear,0,2016,28726
straight_and_level,1822,following_too_closely,functioning_properly,0,1,rear_end,0,14,0,0,2,0,0,0,2,41.904860832,daylight,-87.648098752,12,no_indication_of_injury,2,30,no_defects,dry,W SCOTT ST,stop_sign/flasher,divided_-_w/median_(not_raised),clear,0,2016,50964
straight_and_level,935,following_too_closely,functioning_properly,0,2,turning,1,14,0,0,2,0,0,0,4,41.794622829,daylight,-87.633063763,12,no_indication_of_injury,2,30,unknown,dry,W GARFIELD BLVD,no_controls,one-way,clear,0,2016,38623
straight_and_level,813,unable_to_determine,functioning_properly,0,6,rear_end,0,17,0,0,2,0,0,0,4,41.785706414,"darkness,_lighted_road",-87.741488348,12,no_indication_of_injury,2,30,no_defects,dry,S CICERO AVE,traffic_signal,divided_-_w/median_barrier,clear,0,2016,27906
straight_and_level,925,failing_to_yield_right-of-way,no_controls,0,5,turning,0,5,0,0,2,0,0,0,4,41.823340347,"darkness,_lighted_road",-87.646553847,12,no_indication_of_injury,2,30,no_defects,dry,W PERSHING RD,no_controls,divided_-_w/median_(not_raised),clear,0,2016,40382
straight_and_level,123,following_too_closely,functioning_properly,0,3,rear_end,0,8,0,0,2,0,0,1,2,41.875499909,daylight,-87.63075825,12,no_indication_of_injury,2,30,no_defects,dry,W CONGRESS PKWY,traffic_signal,divided_-_w/median_(not_raised),clear,0,2016,45391
straight_and_level,313,weather,functioning_properly,0,6,rear_end,1,10,0,0,2,0,0,0,2,41.783860424,daylight,-87.610820064,12,no_indication_of_injury,2,30,no_defects,wet,E 61ST ST,stop_sign/flasher,divided_-_w/median_(not_raised),rain,0,2016,41677
straight_and_level,2512,weather,no_controls,0,4,rear_end,0,6,0,0,3,0,0,0,4,41.923504402,"darkness,_lighted_road",-87.793301724,12,no_indication_of_injury,3,30,no_defects,ice,W GRAND AVE,no_controls,divided_-_w/median_(not_raised),cloudy/overcast,0,2016,49210
straight_and_level,2012,unable_to_determine,no_controls,0,1,parked_motor_vehicle,1,14,0,0,1,0,0,0,4,41.989020193,daylight,-87.670066249,12,no_indication_of_injury,2,35,no_defects,dry,N CLARK ST,no_controls,divided_-_w/median_barrier,clear,0,2016,44637
straight_and_level,614,unable_to_determine,no_controls,0,5,rear_end,0,13,0,0,2,0,0,0,4,41.744801102,daylight,-87.663446629,12,no_indication_of_injury,2,35,no_defects,dry,S ASHLAND AVE,no_controls,not_divided,clear,0,2016,53772
straight_and_level,1612,improper_backing,no_controls,0,6,rear_end,1,11,0,0,5,0,0,0,2,41.993597708,daylight,-87.806415855,12,no_indication_of_injury,2,35,no_defects,wet,W MYRTLE AVE,stop_sign/flasher,not_divided,clear,0,2016,45374
straight_and_level,915,unable_to_determine,no_controls,0,2,rear_end,0,7,0,0,2,0,0,0,3,41.838200594,daylight,-87.631823376,12,no_indication_of_injury,2,30,no_defects,dry,S WENTWORTH AVE,no_controls,one-way,clear,0,2016,28292
straight_and_level,122,unable_to_determine,no_controls,0,3,sideswipe_same_direction,0,12,0,0,2,0,0,0,3,41.883261677,daylight,-87.637194664,12,no_indication_of_injury,2,30,no_defects,dry,N WACKER DR,no_controls,not_divided,clear,0,2016,47903
straight_and_level,624,"operating_vehicle_in_erratic,_reckless,_careless,_negligent_or_aggressive_manner",no_controls,0,5,sideswipe_same_direction,0,18,0,0,1,0,0,0,2,41.754216556,darkness,-87.605424455,12,no_indication_of_injury,2,30,no_defects,snow_or_slush,S COTTAGE GROVE AVE,no_controls,not_divided,snow,0,2016,47810
straight_and_level,833,unable_to_determine,no_controls,0,1,parked_motor_vehicle,1,7,0,0,1,0,0,0,2,41.774184589,unknown,-87.720338825,12,no_indication_of_injury,2,25,no_defects,dry,S SPRINGFIELD AVE,no_controls,divided_-_w/median_(not_raised),unknown,0,2016,31162
straight_and_level,1632,unable_to_determine,no_controls,0,5,parked_motor_vehicle,1,22,0,0,1,0,0,0,2,41.939660172,darkness,-87.795901706,12,no_indication_of_injury,2,30,no_defects,wet,N OAK PARK AVE,no_controls,not_divided,rain,0,2016,39897
straight_and_level,723,improper_lane_usage,functioning_properly,0,2,turning,0,13,0,0,2,0,0,0,2,41.7796575,daylight,-87.644930993,12,no_indication_of_injury,2,25,no_defects,wet,S HALSTED ST,stop_sign/flasher,not_divided,clear,0,2016,37072
straight_and_level,1833,unable_to_determine,no_controls,0,5,parked_motor_vehicle,0,22,0,0,1,0,0,0,2,41.897515654,darkness,-87.621203464,12,no_indication_of_injury,2,20,no_defects,dry,E PEARSON ST,no_controls,one-way,clear,0,2016,48341
straight_and_level,822,unable_to_determine,unknown,0,0,parked_motor_vehicle,1,23,0,0,1,0,0,0,1,41.789754007,unknown,-87.704612871,12,no_indication_of_injury,2,30,unknown,snow_or_slush,W 57TH ST,unknown,not_divided,snow,0,2016,55663
straight_and_level,1111,failing_to_yield_right-of-way,no_controls,0,3,sideswipe_same_direction,0,17,0,0,2,0,0,0,2,41.898958323,"darkness,_lighted_road",-87.736167474,12,no_indication_of_injury,2,30,no_defects,dry,W AUGUSTA BLVD,no_controls,not_divided,clear,0,2016,31282
"curve,_level",331,improper_turning/no_signal,functioning_properly,0,5,turning,1,22,0,0,5,0,0,0,6,41.791420282,"darkness,_lighted_road",-87.580147769,12,no_indication_of_injury,2,35,no_defects,wet,S LAKE SHORE DR,traffic_signal,divided_-_w/median_barrier,snow,0,2016,34040
straight_and_level,122,improper_lane_usage,no_controls,0,6,sideswipe_same_direction,0,20,0,0,2,0,0,0,2,41.876936661,"darkness,_lighted_road",-87.635105208,12,no_indication_of_injury,2,30,no_defects,dry,W VAN BUREN ST,no_controls,one-way,clear,0,2016,52003
straight_and_level,835,unable_to_determine,no_controls,0,4,rear_end,0,15,0,0,5,0,0,0,1,41.749433951,daylight,-87.682684988,12,no_indication_of_injury,2,30,unknown,snow_or_slush,S WESTERN AVE,no_controls,driveway,snow,0,2016,35722
straight_and_level,324,improper_backing,no_controls,0,0,rear_end,0,11,0,0,2,0,0,0,4,41.764349541,daylight,-87.585755901,12,no_indication_of_injury,2,30,no_defects,snow_or_slush,E 72ND ST,stop_sign/flasher,divided_-_w/median_barrier,snow,0,2016,40231
straight_and_level,812,weather,functioning_properly,0,1,rear_end,0,8,0,0,2,0,1,1,2,41.777261773,daylight,-87.800749629,12,"reported,_not_evident",2,30,unknown,ice,S HARLEM AVE,traffic_signal,divided_-_w/median_(not_raised),clear,0,2016,50128
straight_and_level,1834,failing_to_reduce_speed_to_avoid_crash,no_controls,0,3,sideswipe_same_direction,0,20,0,0,2,0,0,0,2,41.895392739,darkness,-87.625621417,12,no_indication_of_injury,2,25,no_defects,dry,N RUSH ST,no_controls,one-way,clear,0,2016,43743
straight_and_level,121,improper_overtaking/passing,functioning_properly,0,4,sideswipe_same_direction,0,15,0,0,2,0,0,0,3,41.884543398,daylight,-87.642331387,12,no_indication_of_injury,2,30,no_defects,wet,W RANDOLPH ST,traffic_signal,other,clear,0,2016,28050
straight_and_level,1914,unable_to_determine,functioning_properly,0,1,rear_end,0,9,0,0,2,0,0,0,2,41.969021686,daylight,-87.651598462,12,no_indication_of_injury,2,30,no_defects,snow_or_slush,W LAWRENCE AVE,traffic_signal,not_divided,snow,0,2016,33639
straight_and_level,912,disregarding_other_traffic_signs,functioning_properly,0,2,sideswipe_same_direction,1,6,0,0,2,0,0,0,4,41.828361147,daylight,-87.681192795,12,no_indication_of_injury,2,30,no_defects,ice,S ARCHER AVE,traffic_signal,divided_-_w/median_(not_raised),clear,0,2016,32145
straight_and_level,2534,improper_backing,no_controls,0,2,parked_motor_vehicle,0,16,0,0,1,0,0,0,2,41.906715737,dusk,-87.727498966,12,no_indication_of_injury,2,30,no_defects,snow_or_slush,N KEYSTONE AVE,no_controls,not_divided,clear,0,2016,56864
straight_and_level,834,improper_lane_usage,functioning_properly,0,2,sideswipe_same_direction,0,11,0,0,4,0,0,0,0,41.747681998,daylight,-87.741157266,12,no_indication_of_injury,2,30,no_defects,wet,S CICERO AVE,traffic_signal,other,clear,0,2016,55149
straight_and_level,723,unable_to_determine,no_controls,0,4,parked_motor_vehicle,1,20,0,0,1,0,0,0,2,41.775198543,dusk,-87.642835054,12,no_indication_of_injury,2,30,no_defects,dry,S UNION AVE,no_controls,not_divided,clear,0,2016,28104
straight_and_level,1712,unable_to_determine,no_controls,0,0,parked_motor_vehicle,1,2,0,0,1,0,0,0,1,41.970035464,"darkness,_lighted_road",-87.740355748,12,no_indication_of_injury,2,30,no_defects,snow_or_slush,N KILBOURN AVE,no_controls,not_divided,snow,0,2016,24928
straight_and_level,1034,following_too_closely,functioning_properly,0,1,rear_end,0,22,0,0,2,0,0,0,2,41.843307707,"darkness,_lighted_road",-87.685502164,12,no_indication_of_injury,2,30,no_defects,snow_or_slush,S WESTERN AVE,traffic_signal,not_divided,snow,0,2016,31681
straight_and_level,132,unable_to_determine,no_controls,0,1,rear_end,0,7,0,0,3,0,0,0,4,41.860257241,daylight,-87.617710633,12,no_indication_of_injury,2,40,no_defects,dry,S LAKE SHORE DR E,no_controls,other,clear,0,2016,33723
straight_and_level,513,unable_to_determine,functioning_properly,0,2,rear_end,0,12,0,0,2,0,0,0,2,41.692606864,daylight,-87.598691215,12,no_indication_of_injury,2,30,no_defects,dry,E 111TH ST,traffic_signal,center_turn_lane,clear,0,2016,31620
straight_on_hillcrest,131,improper_turning/no_signal,no_controls,0,5,turning,1,14,0,0,6,0,0,0,4,41.867286165,daylight,-87.630580968,12,no_indication_of_injury,2,35,no_defects,dry,S CLARK ST,no_controls,divided_-_w/median_(not_raised),clear,0,2016,34458
straight_and_level,2423,unable_to_determine,functioning_properly,0,6,sideswipe_same_direction,1,17,0,0,2,0,0,0,4,42.012864968,"darkness,_lighted_road",-87.667846545,12,no_indication_of_injury,2,30,no_defects,dry,W TOUHY AVE,traffic_signal,not_divided,clear,0,2016,26423
straight_and_level,2424,improper_overtaking/passing,no_controls,0,1,sideswipe_same_direction,0,12,0,0,3,0,0,0,2,42.019338019,daylight,-87.680509264,12,no_indication_of_injury,2,25,no_defects,snow_or_slush,W HOWARD ST,no_controls,divided_-_w/median_(not_raised),clear,0,2016,48974
straight_and_level,2212,unable_to_determine,no_controls,0,6,parked_motor_vehicle,0,9,0,0,1,0,0,0,2,41.690870316,daylight,-87.667506238,12,no_indication_of_injury,2,5,no_defects,dry,W MONTEREY AVE,no_controls,parking_lot,clear,0,2016,42574
straight_and_level,412,improper_backing,no_controls,0,5,parked_motor_vehicle,0,10,0,0,1,0,0,0,0,41.744151639,daylight,-87.585945067,12,no_indication_of_injury,2,30,no_defects,dry,S STONY ISLAND AVE,no_controls,parking_lot,clear,0,2016,30198
straight_and_level,811,unable_to_determine,no_controls,0,1,rear_end,1,15,0,0,2,0,0,0,4,41.786870149,daylight,-87.801163305,12,no_indication_of_injury,2,30,no_defects,wet,S HARLEM AVE,no_controls,not_divided,clear,0,2016,46138
straight_and_level,1821,unable_to_determine,no_controls,0,1,parked_motor_vehicle,0,18,0,0,4,0,0,0,2,41.908874398,"darkness,_lighted_road",-87.634786148,12,no_indication_of_injury,2,30,no_defects,dry,N WELLS ST,no_controls,divided_-_w/median_(not_raised),clear,0,2016,32073
straight_and_level,1221,unable_to_determine,no_controls,0,0,parked_motor_vehicle,1,17,0,0,1,0,0,0,1,41.892173376,"darkness,_lighted_road",-87.705075722,12,no_indication_of_injury,2,25,no_defects,snow_or_slush,N TROY ST,no_controls,one-way,snow,0,2016,26367
straight_and_level,322,unable_to_determine,functioning_properly,0,5,sideswipe_same_direction,0,11,0,0,3,0,0,0,1,41.769200411,daylight,-87.620356878,12,no_indication_of_injury,2,35,unknown,dry,S INDIANA AVE,traffic_signal,one-way,clear,0,2016,31587
straight_and_level,2031,unable_to_determine,no_controls,0,0,parked_motor_vehicle,1,9,0,0,1,0,0,0,2,41.969054348,daylight,-87.698559823,12,no_indication_of_injury,2,30,no_defects,snow_or_slush,N CALIFORNIA AVE,no_controls,divided_-_w/median_(not_raised),clear,0,2016,53600
straight_and_level,1434,failing_to_yield_right-of-way,functioning_properly,0,2,angle,0,9,0,0,2,0,0,1,2,41.916286799,daylight,-87.689969791,12,no_indication_of_injury,2,30,no_defects,wet,N CAMPBELL AVE,stop_sign/flasher,not_divided,clear,0,2016,46172
straight_and_level,1824,not_applicable,other,0,6,rear_end,1,0,0,0,1,0,0,0,8,41.907954219,"darkness,_lighted_road",-87.625212621,12,no_indication_of_injury,2,45,unknown,wet,N LAKE SHORE DR NB,lane_use_marking,divided_-_w/median_barrier,snow,0,2016,34332
straight_and_level,1732,unable_to_determine,no_controls,0,6,parked_motor_vehicle,1,12,0,0,1,0,0,0,1,41.946936894,darkness,-87.730502287,12,no_indication_of_injury,2,35,no_defects,snow_or_slush,N KEDVALE AVE,no_controls,not_divided,snow,0,2016,53892
straight_and_level,513,driving_skills/knowledge/experience,no_controls,0,6,parked_motor_vehicle,0,1,0,0,1,0,0,0,1,41.699776939,"darkness,_lighted_road",-87.623456825,12,no_indication_of_injury,2,10,unknown,dry,S STATE ST,no_controls,parking_lot,clear,0,2016,32434
straight_and_level,1722,following_too_closely,functioning_properly,0,1,rear_end,0,8,0,0,2,0,0,0,4,41.95370551,daylight,-87.732550981,12,no_indication_of_injury,2,30,no_defects,dry,W IRVING PARK RD,traffic_signal,not_divided,clear,0,2016,49852
straight_and_level,2013,unable_to_determine,no_controls,0,5,parked_motor_vehicle,0,16,0,0,5,0,0,0,2,41.983428189,daylight,-87.665865373,12,no_indication_of_injury,2,30,no_defects,dry,W BRYN MAWR AVE,no_controls,not_divided,clear,0,2016,49718
straight_and_level,132,improper_turning/no_signal,functioning_properly,0,2,overturned,0,23,0,0,2,0,0,0,4,41.851199837,darkness,-87.618819484,12,no_indication_of_injury,2,30,no_defects,wet,S DR MARTIN LUTHER KING JR DR,traffic_signal,not_divided,clear,0,2016,41528
straight_and_level,331,unable_to_determine,no_controls,0,2,rear_end,0,18,0,0,2,0,0,0,4,41.791420282,darkness,-87.580147769,12,no_indication_of_injury,2,30,no_defects,dry,S LAKE SHORE DR,no_controls,divided_-_w/median_barrier,clear,0,2016,25803
straight_and_level,2011,not_applicable,functioning_properly,0,4,turning,0,19,0,0,2,0,0,0,4,41.975995955,"darkness,_lighted_road",-87.689302165,12,no_indication_of_injury,2,30,no_defects,dry,N WESTERN AVE,traffic_signal,not_divided,clear,0,2016,43322
straight_and_level,2024,failing_to_yield_right-of-way,no_controls,0,4,turning,0,12,0,0,2,0,0,0,3,41.976028996,daylight,-87.654851584,12,no_indication_of_injury,2,30,no_defects,dry,N SHERIDAN RD,no_controls,not_divided,clear,0,2016,25748
straight_and_level,1221,improper_overtaking/passing,no_controls,0,6,sideswipe_same_direction,1,0,0,0,2,0,0,0,2,41.890810447,"darkness,_lighted_road",-87.684313326,12,no_indication_of_injury,2,30,no_defects,dry,W GRAND AVE,no_controls,not_divided,clear,0,2016,35477
straight_and_level,1012,"operating_vehicle_in_erratic,_reckless,_careless,_negligent_or_aggressive_manner",no_controls,0,3,fixed_object,0,21,0,0,4,0,0,0,1,41.859232638,"darkness,_lighted_road",-87.733672429,12,no_indication_of_injury,1,30,no_defects,dry,S KOLIN AVE,no_controls,alley,clear,0,2016,55939
straight_and_level,132,unable_to_determine,no_controls,0,5,pedestrian,0,7,0,0,2,0,0,0,4,41.864950069,daylight,-87.623947904,12,no_indication_of_injury,2,30,no_defects,dry,S MICHIGAN AVE,no_controls,divided_-_w/median_(not_raised),clear,0,2016,35928
straight_and_level,1524,unable_to_determine,functioning_properly,0,5,angle,0,14,0,0,3,0,0,0,2,41.900368257,daylight,-87.765443945,12,no_indication_of_injury,2,30,shoulder_defect,dry,N CENTRAL AVE,stop_sign/flasher,not_divided,clear,0,2016,45094
straight_and_level,1632,improper_overtaking/passing,no_controls,0,3,sideswipe_same_direction,0,18,0,0,2,0,0,1,2,41.953024751,darkness,-87.786683238,12,no_indication_of_injury,2,30,no_defects,dry,W IRVING PARK RD,no_controls,not_divided,clear,0,2016,44371
straight_and_level,113,improper_lane_usage,no_controls,0,6,sideswipe_same_direction,0,9,0,0,2,0,0,0,6,41.875802599,daylight,-87.625734412,12,no_indication_of_injury,2,30,no_defects,dry,E CONGRESS PKWY,no_controls,not_divided,clear,0,2016,31197
straight_and_level,1212,failing_to_yield_right-of-way,functioning_properly,0,1,pedalcyclist,0,20,0,0,2,0,0,1,0,41.899487159,"darkness,_lighted_road",-87.687062682,12,no_indication_of_injury,2,30,no_defects,wet,W AUGUSTA BLVD,traffic_signal,not_divided,clear,0,2016,130124
straight_and_level,2515,following_too_closely,functioning_properly,0,1,parked_motor_vehicle,1,10,0,0,1,0,0,1,2,41.927403903,daylight,-87.773466079,12,no_indication_of_injury,2,30,no_defects,snow_or_slush,W WRIGHTWOOD AVE,stop_sign/flasher,divided_-_w/median_(not_raised),clear,0,2016,35361
straight_and_level,1235,unable_to_determine,functioning_properly,0,4,sideswipe_same_direction,0,16,0,0,2,0,0,0,4,41.85278523,daylight,-87.644004288,12,no_indication_of_injury,2,30,no_defects,dry,W CERMAK RD,traffic_signal,divided_-_w/median_(not_raised),clear,0,2016,55446
straight_and_level,412,improper_backing,functioning_properly,0,2,rear_end,0,10,0,0,2,0,0,0,4,41.737004664,daylight,-87.586963625,12,no_indication_of_injury,2,30,no_defects,dry,E 87TH ST,traffic_signal,not_divided,clear,0,2016,54881
straight_and_level,1831,following_too_closely,functioning_improperly,0,5,rear_end,0,18,0,0,5,0,0,0,2,41.896445526,"darkness,_lighted_road",-87.641375524,12,no_indication_of_injury,2,30,no_defects,dry,N KINGSBURY ST,traffic_signal,divided_-_w/median_(not_raised),clear,0,2016,44329
straight_and_level,2432,unable_to_determine,no_controls,0,2,parked_motor_vehicle,1,16,0,0,1,0,0,0,1,41.998506245,dusk,-87.661712595,12,no_indication_of_injury,2,30,no_defects,dry,N MAGNOLIA AVE,no_controls,one-way,clear,0,2016,42392
straight_and_level,323,improper_backing,other,0,5,angle,0,20,0,0,3,0,0,0,2,41.760021287,daylight,-87.621718275,12,no_indication_of_injury,2,30,no_defects,ice,S MICHIGAN AVE,stop_sign/flasher,one-way,clear,0,2016,45317
straight_and_level,1633,exceeding_authorized_speed_limit,no_controls,0,5,rear_end,0,19,0,0,2,0,0,0,2,41.953105935,darkness,-87.769297013,12,no_indication_of_injury,2,30,no_defects,wet,N MAJOR AVE,no_controls,not_divided,snow,0,2016,47434
straight_and_level,1712,unable_to_determine,no_controls,0,5,head_on,0,13,0,0,2,0,0,0,1,41.969030699,daylight,-87.729140584,12,no_indication_of_injury,2,35,no_defects,ice,N KEYSTONE AVE,no_controls,not_divided,clear,0,2016,31406
straight_and_level,733,failing_to_yield_right-of-way,functioning_properly,0,6,angle,0,12,0,0,1,0,2,1,2,41.763457671,daylight,-87.645434301,12,"reported,_not_evident",2,30,no_defects,dry,S GREEN ST,stop_sign/flasher,divided_-_w/median_(not_raised),clear,0,2016,43209
straight_and_level,725,failing_to_yield_right-of-way,no_controls,0,0,angle,1,2,0,0,2,0,0,0,1,41.76866682,"darkness,_lighted_road",-87.663510982,12,no_indication_of_injury,2,20,no_defects,snow_or_slush,W 69TH ST,no_controls,alley,snow,0,2016,28247
straight_and_level,433,unable_to_determine,no_controls,0,5,parked_motor_vehicle,1,9,0,0,1,0,0,0,2,41.690868882,daylight,-87.539960333,12,no_indication_of_injury,2,30,unknown,snow_or_slush,S AVENUE O,no_controls,not_divided,snow,0,2016,54369