alignment,beat,contributory_cause,device_condition,dooring,dow,first_crash_type,hit_and_run,hour,injuries_fatal,injuries_incapacitating,injuries_no_indication,injuries_non_incapacitating,injuries_reported_not_evident,intersection_related,lane_count,latitude,lighting_condition,longitude,month,most_severe_injury,num_units,posted_speed_limit,road_defect,roadway_surface_cond,street,traffic_control_device,trafficway_type,weather_condition,work_zone,year,i
straight_and_level,2515,unable_to_determine,no_controls,0,0,parked_motor_vehicle,1,11,0,0,1,0,0,0,1,41.922113789,daylight,-87.774587459,12,no_indication_of_injury,2,30,no_defects,dry,N MASON AVE,no_controls,divided_-_w/median_(not_raised),clear,0,2016,47691
straight_and_level,1824,improper_lane_usage,no_controls,0,0,sideswipe_same_direction,1,23,0,0,2,0,0,0,4,41.900958919,"darkness,_lighted_road",-87.619928174,12,no_indication_of_injury,2,30,no_defects,snow_or_slush,N LAKE SHORE DR SB,no_controls,other,snow,0,2016,47750
straight_and_level,323,unable_to_determine,no_controls,0,5,sideswipe_opposite_direction,0,10,0,0,2,0,0,0,2,41.761781439,daylight,-87.624973955,12,no_indication_of_injury,2,30,no_defects,dry,S STATE ST,no_controls,unknown,clear,0,2016,39580
straight_and_level,725,unable_to_determine,functioning_properly,0,6,rear_end,1,20,0,0,5,0,0,0,2,41.77937222,"darkness,_lighted_road",-87.664365347,12,no_indication_of_injury,2,35,no_defects,dry,S ASHLAND AVE,traffic_signal,center_turn_lane,clear,0,2016,49063
straight_and_level,1611,improper_lane_usage,no_controls,0,1,rear_end,0,12,0,0,2,0,0,0,1,41.990396089,daylight,-87.77803668,12,no_indication_of_injury,2,30,no_defects,dry,N AUSTIN AVE,no_controls,not_divided,clear,0,2016,46425
straight_and_level,1111,driving_skills/knowledge/experience,unknown,0,0,parked_motor_vehicle,0,3,0,0,1,0,0,0,1,41.897050365,"darkness,_lighted_road",-87.728845868,12,no_indication_of_injury,3,25,unknown,wet,W IOWA ST,no_controls,one-way,clear,0,2016,44410
straight_and_level,2432,improper_overtaking/passing,no_controls,0,5,sideswipe_same_direction,0,17,0,0,2,0,0,0,2,41.998283061,darkness,-87.661974605,12,no_indication_of_injury,2,30,no_defects,snow_or_slush,W DEVON AVE,no_controls,divided_-_w/median_(not_raised),snow,0,2016,30329
straight_and_level,431,following_too_closely,functioning_properly,0,5,rear_end,0,16,0,0,5,1,0,0,4,41.708067198,daylight,-87.574249991,12,nonincapacitating_injury,2,30,unknown,dry,E 103RD ST,traffic_signal,not_divided,clear,0,2016,54404
straight_and_level,1215,failing_to_yield_right-of-way,not_functioning,0,0,angle,0,13,0,0,5,0,0,1,0,41.889837462,daylight,-87.666963167,12,no_indication_of_injury,2,30,no_defects,wet,N ASHLAND AVE,stop_sign/flasher,divided_-_w/median_(not_raised),clear,0,2016,54234
straight_and_level,1433,unable_to_determine,no_controls,0,5,fixed_object,0,20,0,0,2,0,0,0,1,41.910719243,daylight,-87.667840807,12,no_indication_of_injury,1,30,no_defects,wet,N ASHLAND AVE,no_controls,parking_lot,clear,0,2016,27470
straight_and_level,1434,failing_to_reduce_speed_to_avoid_crash,no_controls,0,6,parked_motor_vehicle,0,0,0,0,1,0,0,0,2,41.914389249,"darkness,_lighted_road",-87.68343509,12,no_indication_of_injury,2,30,no_defects,snow_or_slush,N MILWAUKEE AVE,no_controls,not_divided,snow,0,2016,48017
straight_and_level,132,following_too_closely,functioning_properly,0,2,rear_end,0,13,0,0,3,0,0,0,3,41.850368375,daylight,-87.61871417,12,no_indication_of_injury,2,30,no_defects,dry,S DR MARTIN LUTHER KING JR DR,traffic_signal,divided_-_w/median_barrier,clear,0,2016,35872
straight_and_level,312,texting,no_controls,0,1,fixed_object,0,20,0,0,1,0,0,0,2,41.780174471,"darkness,_lighted_road",-87.61306155,12,no_indication_of_injury,1,30,no_defects,wet,E 63RD ST,no_controls,not_divided,clear,0,2016,34666
straight_and_level,523,unable_to_determine,no_controls,0,3,parked_motor_vehicle,1,21,0,0,2,0,0,0,1,41.664248962,darkness,-87.628356081,1,no_indication_of_injury,2,10,shoulder_defect,unknown,S YALE AVE,no_controls,not_divided,unknown,0,2017,27323
straight_and_level,114,unable_to_determine,no_controls,0,5,sideswipe_same_direction,0,21,0,0,2,0,0,0,6,41.887750299,"darkness,_lighted_road",-87.624410868,1,no_indication_of_injury,2,30,no_defects,dry,N MICHIGAN AVE,no_controls,not_divided,clear,0,2017,43501
straight_and_level,233,unable_to_determine,functioning_properly,0,5,rear_end,0,15,0,0,2,0,0,0,2,41.793722161,daylight,-87.613242668,1,no_indication_of_injury,2,30,no_defects,dry,S RUSSELL DR,stop_sign/flasher,not_divided,clear,0,2017,47431
straight_and_level,1914,unable_to_determine,no_controls,0,3,rear_end,0,8,0,0,2,0,0,0,8,41.965222479,daylight,-87.647363886,1,no_indication_of_injury,2,40,no_defects,dry,N LAKE SHORE DR SB,no_controls,divided_-_w/median_barrier,cloudy/overcast,0,2017,32435
straight_and_level,1824,failing_to_yield_right-of-way,functioning_properly,0,1,turning,0,16,0,0,6,0,0,1,3,41.91115002,daylight,-87.631531217,1,no_indication_of_injury,2,30,no_defects,dry,N CLARK ST,traffic_signal,divided_-_w/median_(not_raised),clear,0,2017,47659
straight_and_level,815,unable_to_determine,no_controls,0,2,parked_motor_vehicle,0,16,0,0,1,0,0,0,4,41.797224573,"darkness,_lighted_road",-87.72623588,1,no_indication_of_injury,2,25,no_defects,dry,W 52ND PL,no_controls,divided_-_w/median_(not_raised),clear,0,2017,30792
straight_and_level,1834,following_too_closely,functioning_properly,0,4,rear_end,0,9,0,0,2,0,0,1,1,41.895737985,daylight,-87.617659504,1,no_indication_of_injury,2,0,no_defects,dry,E SUPERIOR ST,stop_sign/flasher,one-way,clear,0,2017,54658
straight_and_level,1632,unable_to_determine,no_controls,0,2,parked_motor_vehicle,1,6,0,0,1,0,0,0,2,41.94202744,unknown,-87.790196863,1,no_indication_of_injury,2,30,unknown,unknown,W ROSCOE ST,no_controls,not_divided,unknown,0,2017,53825
straight_and_level,813,unable_to_determine,functioning_properly,0,4,sideswipe_same_direction,1,22,0,0,3,0,0,0,4,41.792910883,"darkness,_lighted_road",-87.742077343,1,no_indication_of_injury,3,25,no_defects,dry,S CICERO AVE,traffic_signal,divided_-_w/median_(not_raised),clear,0,2017,32560
straight_and_level,1023,following_too_closely,no_controls,0,5,rear_end,0,13,0,0,2,0,0,0,4,41.86440566,daylight,-87.686123614,1,no_indication_of_injury,2,30,no_defects,dry,S WESTERN AVE,no_controls,not_divided,clear,0,2017,44998
straight_and_level,921,unable_to_determine,no_controls,0,4,parked_motor_vehicle,1,10,0,0,1,0,0,0,4,41.820691707,daylight,-87.684902319,1,no_indication_of_injury,2,30,no_defects,dry,S WESTERN AVE,no_controls,not_divided,clear,0,2017,38267
straight_and_level,1533,unable_to_determine,functioning_properly,0,1,rear_end,1,14,0,0,2,0,0,0,2,41.871338453,daylight,-87.754592747,1,no_indication_of_injury,2,30,no_defects,wet,S LARAMIE AVE,traffic_signal,not_divided,rain,0,2017,54228
straight_and_level,215,unable_to_determine,functioning_properly,0,5,rear_end,1,19,0,0,2,0,0,1,1,41.809359637,darkness,-87.629877848,1,no_indication_of_injury,2,30,no_defects,dry,W 47TH ST,stop_sign/flasher,one-way,clear,0,2017,44560
straight_and_level,1522,unable_to_determine,functioning_properly,0,4,sideswipe_same_direction,1,9,0,0,2,0,0,0,4,41.880137457,daylight,-87.764777029,1,no_indication_of_injury,2,30,no_defects,dry,W MADISON ST,traffic_signal,divided_-_w/median_(not_raised),clear,0,2017,49984
straight_and_level,712,following_too_closely,functioning_properly,0,2,rear_end,0,17,0,0,2,0,0,0,4,41.793869012,darkness,-87.645294902,1,no_indication_of_injury,2,30,no_defects,dry,S HALSTED ST,traffic_signal,not_divided,clear,0,2017,38310
straight_and_level,1824,passing_stopped_school_bus,no_controls,0,1,sideswipe_opposite_direction,0,12,0,0,4,0,0,0,2,41.907945057,daylight,-87.631537222,1,no_indication_of_injury,2,30,no_defects,dry,W SCHILLER ST,no_controls,not_divided,cloudy/overcast,0,2017,35021
straight_and_level,1234,"operating_vehicle_in_erratic,_reckless,_careless,_negligent_or_aggressive_manner",no_controls,0,0,parked_motor_vehicle,1,12,0,0,1,0,0,0,2,41.855962921,daylight,-87.674686538,1,no_indication_of_injury,2,30,no_defects,dry,W 19TH ST,no_controls,divided_-_w/median_(not_raised),cloudy/overcast,0,2017,37818
straight_and_level,1623,following_too_closely,no_controls,0,2,rear_end,0,17,0,0,2,0,0,0,2,41.967797374,darkness,-87.757318908,1,no_indication_of_injury,2,30,no_defects,dry,W LAWRENCE AVE,no_controls,not_divided,clear,0,2017,30229
straight_and_level,1111,following_too_closely,functioning_properly,0,2,rear_end,0,12,0,0,2,0,0,1,4,41.889527732,daylight,-87.745467577,1,no_indication_of_injury,2,25,no_defects,dry,N CICERO AVE,traffic_signal,not_divided,clear,0,2017,29857
straight_and_level,832,improper_overtaking/passing,functioning_properly,0,3,turning,0,21,0,0,4,0,0,0,4,41.772159918,darkness,-87.684817327,1,no_indication_of_injury,2,35,unknown,dry,S ARTESIAN AVE,stop_sign/flasher,divided_-_w/median_(not_raised),clear,0,2017,53120
straight_and_level,434,unable_to_determine,no_controls,0,6,other_noncollision,0,12,0,0,1,0,0,0,2,41.707929656,daylight,-87.568584544,1,no_indication_of_injury,1,30,"rut,_holes",dry,E 103RD ST,no_controls,not_divided,clear,0,2017,43651
straight_and_level,321,unable_to_determine,other,0,3,turning,0,17,0,0,4,0,0,0,2,41.773361872,darkness,-87.594422789,1,no_indication_of_injury,4,30,unknown,wet,E 67TH ST,stop_sign/flasher,not_divided,rain,0,2017,37759
straight_and_level,424,improper_backing,no_controls,0,6,angle,0,17,0,0,2,0,0,0,0,41.730196259,"darkness,_lighted_road",-87.550563703,1,no_indication_of_injury,2,30,no_defects,wet,E 91ST ST,no_controls,other,clear,0,2017,51493
straight_and_level,2534,following_too_closely,no_controls,0,1,rear_end,0,10,0,0,2,0,0,0,2,41.908770651,daylight,-87.733303871,1,no_indication_of_injury,2,30,no_defects,dry,W GRAND AVE,no_controls,divided_-_w/median_(not_raised),fog/smoke/haze,0,2017,49187
straight_and_level,1112,unable_to_determine,no_controls,0,2,pedestrian,0,8,0,0,1,1,0,0,2,41.897030019,daylight,-87.721391328,1,nonincapacitating_injury,2,30,no_defects,wet,N HAMLIN AVE,no_controls,not_divided,rain,0,2017,48260
straight_and_level,833,unable_to_determine,no_controls,0,3,sideswipe_same_direction,0,7,0,0,2,0,0,0,4,41.771650146,daylight,-87.722729646,1,no_indication_of_injury,2,25,no_defects,dry,S PULASKI RD,no_controls,divided_-_w/median_(not_raised),clear,0,2017,46746
straight_and_level,1434,unable_to_determine,no_controls,1,6,pedalcyclist,0,15,0,0,3,0,0,0,2,41.910626342,daylight,-87.675507074,1,no_indication_of_injury,2,30,no_defects,dry,W NORTH AVE,no_controls,not_divided,clear,0,2017,130140
straight_and_level,111,following_too_closely,functioning_properly,0,2,rear_end,0,14,0,0,2,0,0,0,3,41.887830521,daylight,-87.624706039,1,no_indication_of_injury,2,30,no_defects,dry,N MICHIGAN AVE,traffic_signal,not_divided,clear,0,2017,26288
straight_and_level,1034,weather,functioning_properly,0,4,rear_end,0,4,0,0,2,0,0,1,6,41.844572347,"darkness,_lighted_road",-87.685287749,1,no_indication_of_injury,2,30,no_defects,ice,S WESTERN AVE,traffic_signal,not_divided,rain,0,2017,53576
straight_and_level,2534,unable_to_determine,no_controls,0,5,rear_end,0,18,0,0,2,0,0,0,2,41.90991132,"darkness,_lighted_road",-87.732637138,1,no_indication_of_injury,2,30,unknown,dry,W NORTH AVE,no_controls,not_divided,clear,0,2017,43562
straight_and_level,324,improper_backing,no_controls,0,4,angle,0,17,0,0,3,0,0,0,0,41.763022365,daylight,-87.586390162,1,no_indication_of_injury,2,5,no_defects,dry,S STONY ISLAND AVE,no_controls,parking_lot,clear,0,2017,45757
straight_and_level,1024,following_too_closely,functioning_properly,0,5,rear_end,0,17,0,0,3,0,0,0,1,41.844566475,darkness,-87.709428905,1,no_indication_of_injury,2,30,no_defects,dry,W 26TH ST,stop_sign/flasher,not_divided,clear,0,2017,27321
straight_and_level,832,unable_to_determine,unknown,0,5,rear_end,0,8,0,0,2,0,0,0,4,41.775116566,daylight,-87.683385839,1,no_indication_of_injury,2,30,unknown,dry,S WESTERN AVE,traffic_signal,not_divided,clear,0,2017,33042
straight_and_level,1831,improper_turning/no_signal,functioning_properly,0,2,turning,0,10,0,0,3,0,0,1,4,41.889318711,daylight,-87.628152668,1,no_indication_of_injury,2,0,no_defects,wet,N STATE ST,traffic_signal,not_divided,rain,0,2017,53168
straight_and_level,524,unable_to_determine,unknown,0,3,sideswipe_same_direction,1,18,0,0,2,0,0,0,4,41.677831406,unknown,-87.64865495,1,no_indication_of_injury,2,30,unknown,unknown,W 119TH ST,unknown,unknown,unknown,0,2017,40601
straight_and_level,1833,distraction_-_from_outside_vehicle,no_controls,0,1,sideswipe_same_direction,0,18,0,0,7,0,0,0,5,41.897740856,"darkness,_lighted_road",-87.623961316,1,no_indication_of_injury,2,30,no_defects,dry,N MICHIGAN AVE,no_controls,divided_-_w/median_(not_raised),clear,0,2017,38047
straight_and_level,111,failing_to_yield_right-of-way,no_controls,0,2,sideswipe_same_direction,0,9,0,0,2,0,0,0,2,41.886707738,daylight,-87.630794578,1,no_indication_of_injury,2,30,no_defects,wet,W WACKER DR,no_controls,divided_-_w/median_(not_raised),clear,0,2017,31719
straight_and_level,1223,unable_to_determine,functioning_properly,0,2,rear_end,0,22,0,0,2,0,0,0,4,41.879629366,"darkness,_lighted_road",-87.686245081,1,no_indication_of_injury,2,35,no_defects,wet,S WESTERN AVE,traffic_signal,divided_-_w/median_(not_raised),clear,0,2017,33419
straight_and_level,1623,weather,functioning_properly,0,2,rear_end,0,7,0,0,2,0,0,0,4,41.96853024,dawn,-87.767352098,1,no_indication_of_injury,2,30,no_defects,wet,N CENTRAL AVE,traffic_signal,not_divided,rain,0,2017,44253
straight_and_level,1522,unable_to_determine,functioning_properly,0,2,turning,0,17,0,0,2,0,0,0,4,41.880356951,"darkness,_lighted_road",-87.764782719,1,no_indication_of_injury,2,30,no_defects,dry,W MADISON ST,traffic_signal,divided_-_w/median_(not_raised),clear,0,2017,45334
straight_and_level,1822,weather,functioning_properly,0,4,rear_end,0,21,0,0,2,0,0,1,4,41.903745557,"darkness,_lighted_road",-87.648167011,1,no_indication_of_injury,2,30,no_defects,wet,W DIVISION ST,traffic_signal,not_divided,rain,0,2017,30203
straight_and_level,1934,failing_to_yield_right-of-way,no_controls,0,5,angle,0,13,0,0,2,0,0,0,1,41.938663916,daylight,-87.646936245,1,no_indication_of_injury,2,30,unknown,dry,N ORCHARD ST,no_controls,not_divided,clear,0,2017,37028
straight_and_level,1433,unable_to_determine,unknown,0,0,parked_motor_vehicle,0,0,0,0,1,0,0,0,2,41.910519635,"darkness,_lighted_road",-87.667749686,1,no_indication_of_injury,2,30,unknown,dry,W NORTH AVE,no_controls,parking_lot,clear,0,2017,27411
straight_and_level,722,improper_lane_usage,no_controls,0,4,sideswipe_same_direction,0,18,0,0,2,0,0,0,4,41.773651275,"darkness,_lighted_road",-87.629850238,1,no_indication_of_injury,2,30,unknown,wet,S WENTWORTH AVE,no_controls,divided_-_w/median_(not_raised),rain,0,2017,36963
straight_and_level,824,unable_to_determine,no_controls,0,0,pedalcyclist,1,17,0,0,1,1,0,0,4,41.788448283,darkness,-87.684033384,1,nonincapacitating_injury,2,35,unknown,dry,S WESTERN AVE,no_controls,divided_-_w/median_(not_raised),clear,0,2017,130145
straight_and_level,714,failing_to_yield_right-of-way,functioning_properly,0,6,turning,0,19,0,0,2,0,0,1,2,41.779424663,dusk,-87.673968213,1,no_indication_of_injury,2,30,no_defects,dry,W 63RD ST,traffic_signal,divided_-_w/median_(not_raised),clear,0,2017,47679
straight_and_level,714,improper_lane_usage,no_controls,0,6,sideswipe_same_direction,0,15,0,0,3,0,3,0,4,41.782340754,daylight,-87.66443621,1,"reported,_not_evident",2,30,no_defects,dry,S ASHLAND AVE,no_controls,other,clear,0,2017,52809
straight_and_level,1931,unable_to_determine,no_controls,0,1,parked_motor_vehicle,1,11,0,0,1,0,0,0,1,41.931021006,daylight,-87.676864018,1,no_indication_of_injury,2,15,unknown,dry,N CLYBOURN AVE,no_controls,parking_lot,clear,0,2017,55970
straight_and_level,834,weather,no_controls,0,4,fixed_object,0,3,0,0,1,0,0,0,4,41.741003024,"darkness,_lighted_road",-87.714791635,1,no_indication_of_injury,1,30,no_defects,ice,W COLUMBUS AVE,no_controls,not_divided,clear,0,2017,31093
straight_and_level,111,unable_to_determine,functioning_properly,0,0,turning,0,13,0,0,2,0,0,0,3,41.886707555,daylight,-87.627883478,1,no_indication_of_injury,2,30,no_defects,dry,E WACKER DR,traffic_signal,divided_-_w/median_barrier,clear,0,2017,30102
straight_and_level,114,unable_to_determine,no_controls,0,3,parked_motor_vehicle,0,13,0,0,1,0,0,0,6,41.884196569,daylight,-87.620467299,1,no_indication_of_injury,2,30,no_defects,dry,E RANDOLPH ST,no_controls,divided_-_w/median_(not_raised),clear,0,2017,54871
straight_and_level,1821,following_too_closely,functioning_properly,0,5,sideswipe_same_direction,0,19,0,0,2,0,0,0,4,41.903881827,"darkness,_lighted_road",-87.639610849,1,no_indication_of_injury,2,30,no_defects,dry,W DIVISION ST,traffic_signal,not_divided,clear,0,2017,121878
straight_and_level,1224,disregarding_road_markings,no_controls,0,1,sideswipe_same_direction,0,14,0,0,2,0,0,0,2,41.879746934,daylight,-87.668319689,1,no_indication_of_injury,2,30,no_defects,dry,W OGDEN AVE,no_controls,one-way,clear,0,2017,41152
straight_and_level,2032,unable_to_determine,no_controls,0,4,sideswipe_same_direction,0,15,0,0,4,0,0,0,2,41.975924372,daylight,-87.67932463,1,no_indication_of_injury,2,30,no_defects,dry,W FOSTER AVE,no_controls,not_divided,clear,0,2017,48360
straight_and_level,2533,following_too_closely,functioning_properly,0,0,rear_end,0,20,0,0,2,0,0,1,4,41.906206063,"darkness,_lighted_road",-87.736388928,1,no_indication_of_injury,2,30,no_defects,dry,N KOSTNER AVE,traffic_signal,not_divided,clear,0,2017,47302
straight_and_level,1632,failing_to_reduce_speed_to_avoid_crash,functioning_properly,0,2,rear_end,0,7,0,0,2,0,0,0,4,41.952768553,daylight,-87.788860194,1,no_indication_of_injury,2,30,no_defects,wet,W IRVING PARK RD,traffic_signal,not_divided,cloudy/overcast,0,2017,54956
straight_and_level,2514,unable_to_determine,no_controls,0,1,parked_motor_vehicle,0,20,0,0,1,0,0,0,1,41.93488811,darkness,-87.761314113,1,no_indication_of_injury,2,30,no_defects,dry,N LONG AVE,no_controls,not_divided,clear,0,2017,48283
straight_and_level,1231,weather,no_controls,0,5,fixed_object,0,8,0,0,1,0,0,0,1,41.878836042,daylight,-87.666602526,1,no_indication_of_injury,1,10,no_defects,ice,S ASHLAND AVE,no_controls,not_divided,sleet/hail,0,2017,33400
straight_and_level,2413,unable_to_determine,no_controls,0,0,rear_end,0,13,0,0,3,0,0,0,2,41.994225071,daylight,-87.688406148,1,no_indication_of_injury,2,20,unknown,dry,W GRANVILLE AVE,no_controls,divided_-_w/median_(not_raised),clear,0,2017,48154
straight_and_level,1232,unable_to_determine,functioning_properly,0,3,angle,0,20,0,0,5,0,0,1,0,41.879246636,"darkness,_lighted_road",-87.652085613,1,no_indication_of_injury,2,30,no_defects,dry,W ADAMS ST,traffic_signal,not_divided,clear,0,2017,41454
straight_and_level,1933,unable_to_determine,unknown,0,4,fixed_object,0,2,0,0,1,0,0,1,2,41.93534586,unknown,-87.64922483,1,no_indication_of_injury,1,30,unknown,ice,W OAKDALE AVE,unknown,unknown,unknown,0,2017,29972
straight_and_level,234,unable_to_determine,no_controls,0,3,parked_motor_vehicle,0,14,0,0,1,0,0,0,2,41.79919761,daylight,-87.587124087,1,no_indication_of_injury,2,30,no_defects,dry,S LAKE PARK AVE,no_controls,not_divided,clear,0,2017,35152
straight_and_level,1832,unable_to_determine,no_controls,0,0,parked_motor_vehicle,1,13,0,0,1,0,0,0,2,41.893156813,unknown,-87.628359933,1,no_indication_of_injury,2,10,unknown,unknown,W ONTARIO ST,no_controls,parking_lot,clear,0,2017,27895
straight_and_level,623,improper_lane_usage,functioning_properly,0,6,sideswipe_same_direction,0,16,0,0,3,0,0,0,4,41.750965678,daylight,-87.625974359,1,no_indication_of_injury,2,30,no_defects,dry,S LAFAYETTE AVE,stop_sign/flasher,one-way,clear,0,2017,50846
straight_and_level,1611,exceeding_safe_speed_for_conditions,functioning_improperly,0,2,rear_end,0,5,0,0,2,0,0,1,2,41.993605068,darkness,-87.787387493,1,no_indication_of_injury,2,30,no_defects,wet,N NAGLE AVE,traffic_signal,not_divided,rain,0,2017,39407
straight_and_level,2223,improper_lane_usage,functioning_properly,0,1,sideswipe_same_direction,0,12,0,0,2,0,0,0,4,41.721567763,daylight,-87.64315629,1,no_indication_of_injury,2,0,no_defects,wet,W 95TH ST,traffic_signal,not_divided,rain,0,2017,53415
straight_and_level,834,improper_lane_usage,functioning_properly,0,1,sideswipe_same_direction,0,17,0,0,2,0,0,1,4,41.749723972,daylight,-87.702539572,1,no_indication_of_injury,2,30,no_defects,dry,S KEDZIE AVE,traffic_signal,divided_-_w/median_(not_raised),clear,0,2017,49330
straight_and_level,1531,not_applicable,no_controls,0,2,parked_motor_vehicle,1,21,0,0,1,0,0,0,4,41.899701121,"darkness,_lighted_road",-87.755569023,1,no_indication_of_injury,3,30,no_defects,dry,N LARAMIE AVE,no_controls,not_divided,clear,0,2017,30811
straight_and_level,414,unable_to_determine,functioning_properly,0,1,rear_end,1,18,0,0,2,0,1,1,2,41.751512984,"darkness,_lighted_road",-87.576125765,1,"reported,_not_evident",3,30,no_defects,snow_or_slush,S JEFFERY BLVD,traffic_signal,not_divided,snow,0,2017,41905
straight_and_level,1834,failing_to_yield_right-of-way,no_controls,0,1,sideswipe_same_direction,0,8,0,0,2,0,0,0,4,41.892389499,daylight,-87.617560803,1,no_indication_of_injury,2,30,no_defects,dry,N MC CLURG CT,no_controls,not_divided,clear,0,2017,43070
straight_and_level,511,cell_phone_use_other_than_texting,no_controls,0,4,parked_motor_vehicle,0,14,0,0,1,0,0,0,2,41.714466267,daylight,-87.615682271,1,no_indication_of_injury,2,25,no_defects,wet,E 99TH ST,no_controls,not_divided,clear,0,2017,34467
straight_and_level,722,unable_to_determine,no_controls,0,5,sideswipe_same_direction,1,14,0,0,1,0,1,0,2,41.770796064,daylight,-87.635309897,1,"reported,_not_evident",2,30,no_defects,ice,S STEWART AVE,no_controls,divided_-_w/median_(not_raised),sleet/hail,0,2017,35366
straight_and_level,1812,improper_overtaking/passing,no_controls,0,0,sideswipe_same_direction,1,11,0,0,2,0,0,0,4,41.923531789,daylight,-87.645873331,1,no_indication_of_injury,2,30,no_defects,dry,N LINCOLN AVE,no_controls,not_divided,clear,0,2017,51274
straight_and_level,1634,unable_to_determine,functioning_properly,0,4,angle,0,16,0,0,2,0,0,1,2,41.940602641,"darkness,_lighted_road",-87.759326798,1,no_indication_of_injury,2,30,no_defects,dry,W SCHOOL ST,stop_sign/flasher,not_divided,clear,0,2017,35156
straight_and_level,1222,unable_to_determine,functioning_properly,0,3,rear_end,0,16,0,0,2,0,0,0,2,41.884016475,daylight,-87.701142758,1,no_indication_of_injury,2,30,unknown,unknown,N SACRAMENTO BLVD,traffic_signal,divided_-_w/median_(not_raised),unknown,0,2017,41294
straight_and_level,915,following_too_closely,no_controls,0,0,rear_end,0,17,0,0,2,0,0,0,1,41.829552314,"darkness,_lighted_road",-87.649968773,1,no_indication_of_injury,2,25,no_defects,dry,W 35TH PL,no_controls,not_divided,clear,0,2017,44796
straight_and_level,312,failing_to_yield_right-of-way,functioning_properly,0,2,pedestrian,1,13,0,0,1,1,0,0,4,41.78031747,daylight,-87.606074558,1,nonincapacitating_injury,2,30,no_defects,dry,S COTTAGE GROVE AVE,traffic_signal,not_divided,clear,0,2017,54179
straight_and_level,2221,improper_backing,no_controls,0,0,parked_motor_vehicle,0,12,0,0,1,0,0,0,1,41.734047629,daylight,-87.665506792,1,no_indication_of_injury,2,0,no_defects,dry,W 88TH ST,no_controls,one-way,clear,0,2017,36449
straight_and_level,2221,unable_to_determine,no_controls,0,5,parked_motor_vehicle,1,12,0,0,1,0,0,0,2,41.722287513,daylight,-87.681959959,1,no_indication_of_injury,2,10,no_defects,dry,S WESTERN AVE,no_controls,parking_lot,clear,0,2017,53979
straight_and_level,724,"operating_vehicle_in_erratic,_reckless,_careless,_negligent_or_aggressive_manner",no_controls,0,0,parked_motor_vehicle,0,16,0,0,1,0,0,0,1,41.769895795,daylight,-87.651668994,1,no_indication_of_injury,3,20,no_defects,dry,S ABERDEEN ST,no_controls,one-way,clear,0,2017,40175
straight_and_level,1613,failing_to_yield_right-of-way,functioning_properly,0,3,sideswipe_same_direction,0,22,0,0,2,0,0,0,4,41.982170804,"darkness,_lighted_road",-87.787775176,1,no_indication_of_injury,2,30,no_defects,dry,W GREGORY ST,traffic_signal,divided_-_w/median_(not_raised),clear,0,2017,47443
straight_and_level,623,improper_lane_usage,no_controls,0,6,sideswipe_same_direction,0,0,0,0,2,0,0,0,2,41.75121213,"darkness,_lighted_road",-87.62597931,1,no_indication_of_injury,2,30,no_defects,ice,S LAFAYETTE AVE,no_controls,one-way,clear,0,2017,29901
straight_and_level,224,driving_skills/knowledge/experience,no_controls,0,1,sideswipe_same_direction,0,12,0,0,3,0,0,0,2,41.80479116,daylight,-87.624490881,1,no_indication_of_injury,2,30,no_defects,dry,S WABASH AVE,no_controls,not_divided,clear,0,2017,47410
straight_and_level,1114,failing_to_yield_right-of-way,no_controls,0,5,sideswipe_same_direction,0,6,0,0,2,0,0,0,2,41.885496662,"darkness,_lighted_road",-87.728398313,1,no_indication_of_injury,2,30,no_defects,wet,W LAKE ST,no_controls,not_divided,rain,0,2017,33505
straight_and_level,1633,improper_overtaking/passing,no_controls,0,2,sideswipe_same_direction,0,20,0,0,3,0,0,0,2,41.945593652,daylight,-87.766893218,1,no_indication_of_injury,2,30,no_defects,dry,N CENTRAL AVE,no_controls,divided_-_w/median_(not_raised),clear,0,2017,25278
"curve,_level",124,following_too_closely,functioning_properly,0,4,rear_end,0,12,0,0,2,0,0,0,3,41.872922172,daylight,-87.639530611,1,no_indication_of_injury,2,30,no_defects,wet,S CANAL ST,traffic_signal,one-way,clear,0,2017,33495
straight_and_level,822,unable_to_determine,no_controls,0,0,pedalcyclist,0,18,0,0,2,0,0,1,0,41.798899651,"darkness,_lighted_road",-87.703857998,1,no_indication_of_injury,2,30,no_defects,dry,S KEDZIE AVE,no_controls,other,clear,0,2017,130152
straight_and_level,913,unable_to_determine,no_controls,0,1,parked_motor_vehicle,1,2,0,0,1,0,0,0,1,41.841151517,"darkness,_lighted_road",-87.658275665,1,no_indication_of_injury,2,30,no_defects,dry,S HAYNES CT,no_controls,one-way,clear,0,2017,25967
straight_and_level,1523,failing_to_yield_right-of-way,functioning_properly,0,4,turning,1,21,0,0,6,0,0,1,4,41.885714288,"darkness,_lighted_road",-87.755409078,1,no_indication_of_injury,2,30,no_defects,dry,N LARAMIE AVE,stop_sign/flasher,not_divided,clear,0,2017,48324