alignment,beat,contributory_cause,device_condition,dooring,dow,first_crash_type,hit_and_run,hour,injuries_fatal,injuries_incapacitating,injuries_no_indication,injuries_non_incapacitating,injuries_reported_not_evident,intersection_related,lane_count,latitude,lighting_condition,longitude,month,most_severe_injury,num_units,posted_speed_limit,road_defect,roadway_surface_cond,street,traffic_control_device,trafficway_type,weather_condition,work_zone,year,i
straight_and_level,835,not_applicable,no_controls,0,5,fixed_object,0,18,0,0,1,0,0,0,4,41.745453293,darkness,-87.682590955,1,no_indication_of_injury,1,30,"rut,_holes",wet,S WESTERN AVE,no_controls,divided_-_w/median_(not_raised),rain,0,2017,38121
straight_and_level,1214,unable_to_determine,no_controls,0,6,sideswipe_same_direction,0,15,0,0,3,0,0,0,2,41.886677454,daylight,-87.648609812,1,no_indication_of_injury,2,30,no_defects,dry,W FULTON MARKET,stop_sign/flasher,one-way,clear,0,2017,35129
straight_and_level,1523,unable_to_determine,functioning_properly,0,1,turning,0,14,0,0,2,0,0,1,4,41.88744105,daylight,-87.757830488,1,no_indication_of_injury,2,30,no_defects,dry,W LAKE ST,stop_sign/flasher,divided_-_w/median_(not_raised),clear,0,2017,39224
straight_and_level,2512,improper_turning/no_signal,no_controls,0,1,turning,0,17,0,0,2,0,0,0,2,41.920754408,"darkness,_lighted_road",-87.776054565,1,no_indication_of_injury,2,30,no_defects,dry,W GRAND AVE,no_controls,not_divided,clear,0,2017,27474
straight_and_level,114,improper_lane_usage,functioning_properly,0,6,sideswipe_same_direction,0,17,0,0,2,0,0,0,3,41.887920288,"darkness,_lighted_road",-87.618185764,1,no_indication_of_injury,2,30,no_defects,dry,E LOWER WACKER DR,traffic_signal,not_divided,clear,0,2017,42222
straight_and_level,235,unable_to_determine,no_controls,0,2,parked_motor_vehicle,1,10,0,0,2,0,0,0,2,41.789435306,daylight,-87.605128238,1,no_indication_of_injury,2,15,no_defects,wet,S MARYLAND AVE,no_controls,divided_-_w/median_barrier,cloudy/overcast,0,2017,50847
straight_and_level,621,unable_to_determine,no_controls,0,1,rear_end,0,8,0,0,2,0,0,0,2,41.750530301,daylight,-87.645398665,1,no_indication_of_injury,2,30,no_defects,dry,S GREEN ST,stop_sign/flasher,not_divided,clear,0,2017,41441
straight_and_level,235,unable_to_determine,no_controls,0,6,sideswipe_same_direction,0,14,0,0,5,0,0,0,2,41.787720131,daylight,-87.601082597,1,no_indication_of_injury,2,30,no_defects,dry,S ELLIS AVE,no_controls,not_divided,clear,0,2017,27185
straight_and_level,1531,failing_to_yield_right-of-way,functioning_properly,0,2,turning,0,13,0,0,2,0,0,1,4,41.898789614,daylight,-87.74602339,2,no_indication_of_injury,2,30,no_defects,wet,W AUGUSTA BLVD,traffic_signal,not_divided,clear,0,2017,28739
straight_and_level,2223,unable_to_determine,no_controls,0,5,turning,0,12,0,0,2,0,0,1,4,41.720694886,daylight,-87.643048172,2,no_indication_of_injury,2,30,unknown,dry,S HALSTED ST,no_controls,divided_-_w/median_barrier,clear,0,2017,28561
straight_and_level,724,improper_overtaking/passing,no_controls,0,3,sideswipe_same_direction,1,13,0,0,1,0,1,0,1,41.772834729,daylight,-87.653255788,2,"reported,_not_evident",2,25,no_defects,dry,S MAY ST,no_controls,other,clear,0,2017,34878
straight_and_level,2514,unable_to_determine,no_controls,0,3,parked_motor_vehicle,1,22,0,0,1,0,0,0,2,41.935564269,"darkness,_lighted_road",-87.756722918,2,no_indication_of_injury,2,30,no_defects,dry,N LARAMIE AVE,no_controls,not_divided,clear,0,2017,46285
straight_and_level,1831,unable_to_determine,functioning_properly,0,2,rear_end,0,17,0,0,2,0,0,0,2,41.889232658,"darkness,_lighted_road",-87.632380478,2,no_indication_of_injury,2,35,no_defects,dry,N LA SALLE DR,traffic_signal,not_divided,clear,0,2017,35729
straight_and_level,2521,failing_to_yield_right-of-way,no_controls,0,5,sideswipe_same_direction,0,10,0,0,2,0,0,0,2,41.938652761,daylight,-87.751910205,2,no_indication_of_injury,2,30,no_defects,dry,W BELMONT AVE,no_controls,not_divided,clear,0,2017,27811
straight_and_level,2222,unable_to_determine,no_controls,0,6,parked_motor_vehicle,1,3,0,0,1,0,0,0,4,41.735871518,"darkness,_lighted_road",-87.650097191,2,no_indication_of_injury,2,30,no_defects,unknown,W 87TH ST,no_controls,not_divided,unknown,0,2017,47561
straight_and_level,2412,unable_to_determine,no_controls,0,2,parked_motor_vehicle,1,11,0,0,2,0,0,0,2,41.997735909,daylight,-87.69592888,2,no_indication_of_injury,2,30,no_defects,dry,W DEVON AVE,no_controls,not_divided,clear,0,2017,54139
straight_and_level,1814,failing_to_reduce_speed_to_avoid_crash,no_controls,0,3,fixed_object,0,23,0,1,0,2,0,0,8,41.915165359,"darkness,_lighted_road",-87.627731462,2,incapacitating_injury,1,40,no_defects,dry,N LAKE SHORE DR SB,no_controls,divided_-_w/median_barrier,clear,0,2017,52912
straight_and_level,1832,exceeding_safe_speed_for_conditions,functioning_properly,0,2,rear_end,0,7,0,0,4,0,0,1,4,41.8939694,daylight,-87.632807282,2,no_indication_of_injury,2,0,no_defects,wet,N LA SALLE DR,traffic_signal,not_divided,rain,0,2017,35731
straight_and_level,513,unable_to_determine,no_controls,0,1,sideswipe_same_direction,1,6,0,0,2,0,0,0,2,41.692789558,daylight,-87.616381438,2,no_indication_of_injury,2,30,unknown,dry,E 111TH ST,no_controls,not_divided,clear,0,2017,30228
straight_and_level,1224,improper_backing,no_controls,0,5,angle,0,9,0,0,21,0,0,0,2,41.881487285,daylight,-87.658213647,2,no_indication_of_injury,2,30,no_defects,wet,W MADISON ST,no_controls,divided_-_w/median_barrier,rain,0,2017,28678
straight_and_level,1014,failing_to_yield_right-of-way,no_controls,0,2,angle,0,13,0,0,3,0,0,0,1,41.852868833,daylight,-87.72024374,2,no_indication_of_injury,2,30,no_defects,dry,W OGDEN AVE,no_controls,one-way,clear,0,2017,26650
straight_and_level,1732,improper_backing,no_controls,0,2,parked_motor_vehicle,1,15,0,0,1,0,0,0,0,41.953225433,daylight,-87.724948106,2,no_indication_of_injury,2,25,no_defects,dry,N SPRINGFIELD AVE,no_controls,parking_lot,clear,0,2017,54499
straight_and_level,633,improper_lane_usage,functioning_properly,0,2,sideswipe_same_direction,1,11,0,0,2,0,0,0,4,41.725355373,daylight,-87.604410104,2,no_indication_of_injury,2,0,no_defects,dry,S COTTAGE GROVE AVE,traffic_signal,divided_-_w/median_(not_raised),clear,0,2017,42403
straight_and_level,1432,driving_skills/knowledge/experience,functioning_properly,0,3,rear_end,0,17,0,0,3,0,0,0,2,41.924792676,daylight,-87.687429067,2,no_indication_of_injury,3,30,no_defects,dry,W FULLERTON AVE,traffic_signal,not_divided,clear,0,2017,36693
straight_and_level,324,not_applicable,no_controls,0,6,sideswipe_same_direction,0,18,0,0,2,0,0,0,4,41.76054115,darkness,-87.586330278,2,no_indication_of_injury,2,30,no_defects,dry,S STONY ISLAND AVE,no_controls,not_divided,clear,0,2017,47397
straight_and_level,2515,unable_to_determine,no_controls,0,1,turning,0,18,0,0,2,0,0,0,2,41.918042817,darkness,-87.762543412,2,no_indication_of_injury,2,30,no_defects,dry,W GRAND AVE,no_controls,divided_-_w/median_(not_raised),clear,0,2017,50577
straight_and_level,834,failing_to_reduce_speed_to_avoid_crash,no_controls,0,6,sideswipe_same_direction,1,13,0,0,2,0,0,0,1,41.748608426,daylight,-87.736392102,2,no_indication_of_injury,2,30,no_defects,dry,W 79TH PL,no_controls,not_divided,clear,0,2017,55423
straight_and_level,1833,following_too_closely,functioning_properly,0,6,rear_end,0,14,0,0,2,0,0,0,6,41.897949724,daylight,-87.624241133,2,no_indication_of_injury,2,30,no_defects,dry,N MICHIGAN AVE,traffic_signal,divided_-_w/median_barrier,clear,0,2017,48119
straight_and_level,233,failing_to_yield_right-of-way,no_controls,0,3,sideswipe_same_direction,0,12,0,0,2,0,0,0,4,41.795465686,daylight,-87.600062541,2,no_indication_of_injury,2,30,no_defects,dry,E 55TH ST,no_controls,not_divided,clear,0,2017,56300
straight_and_level,1022,failing_to_yield_right-of-way,no_controls,0,1,turning,0,22,0,0,3,0,0,0,1,41.863569253,"darkness,_lighted_road",-87.706951605,2,no_indication_of_injury,2,30,unknown,dry,S SAWYER AVE,no_controls,one-way,clear,0,2017,26322
straight_and_level,2234,unable_to_determine,no_controls,0,3,turning,1,23,0,0,1,2,0,0,4,41.68492729,"darkness,_lighted_road",-87.661779226,2,nonincapacitating_injury,2,30,no_defects,dry,W 115TH ST,traffic_signal,not_divided,clear,0,2017,51887
straight_and_level,2412,improper_overtaking/passing,functioning_properly,0,6,turning,1,14,0,1,1,0,0,1,2,41.997584488,daylight,-87.704578197,2,incapacitating_injury,2,25,no_defects,dry,W DEVON AVE,traffic_signal,divided_-_w/median_(not_raised),clear,0,2017,49270
straight_and_level,1822,unable_to_determine,functioning_properly,0,0,rear_end,0,12,0,0,2,0,2,1,4,41.903605752,daylight,-87.643280104,2,"reported,_not_evident",2,30,no_defects,dry,W DIVISION ST,stop_sign/flasher,not_divided,clear,0,2017,54697
straight_and_level,2213,unable_to_determine,unknown,0,3,turning,1,18,0,0,2,0,0,0,2,41.706809624,darkness,-87.662223079,2,no_indication_of_injury,2,30,unknown,dry,W 103RD ST,traffic_signal,not_divided,clear,0,2017,53149
straight_and_level,1834,"operating_vehicle_in_erratic,_reckless,_careless,_negligent_or_aggressive_manner",no_controls,0,4,parked_motor_vehicle,1,13,0,0,1,0,0,0,2,41.895067022,daylight,-87.623027214,2,no_indication_of_injury,2,30,no_defects,dry,E HURON ST,no_controls,one-way,clear,0,2017,54736
straight_and_level,1231,unable_to_determine,functioning_properly,0,4,rear_end,0,9,0,0,2,0,0,1,2,41.873216999,daylight,-87.675675177,2,no_indication_of_injury,2,30,no_defects,dry,W OGDEN AVE,stop_sign/flasher,divided_-_w/median_(not_raised),clear,0,2017,45397
straight_and_level,834,unable_to_determine,no_controls,0,6,parked_motor_vehicle,1,13,0,0,1,0,0,0,4,41.745978282,daylight,-87.741099904,2,no_indication_of_injury,2,25,no_defects,dry,S CICERO AVE,no_controls,divided_-_w/median_(not_raised),clear,0,2017,47754
"curve,_level",1824,improper_overtaking/passing,no_controls,0,4,sideswipe_same_direction,0,7,0,0,3,0,0,0,8,41.902500315,daylight,-87.623987397,2,no_indication_of_injury,2,40,no_defects,dry,N LAKE SHORE DR NB,no_controls,divided_-_w/median_barrier,clear,0,2017,32832
straight_and_level,324,failing_to_yield_right-of-way,no_controls,0,6,sideswipe_same_direction,0,15,0,0,3,0,0,0,2,41.758861116,daylight,-87.587634279,2,no_indication_of_injury,2,30,no_defects,dry,E 75TH ST,no_controls,not_divided,clear,0,2017,31730
straight_and_level,813,failing_to_reduce_speed_to_avoid_crash,functioning_properly,0,4,rear_end,0,12,0,0,2,0,0,0,4,41.785888494,daylight,-87.723106591,2,no_indication_of_injury,2,30,no_defects,dry,S PULASKI RD,traffic_signal,divided_-_w/median_(not_raised),clear,0,2017,45847
straight_and_level,2221,following_too_closely,functioning_properly,0,4,rear_end,0,19,0,0,4,0,0,1,4,41.735418937,"darkness,_lighted_road",-87.682400818,2,no_indication_of_injury,2,30,no_defects,dry,W 87TH ST,traffic_signal,divided_-_w/median_barrier,clear,0,2017,31813
straight_and_level,734,disregarding_traffic_signals,functioning_properly,0,1,angle,0,18,0,0,1,1,0,1,2,41.76859881,darkness,-87.654354405,2,nonincapacitating_injury,2,30,no_defects,dry,S RACINE AVE,traffic_signal,not_divided,clear,0,2017,56642
straight_and_level,2013,unable_to_determine,no_controls,0,6,sideswipe_same_direction,0,15,0,0,2,0,0,0,1,41.986876462,"darkness,_lighted_road",-87.661303831,2,no_indication_of_injury,2,20,unknown,dry,N MAGNOLIA AVE,no_controls,one-way,clear,0,2017,52845
straight_and_level,1924,unable_to_determine,no_controls,0,0,parked_motor_vehicle,1,12,0,0,1,0,0,0,1,41.943501362,daylight,-87.661642536,2,no_indication_of_injury,2,30,no_defects,dry,N LAKEWOOD AVE,stop_sign/flasher,one-way,clear,0,2017,24954
straight_and_level,1925,unable_to_determine,no_controls,0,6,other_noncollision,0,19,0,0,1,0,0,0,1,41.949653243,"darkness,_lighted_road",-87.64850629,2,no_indication_of_injury,1,30,"rut,_holes",dry,N BROADWAY,no_controls,divided_-_w/median_(not_raised),clear,0,2017,27917
straight_and_level,825,improper_turning/no_signal,no_controls,0,5,rear_end,0,14,0,0,2,0,0,0,4,41.775914393,daylight,-87.68370226,2,no_indication_of_injury,2,30,no_defects,dry,S WESTERN AVE,no_controls,divided_-_w/median_(not_raised),clear,0,2017,33659
straight_and_level,1622,following_too_closely,no_controls,0,6,rear_end,1,14,0,0,5,0,0,0,2,41.960201451,daylight,-87.777162284,2,no_indication_of_injury,2,30,no_defects,dry,N AUSTIN AVE,no_controls,not_divided,clear,0,2017,44782
straight_and_level,122,improper_overtaking/passing,functioning_properly,0,1,sideswipe_same_direction,0,14,0,0,2,0,0,0,3,41.880013427,daylight,-87.636572385,2,no_indication_of_injury,2,30,no_defects,dry,S WACKER DR,traffic_signal,one-way,clear,0,2017,57140
straight_and_level,512,cell_phone_use_other_than_texting,no_controls,0,1,sideswipe_opposite_direction,0,20,0,0,3,0,0,0,2,41.707023014,daylight,-87.628415719,2,no_indication_of_injury,2,30,no_defects,dry,S WENTWORTH AVE,no_controls,not_divided,clear,0,2017,26454
straight_and_level,811,unable_to_determine,no_controls,0,5,parked_motor_vehicle,1,14,0,0,1,0,0,0,1,41.795444852,daylight,-87.763389211,2,no_indication_of_injury,2,30,no_defects,dry,S ARCHER AVE,no_controls,parking_lot,clear,0,2017,54975
straight_and_level,2515,failing_to_yield_right-of-way,no_controls,0,4,angle,1,7,0,0,2,0,0,1,1,41.922127057,daylight,-87.759288684,2,no_indication_of_injury,2,20,no_defects,dry,W BELDEN AVE,no_controls,one-way,clear,0,2017,46956
straight_and_level,1233,failing_to_yield_right-of-way,functioning_properly,0,5,angle,0,12,0,0,2,0,0,0,2,41.864249436,daylight,-87.66885456,2,no_indication_of_injury,2,30,no_defects,dry,W HASTINGS ST,stop_sign/flasher,not_divided,clear,0,2017,39782
straight_and_level,1432,unable_to_determine,no_controls,0,5,rear_end,0,7,0,0,3,0,0,0,2,41.92486539,daylight,-87.687493569,2,no_indication_of_injury,2,30,no_defects,wet,N WESTERN AVE,no_controls,divided_-_w/median_(not_raised),cloudy/overcast,0,2017,38611
straight_and_level,722,distraction_-_from_inside_vehicle,no_controls,0,2,parked_motor_vehicle,0,20,0,0,1,0,0,0,2,41.778233018,"darkness,_lighted_road",-87.632293828,2,no_indication_of_injury,2,30,unknown,dry,W 64TH ST,no_controls,not_divided,rain,0,2017,42225
straight_and_level,1632,failing_to_yield_right-of-way,no_controls,0,5,rear_end,0,16,0,0,2,0,0,0,2,41.947173459,dusk,-87.806924492,2,no_indication_of_injury,2,30,no_defects,dry,N HARLEM AVE,no_controls,not_divided,clear,0,2017,55197
straight_and_level,423,unable_to_determine,functioning_properly,0,4,angle,1,15,0,0,2,0,0,0,2,41.724602813,daylight,-87.560701851,2,no_indication_of_injury,2,30,no_defects,dry,E 94TH ST,stop_sign/flasher,not_divided,clear,0,2017,55341
straight_and_level,122,unable_to_determine,functioning_properly,1,5,pedalcyclist,0,9,0,0,1,1,0,0,4,41.886978609,daylight,-87.635429642,2,nonincapacitating_injury,2,30,no_defects,wet,W WACKER DR,traffic_signal,not_divided,clear,0,2017,130202
straight_and_level,131,following_too_closely,functioning_properly,0,4,rear_end,0,18,0,0,3,0,0,0,2,41.852779159,"darkness,_lighted_road",-87.627234401,2,no_indication_of_injury,3,30,no_defects,wet,S STATE ST,traffic_signal,not_divided,rain,0,2017,37119
straight_and_level,1412,road_construction/maintenance,no_controls,0,6,rear_end,0,23,0,0,2,0,0,0,2,41.932106472,"darkness,_lighted_road",-87.710238132,2,no_indication_of_injury,2,30,debris_on_roadway,other,W DIVERSEY AVE,no_controls,not_divided,clear,1,2017,41195
straight_and_level,431,unable_to_determine,no_controls,0,6,parked_motor_vehicle,1,10,0,0,1,0,0,0,2,41.721233196,daylight,-87.566567237,2,no_indication_of_injury,2,30,no_defects,dry,E 96TH ST,no_controls,not_divided,clear,0,2017,41135
straight_and_level,324,unable_to_determine,functioning_properly,0,2,sideswipe_same_direction,0,16,0,0,2,0,0,0,2,41.75880566,daylight,-87.595618443,2,no_indication_of_injury,2,30,no_defects,dry,E 75TH ST,traffic_signal,not_divided,clear,0,2017,29798
straight_and_level,823,unable_to_determine,no_controls,0,0,parked_motor_vehicle,1,4,0,0,1,0,0,0,1,41.776286068,"darkness,_lighted_road",-87.698050735,2,no_indication_of_injury,3,30,no_defects,dry,S SACRAMENTO AVE,no_controls,one-way,clear,0,2017,56352
straight_and_level,1234,unable_to_determine,no_controls,0,3,sideswipe_same_direction,0,7,0,0,3,0,0,0,2,41.854201725,daylight,-87.685547699,2,no_indication_of_injury,2,30,no_defects,dry,S WESTERN AVE,no_controls,divided_-_w/median_(not_raised),clear,0,2017,29736
straight_and_level,2411,unable_to_determine,no_controls,0,1,other_noncollision,0,19,0,1,0,0,0,0,1,42.019374596,"darkness,_lighted_road",-87.69235805,2,incapacitating_injury,1,30,other,dry,W HOWARD ST,no_controls,not_divided,clear,0,2017,42264
straight_and_level,1225,following_too_closely,functioning_properly,0,3,rear_end,0,10,0,0,2,0,0,0,4,41.876186167,daylight,-87.676673972,2,no_indication_of_injury,2,30,no_defects,dry,S DAMEN AVE,traffic_signal,divided_-_w/median_(not_raised),clear,0,2017,52292
straight_and_level,1233,not_applicable,no_controls,0,1,angle,0,14,0,0,2,0,0,0,0,41.862402425,daylight,-87.666418968,2,no_indication_of_injury,2,35,no_defects,dry,S ASHLAND AVE,no_controls,parking_lot,clear,0,2017,27458
straight_and_level,1731,unable_to_determine,no_controls,0,2,angle,0,13,0,0,2,0,0,0,0,41.953391613,daylight,-87.732615414,2,no_indication_of_injury,2,10,unknown,wet,N KEELER AVE,no_controls,parking_lot,rain,0,2017,53846
straight_and_level,613,failing_to_reduce_speed_to_avoid_crash,no_controls,0,3,rear_end,0,15,0,0,2,0,0,0,4,41.73609532,daylight,-87.649766485,2,no_indication_of_injury,2,30,no_defects,dry,W 87TH ST,no_controls,not_divided,clear,0,2017,42290
straight_and_level,1123,improper_backing,no_controls,0,2,parked_motor_vehicle,0,15,0,0,1,0,0,0,2,41.880804615,daylight,-87.711375496,2,no_indication_of_injury,2,30,no_defects,dry,W MADISON ST,no_controls,not_divided,clear,0,2017,48628
straight_and_level,1824,not_applicable,no_controls,0,0,fixed_object,0,7,0,0,1,0,0,0,8,41.909579867,daylight,-87.626081768,2,no_indication_of_injury,1,40,shoulder_defect,dry,N LAKE SHORE DR SB,no_controls,divided_-_w/median_barrier,clear,0,2017,32528
straight_and_level,1233,"vision_obscured_(signs,_tree_limbs,_buildings,_etc.)",no_controls,0,3,parked_motor_vehicle,0,13,0,0,1,0,0,0,1,41.866749383,daylight,-87.668464053,2,no_indication_of_injury,2,15,no_defects,dry,W ROOSEVELT RD,no_controls,parking_lot,clear,0,2017,39660
straight_and_level,113,failing_to_yield_right-of-way,functioning_properly,0,2,turning,0,11,0,0,2,0,0,0,6,41.87574748,daylight,-87.627674007,2,no_indication_of_injury,2,30,no_defects,dry,W CONGRESS PKWY,traffic_signal,divided_-_w/median_(not_raised),clear,0,2017,41110
straight_and_level,114,unable_to_determine,no_controls,0,6,rear_end,1,0,0,0,4,0,0,0,4,41.889146117,"darkness,_lighted_road",-87.614136925,2,no_indication_of_injury,2,30,no_defects,dry,N LAKE SHORE DR NB,no_controls,divided_-_w/median_(not_raised),clear,0,2017,27484
straight_and_level,412,following_too_closely,no_controls,0,0,rear_end,0,16,0,0,2,0,0,0,0,41.736759926,daylight,-87.588841701,2,no_indication_of_injury,2,30,no_defects,dry,E 87TH ST,no_controls,parking_lot,clear,0,2017,39387
straight_and_level,2033,improper_overtaking/passing,functioning_properly,0,4,sideswipe_same_direction,0,15,0,0,7,0,0,0,4,41.969083319,daylight,-87.659819454,2,no_indication_of_injury,2,30,unknown,dry,N BROADWAY,traffic_signal,divided_-_w/median_(not_raised),clear,0,2017,38828
straight_and_level,1823,failing_to_yield_right-of-way,functioning_properly,0,4,turning,0,19,0,0,3,0,0,1,2,41.896625965,"darkness,_lighted_road",-87.639829077,2,no_indication_of_injury,2,35,no_defects,dry,W CHICAGO AVE,traffic_signal,not_divided,clear,0,2017,40393
straight_and_level,233,failing_to_reduce_speed_to_avoid_crash,functioning_properly,0,5,rear_end,0,13,0,0,2,0,0,0,4,41.785901637,daylight,-87.60618399,2,no_indication_of_injury,2,30,no_defects,dry,S COTTAGE GROVE AVE,traffic_signal,not_divided,clear,0,2017,44207
straight_and_level,1135,following_too_closely,functioning_properly,0,4,rear_end,0,7,0,0,5,0,0,0,2,41.875012387,daylight,-87.686404613,2,no_indication_of_injury,2,30,no_defects,dry,S WESTERN AVE,traffic_signal,divided_-_w/median_(not_raised),clear,0,2017,63741
straight_and_level,1932,following_too_closely,unknown,0,3,rear_end,0,18,0,0,2,0,0,0,4,41.932521618,"darkness,_lighted_road",-87.667718066,2,no_indication_of_injury,2,25,unknown,other,W DIVERSEY PKWY,unknown,divided_-_w/median_(not_raised),unknown,0,2017,25327
straight_and_level,1711,following_too_closely,no_controls,0,1,rear_end,0,14,0,0,2,0,0,0,2,41.997177822,daylight,-87.717167033,2,no_indication_of_injury,2,30,no_defects,dry,W DEVON AVE,no_controls,not_divided,clear,0,2017,37920
straight_and_level,1235,improper_lane_usage,functioning_properly,0,2,turning,0,7,0,0,2,0,0,0,4,41.847069339,daylight,-87.665781692,2,no_indication_of_injury,2,30,no_defects,wet,S ASHLAND AVE,lane_use_marking,divided_-_w/median_(not_raised),rain,0,2017,44097
straight_and_level,2514,failing_to_yield_right-of-way,no_controls,0,1,sideswipe_same_direction,0,9,0,0,2,0,0,0,1,41.934937003,daylight,-87.773724167,2,no_indication_of_injury,2,30,no_defects,dry,W WELLINGTON AVE,no_controls,not_divided,clear,0,2017,39983
straight_and_level,622,following_too_closely,functioning_properly,0,5,rear_end,1,19,0,0,5,0,0,0,4,41.747049185,"darkness,_lighted_road",-87.63533771,2,no_indication_of_injury,2,30,unknown,unknown,S VINCENNES AVE,stop_sign/flasher,divided_-_w/median_(not_raised),clear,0,2017,27718
straight_and_level,1224,unable_to_determine,no_controls,0,4,sideswipe_same_direction,0,17,0,0,2,0,0,0,2,41.881779411,daylight,-87.654380269,2,no_indication_of_injury,2,30,no_defects,dry,W MADISON ST,no_controls,not_divided,clear,0,2017,45990
straight_and_level,1125,unable_to_determine,no_controls,0,0,parked_motor_vehicle,1,14,0,0,1,0,0,0,2,41.878247257,daylight,-87.686503243,2,no_indication_of_injury,2,30,no_defects,dry,S WESTERN AVE,no_controls,divided_-_w/median_(not_raised),clear,0,2017,36276
straight_and_level,1023,unable_to_determine,no_controls,0,5,turning,0,7,0,0,2,0,0,0,2,41.853828253,daylight,-87.685833965,2,no_indication_of_injury,2,30,no_defects,dry,S WESTERN AVE,no_controls,divided_-_w/median_(not_raised),clear,0,2017,41899
straight_and_level,1533,unable_to_determine,functioning_properly,0,6,sideswipe_opposite_direction,0,18,0,0,2,0,0,0,0,41.880513578,"darkness,_lighted_road",-87.752667883,2,no_indication_of_injury,2,0,no_defects,dry,W MADISON ST,no_controls,parking_lot,clear,0,2017,30670
straight_and_level,726,not_applicable,no_controls,0,3,parked_motor_vehicle,0,1,0,0,1,0,0,0,1,41.775311032,daylight,-87.671240025,2,no_indication_of_injury,2,25,no_defects,dry,S WOLCOTT AVE,no_controls,one-way,clear,0,2017,29774
straight_and_level,1914,improper_turning/no_signal,no_controls,0,2,parked_motor_vehicle,1,8,0,0,1,0,0,1,2,41.963714979,unknown,-87.654939811,2,no_indication_of_injury,3,30,unknown,unknown,W SUNNYSIDE AVE,no_controls,not_divided,unknown,0,2017,26856
straight_and_level,1213,improper_overtaking/passing,functioning_properly,0,1,rear_end,1,12,0,0,2,0,0,1,2,41.897695218,daylight,-87.656721635,2,no_indication_of_injury,2,30,no_defects,dry,N ELSTON AVE,traffic_signal,divided_-_w/median_(not_raised),clear,0,2017,28916
straight_and_level,124,improper_overtaking/passing,functioning_properly,0,5,turning,0,15,0,0,3,0,0,1,4,41.867175125,daylight,-87.639375813,2,no_indication_of_injury,2,20,no_defects,dry,S CANAL ST,traffic_signal,divided_-_w/median_barrier,clear,0,2017,33201
straight_and_level,1531,unable_to_determine,no_controls,0,1,parked_motor_vehicle,1,23,0,0,1,0,0,0,2,41.896196688,"darkness,_lighted_road",-87.755486077,2,no_indication_of_injury,2,30,no_defects,wet,N LARAMIE AVE,no_controls,not_divided,rain,0,2017,52245
straight_and_level,723,following_too_closely,functioning_properly,0,6,rear_end,0,10,0,0,3,1,0,1,4,41.775972389,daylight,-87.644595897,2,nonincapacitating_injury,3,30,no_defects,dry,S HALSTED ST,traffic_signal,not_divided,cloudy/overcast,0,2017,41869
straight_and_level,1832,following_too_closely,no_controls,0,2,rear_end,1,0,0,0,3,0,0,0,4,41.892517078,"darkness,_lighted_road",-87.632684198,2,no_indication_of_injury,2,30,no_defects,wet,W OHIO ST,no_controls,one-way,rain,0,2017,31295
straight_and_level,1623,exceeding_authorized_speed_limit,no_controls,0,4,parked_motor_vehicle,1,6,0,0,1,0,0,0,2,41.969739409,daylight,-87.748051808,2,no_indication_of_injury,2,30,no_defects,dry,W AINSLIE ST,no_controls,not_divided,clear,0,2017,27071
straight_and_level,811,unable_to_determine,functioning_properly,0,0,sideswipe_same_direction,0,17,0,0,2,0,0,0,4,41.792360596,daylight,-87.786633347,2,no_indication_of_injury,2,25,no_defects,dry,W ARCHER AVE,traffic_signal,divided_-_w/median_(not_raised),clear,0,2017,48007
straight_and_level,833,unable_to_determine,no_controls,0,3,turning,0,7,0,0,2,0,0,0,2,41.771519453,daylight,-87.720250219,2,no_indication_of_injury,2,20,unknown,dry,W MARQUETTE RD,stop_sign/flasher,not_divided,clear,0,2017,48458
straight_and_level,2032,improper_lane_usage,no_controls,0,2,parked_motor_vehicle,1,12,0,0,1,0,0,0,2,41.973150743,daylight,-87.66970064,2,no_indication_of_injury,2,30,no_defects,dry,N ASHLAND AVE,no_controls,not_divided,clear,0,2017,55247
straight_and_level,1414,failing_to_yield_right-of-way,no_controls,0,4,turning,0,8,0,0,2,0,0,0,4,41.924651733,daylight,-87.702432499,2,no_indication_of_injury,2,30,no_defects,dry,W FULLERTON AVE,no_controls,divided_-_w/median_(not_raised),clear,0,2017,47455
straight_and_level,732,failing_to_yield_right-of-way,no_controls,0,6,turning,0,11,0,0,2,0,0,0,2,41.765102573,daylight,-87.643788635,3,no_indication_of_injury,2,30,no_defects,wet,W 71ST ST,no_controls,not_divided,rain,0,2017,39301
straight_and_level,1732,following_too_closely,no_controls,0,1,rear_end,0,17,0,0,2,0,0,0,2,41.946675245,"darkness,_lighted_road",-87.712778577,3,no_indication_of_injury,2,30,no_defects,dry,W ADDISON ST,no_controls,not_divided,clear,0,2017,32447
straight_and_level,1524,unable_to_determine,functioning_properly,0,5,rear_end,1,16,0,0,3,0,0,0,1,41.89490977,daylight,-87.763716536,3,no_indication_of_injury,2,30,no_defects,dry,N PINE AVE,stop_sign/flasher,one-way,clear,0,2017,48725