alignment,beat,contributory_cause,device_condition,dooring,dow,first_crash_type,hit_and_run,hour,injuries_fatal,injuries_incapacitating,injuries_no_indication,injuries_non_incapacitating,injuries_reported_not_evident,intersection_related,lane_count,latitude,lighting_condition,longitude,month,most_severe_injury,num_units,posted_speed_limit,road_defect,roadway_surface_cond,street,traffic_control_device,trafficway_type,weather_condition,work_zone,year,i
straight_and_level,413,unable_to_determine,no_controls,0,0,sideswipe_same_direction,0,16,0,0,2,0,0,0,2,41.724245851,daylight,-87.575254044,3,no_indication_of_injury,2,30,unknown,dry,S JEFFERY AVE,no_controls,not_divided,clear,0,2017,52316
straight_and_level,814,failing_to_yield_right-of-way,no_controls,0,5,pedestrian,1,2,0,1,1,0,0,0,1,41.812633287,"darkness,_lighted_road",-87.74833228,3,incapacitating_injury,2,30,unknown,dry,S LAVERGNE AVE,no_controls,one-way,clear,0,2017,34318
straight_and_level,1632,following_too_closely,no_controls,0,2,rear_end,0,19,0,0,3,0,0,0,2,41.952685927,"darkness,_lighted_road",-87.79612303,3,no_indication_of_injury,3,30,no_defects,dry,N OAK PARK AVE,no_controls,not_divided,clear,0,2017,27681
straight_and_level,122,improper_overtaking/passing,no_controls,0,1,parked_motor_vehicle,1,11,0,0,1,0,0,0,3,41.881812463,daylight,-87.631020879,3,no_indication_of_injury,2,30,no_defects,dry,S CLARK ST,no_controls,one-way,clear,0,2017,53851
straight_and_level,715,failing_to_yield_right-of-way,functioning_properly,0,3,angle,0,13,0,0,2,0,0,1,0,41.792060658,daylight,-87.669536847,3,no_indication_of_injury,2,30,no_defects,dry,S WOOD ST,stop_sign/flasher,other,clear,0,2017,25033
straight_and_level,2211,failing_to_yield_right-of-way,functioning_properly,0,6,turning,0,13,0,0,2,0,0,1,2,41.69152372,daylight,-87.710645461,3,no_indication_of_injury,2,25,no_defects,dry,W 111TH ST,traffic_signal,not_divided,clear,0,2017,44623
straight_and_level,1432,unable_to_determine,functioning_properly,0,2,rear_end,0,7,0,0,2,0,0,0,2,41.919875859,daylight,-87.677844237,3,no_indication_of_injury,2,30,no_defects,dry,N DAMEN AVE,traffic_signal,divided_-_w/median_(not_raised),clear,0,2017,39528
straight_and_level,312,improper_overtaking/passing,functioning_properly,0,4,sideswipe_same_direction,1,17,0,0,2,0,0,0,4,41.774603131,"darkness,_lighted_road",-87.62502784,3,no_indication_of_injury,2,30,no_defects,dry,S STATE ST,traffic_signal,not_divided,clear,0,2017,47200
straight_and_level,2533,unable_to_determine,no_controls,0,4,parked_motor_vehicle,1,15,0,0,1,0,0,0,0,41.909505148,daylight,-87.746959936,3,no_indication_of_injury,2,30,no_defects,dry,W NORTH AVE,no_controls,parking_lot,clear,0,2017,45514
straight_and_level,1221,unable_to_determine,functioning_properly,0,3,rear_end,0,9,0,0,2,0,0,0,2,41.890256741,daylight,-87.701822983,3,no_indication_of_injury,2,30,no_defects,dry,W FRANKLIN BLVD,stop_sign/flasher,not_divided,clear,0,2017,34476
straight_and_level,122,unable_to_determine,unknown,0,1,turning,1,8,0,0,2,0,0,0,6,41.87928364,daylight,-87.637100704,3,no_indication_of_injury,2,35,no_defects,wet,S WACKER DR,traffic_signal,divided_-_w/median_barrier,clear,0,2017,49920
straight_and_level,1624,unable_to_determine,no_controls,0,6,sideswipe_same_direction,0,13,0,0,5,0,0,0,4,41.960169497,daylight,-87.747650226,3,no_indication_of_injury,2,30,unknown,unknown,N CICERO AVE,no_controls,not_divided,clear,0,2017,42585
straight_and_level,412,weather,no_controls,0,1,parked_motor_vehicle,1,8,0,0,1,0,0,0,2,41.733601038,daylight,-87.580347811,3,no_indication_of_injury,2,20,no_defects,snow_or_slush,S CREGIER AVE,no_controls,not_divided,snow,0,2017,36515
straight_and_level,726,following_too_closely,functioning_properly,0,4,rear_end,0,13,0,0,2,0,0,0,4,41.772030915,daylight,-87.673859538,3,no_indication_of_injury,2,30,no_defects,dry,S DAMEN AVE,traffic_signal,divided_-_w/median_(not_raised),clear,0,2017,27360
straight_and_level,1732,improper_overtaking/passing,no_controls,0,3,sideswipe_same_direction,0,16,0,0,2,0,0,0,2,41.953365578,daylight,-87.727462593,3,no_indication_of_injury,2,25,no_defects,dry,N PULASKI RD,no_controls,divided_-_w/median_(not_raised),clear,0,2017,53909
straight_and_level,1113,"vision_obscured_(signs,_tree_limbs,_buildings,_etc.)",functioning_properly,0,5,angle,0,15,0,0,4,0,0,1,2,41.876983788,daylight,-87.742823734,3,no_indication_of_injury,2,30,no_defects,dry,W JACKSON BLVD,stop_sign/flasher,other,clear,0,2017,39517
straight_on_grade,212,unable_to_determine,no_controls,0,4,turning,0,9,0,0,3,0,0,0,1,41.831096821,daylight,-87.608369663,3,no_indication_of_injury,2,5,no_defects,dry,S LAKE PARK AVE,no_controls,parking_lot,clear,0,2017,50042
straight_and_level,1623,unable_to_determine,no_controls,0,4,parked_motor_vehicle,0,7,0,0,1,0,0,0,0,41.964478721,daylight,-87.748268666,3,no_indication_of_injury,2,0,no_defects,dry,W WILSON AVE,no_controls,parking_lot,clear,0,2017,42189
straight_and_level,1722,unable_to_determine,no_controls,0,2,fixed_object,0,3,0,0,1,0,0,0,1,41.961871899,daylight,-87.735606974,3,no_indication_of_injury,2,35,no_defects,snow_or_slush,W SUNNYSIDE AVE,no_controls,not_divided,clear,0,2017,27696
straight_and_level,1911,improper_backing,no_controls,0,5,angle,0,19,0,0,2,0,0,0,1,41.967152275,darkness,-87.687449533,3,no_indication_of_injury,2,30,no_defects,dry,N LINCOLN AVE,no_controls,one-way,clear,0,2017,39025
straight_and_level,234,weather,no_controls,0,2,rear_end,0,6,0,0,4,0,1,0,8,41.799569399,dawn,-87.58154906,3,"reported,_not_evident",5,45,unknown,snow_or_slush,S LAKE SHORE DR SB,no_controls,divided_-_w/median_barrier,snow,0,2017,32878
straight_and_level,1124,failing_to_yield_right-of-way,no_controls,0,4,turning,1,15,0,0,2,0,0,0,0,41.8759964,daylight,-87.701230687,3,no_indication_of_injury,2,30,no_defects,dry,S SACRAMENTO BLVD,no_controls,other,clear,0,2017,32986
straight_and_level,824,unable_to_determine,no_controls,0,6,parked_motor_vehicle,0,6,0,0,1,0,0,0,1,41.786297867,daylight,-87.687343702,3,no_indication_of_injury,2,20,unknown,wet,S MAPLEWOOD AVE,no_controls,unknown,rain,0,2017,39732
straight_and_level,1533,failing_to_reduce_speed_to_avoid_crash,functioning_properly,0,5,angle,0,20,0,0,3,0,0,1,4,41.87404018,"darkness,_lighted_road",-87.745179445,3,no_indication_of_injury,2,30,no_defects,dry,S CICERO AVE,stop_sign/flasher,divided_-_w/median_(not_raised),clear,0,2017,53200
straight_and_level,1032,improper_turning/no_signal,functioning_properly,0,0,turning,0,15,0,0,2,0,0,0,4,41.837132671,daylight,-87.704967115,3,no_indication_of_injury,2,30,no_defects,dry,S KEDZIE AVE,traffic_signal,not_divided,clear,0,2017,29609
straight_and_level,413,unable_to_determine,no_controls,0,1,parked_motor_vehicle,1,23,0,0,1,0,0,0,1,41.7318155,darkness,-87.56676026,3,no_indication_of_injury,2,25,unknown,unknown,E 90TH ST,no_controls,one-way,unknown,0,2017,47074
straight_and_level,1632,following_too_closely,no_controls,0,5,rear_end,0,17,0,0,3,0,0,0,2,41.960046291,daylight,-87.789303911,3,no_indication_of_injury,3,30,no_defects,dry,W MONTROSE AVE,no_controls,not_divided,clear,0,2017,42998
straight_on_grade,731,disregarding_traffic_signals,not_functioning,0,0,angle,0,3,0,0,0,3,2,1,2,41.758270934,"darkness,_lighted_road",-87.626346888,3,nonincapacitating_injury,3,30,shoulder_defect,dry,W 75TH ST,traffic_signal,divided_-_w/median_barrier,clear,0,2017,25995
straight_and_level,725,failing_to_yield_right-of-way,no_controls,0,0,turning,1,14,0,0,3,0,0,1,2,41.777560687,daylight,-87.664313747,3,no_indication_of_injury,2,35,no_defects,dry,S ASHLAND AVE,no_controls,divided_-_w/median_(not_raised),clear,0,2017,37354
straight_and_level,1434,unable_to_determine,functioning_properly,0,1,sideswipe_same_direction,0,19,0,0,2,0,0,0,4,41.912344217,"darkness,_lighted_road",-87.677653939,3,no_indication_of_injury,2,30,no_defects,snow_or_slush,N DAMEN AVE,traffic_signal,not_divided,snow,0,2017,34445
straight_and_level,734,improper_turning/no_signal,functioning_properly,0,3,angle,1,9,0,0,2,0,0,1,2,41.768528739,daylight,-87.659209534,3,no_indication_of_injury,2,30,no_defects,dry,S LOOMIS BLVD,traffic_signal,not_divided,clear,0,2017,46917
straight_and_level,2515,unable_to_determine,functioning_properly,0,2,rear_end,1,6,0,0,2,0,0,0,2,41.923872892,daylight,-87.765847998,3,no_indication_of_injury,2,30,no_defects,dry,W FULLERTON AVE,traffic_signal,divided_-_w/median_(not_raised),clear,0,2017,49074
straight_and_level,331,weather,functioning_properly,0,1,rear_end,0,21,0,0,2,0,0,1,6,41.791420282,"darkness,_lighted_road",-87.580147769,3,no_indication_of_injury,2,35,no_defects,snow_or_slush,S LAKE SHORE DR,traffic_signal,divided_-_w/median_barrier,snow,0,2017,42015
straight_and_level,611,unable_to_determine,no_controls,0,1,angle,1,15,0,0,2,0,0,0,2,41.750101076,daylight,-87.674885204,3,no_indication_of_injury,2,10,unknown,dry,W 79TH ST,no_controls,parking_lot,clear,0,2017,29277
straight_and_level,2212,"operating_vehicle_in_erratic,_reckless,_careless,_negligent_or_aggressive_manner",no_controls,0,4,rear_end,1,23,0,0,3,0,0,0,4,41.702910775,"darkness,_lighted_road",-87.662034957,3,no_indication_of_injury,2,30,no_defects,dry,S PROSPECT AVE,no_controls,not_divided,clear,0,2017,46673
straight_and_level,1224,unable_to_determine,no_controls,0,2,fixed_object,0,9,0,0,1,0,0,0,2,41.88521559,daylight,-87.667077686,3,no_indication_of_injury,1,30,other,dry,W LAKE ST,no_controls,divided_-_w/median_(not_raised),clear,0,2017,36857
straight_and_level,114,improper_turning/no_signal,functioning_properly,0,5,turning,0,16,0,0,3,0,0,1,4,41.884270947,daylight,-87.61436123,3,no_indication_of_injury,2,30,no_defects,dry,E RANDOLPH ST,traffic_signal,divided_-_w/median_barrier,clear,0,2017,45347
straight_and_level,2022,following_too_closely,functioning_properly,0,5,rear_end,0,16,0,0,2,0,0,0,2,41.988521825,daylight,-87.655486604,3,no_indication_of_injury,2,30,no_defects,dry,N SHERIDAN RD,traffic_signal,not_divided,clear,0,2017,40482
straight_and_level,1232,failing_to_yield_right-of-way,no_controls,0,3,sideswipe_same_direction,0,10,0,0,2,0,0,0,4,41.877720207,daylight,-87.654690001,3,no_indication_of_injury,2,25,no_defects,dry,W JACKSON BLVD,no_controls,one-way,clear,0,2017,28423
straight_and_level,422,unable_to_determine,no_controls,0,3,parked_motor_vehicle,0,9,0,0,1,0,0,0,2,41.751845058,daylight,-87.54964677,3,no_indication_of_injury,2,30,no_defects,dry,E 79TH ST,no_controls,not_divided,clear,0,2017,54276
straight_and_level,2413,unable_to_determine,no_controls,0,2,parked_motor_vehicle,1,23,0,0,1,0,0,0,2,41.994296051,daylight,-87.684306869,3,no_indication_of_injury,2,30,no_defects,dry,W GRANVILLE AVE,no_controls,divided_-_w/median_(not_raised),clear,0,2017,52919
straight_and_level,1911,following_too_closely,no_controls,0,5,rear_end,0,15,0,0,4,0,0,0,4,41.964908163,daylight,-87.688939911,3,no_indication_of_injury,2,30,unknown,dry,N WESTERN AVE,no_controls,not_divided,clear,0,2017,36402
straight_and_level,2413,unable_to_determine,no_controls,0,2,parked_motor_vehicle,0,8,0,0,1,0,0,0,1,41.997197685,daylight,-87.685130467,3,no_indication_of_injury,2,30,no_defects,dry,N LEAVITT ST,no_controls,one-way,fog/smoke/haze,0,2017,39869
straight_and_level,231,unable_to_determine,no_controls,0,4,parked_motor_vehicle,1,10,0,0,1,0,0,0,3,41.792038577,"darkness,_lighted_road",-87.620630248,3,no_indication_of_injury,2,30,no_defects,wet,S INDIANA AVE,no_controls,one-way,rain,0,2017,51411
straight_and_level,624,unable_to_determine,functioning_properly,0,2,rear_end,1,19,0,0,3,0,0,0,2,41.758609006,darkness,-87.595721361,3,no_indication_of_injury,3,30,no_defects,dry,S SOUTH CHICAGO AVE,traffic_signal,not_divided,clear,0,2017,37898
straight_and_level,1132,improper_turning/no_signal,functioning_properly,0,2,angle,1,23,0,0,2,0,0,1,2,41.874467007,"darkness,_lighted_road",-87.725568395,3,no_indication_of_injury,2,35,unknown,dry,W CONGRESS PKWY,traffic_signal,one-way,unknown,0,2017,31268
straight_and_level,713,improper_overtaking/passing,no_controls,0,6,sideswipe_same_direction,1,11,0,0,2,0,0,0,2,41.78690966,daylight,-87.660699858,3,no_indication_of_injury,2,30,no_defects,dry,W 59TH ST,no_controls,not_divided,cloudy/overcast,0,2017,55378
straight_and_level,1814,failing_to_yield_right-of-way,no_controls,0,6,angle,0,20,0,0,2,0,0,0,2,41.912469606,"darkness,_lighted_road",-87.634603669,3,no_indication_of_injury,2,30,no_defects,dry,N WELLS ST,no_controls,not_divided,clear,0,2017,46332
straight_and_level,813,unable_to_determine,no_controls,0,2,angle,0,15,0,0,2,0,0,0,1,41.78435793,daylight,-87.735295646,3,no_indication_of_injury,2,25,no_defects,dry,S KILBOURN AVE,no_controls,parking_lot,clear,0,2017,27167
straight_and_level,2532,"operating_vehicle_in_erratic,_reckless,_careless,_negligent_or_aggressive_manner",no_controls,0,4,parked_motor_vehicle,1,13,0,0,1,0,0,0,2,41.913424362,daylight,-87.763291933,3,no_indication_of_injury,2,30,no_defects,dry,N LINDER AVE,no_controls,not_divided,clear,0,2017,45414
straight_and_level,1012,unable_to_determine,no_controls,0,5,other_object,0,19,0,0,1,0,0,0,2,41.858681849,darkness,-87.734880643,3,no_indication_of_injury,1,30,no_defects,dry,S KOSTNER AVE,no_controls,not_divided,clear,0,2017,50003
straight_and_level,2522,following_too_closely,functioning_properly,0,1,parked_motor_vehicle,1,12,0,0,1,0,0,0,2,41.919419101,daylight,-87.748493048,3,no_indication_of_injury,2,30,no_defects,dry,N LAMON AVE,traffic_signal,divided_-_w/median_(not_raised),clear,0,2017,54047
straight_and_level,2031,unable_to_determine,no_controls,0,1,parked_motor_vehicle,0,15,0,0,1,0,0,0,1,41.972401896,"darkness,_lighted_road",-87.686231911,3,no_indication_of_injury,2,30,no_defects,wet,W ARGYLE ST,no_controls,other,snow,0,2017,28043
straight_and_level,1235,failing_to_yield_right-of-way,functioning_properly,0,1,turning,0,12,0,0,2,0,0,1,0,41.852544542,daylight,-87.645919743,3,no_indication_of_injury,2,30,no_defects,wet,W CERMAK RD,stop_sign/flasher,divided_-_w/median_(not_raised),cloudy/overcast,0,2017,48615
straight_and_level,914,unable_to_determine,not_functioning,0,3,angle,0,15,0,0,2,0,0,0,2,41.852769173,daylight,-87.638678499,3,no_indication_of_injury,2,30,no_defects,dry,S CANAL ST,stop_sign/flasher,not_divided,clear,0,2017,41490
straight_and_level,933,failing_to_yield_right-of-way,no_controls,0,6,parked_motor_vehicle,1,6,0,0,1,0,0,0,2,41.802104904,unknown,-87.663434778,3,no_indication_of_injury,2,30,no_defects,unknown,S JUSTINE ST,no_controls,one-way,clear,0,2017,37151
straight_and_level,622,"vision_obscured_(signs,_tree_limbs,_buildings,_etc.)",no_controls,0,5,angle,0,17,0,0,2,0,0,0,0,41.742467633,daylight,-87.633934031,3,no_indication_of_injury,2,10,no_defects,dry,S STEWART AVE,no_controls,parking_lot,clear,0,2017,27775
straight_and_level,1912,unable_to_determine,no_controls,0,3,parked_motor_vehicle,0,17,0,0,3,0,0,0,4,41.955064539,daylight,-87.669217892,3,no_indication_of_injury,2,30,no_defects,dry,N ASHLAND AVE,no_controls,divided_-_w/median_barrier,clear,0,2017,56530
straight_on_grade,1831,improper_overtaking/passing,no_controls,0,6,sideswipe_same_direction,0,23,0,0,2,0,0,0,3,41.889121297,"darkness,_lighted_road",-87.629657049,3,no_indication_of_injury,2,25,no_defects,dry,W KINZIE ST,no_controls,one-way,clear,0,2017,57213
straight_and_level,422,improper_lane_usage,no_controls,0,2,parked_motor_vehicle,1,6,0,0,2,0,0,0,2,41.751668365,daylight,-87.56265512,3,no_indication_of_injury,2,35,no_defects,dry,E 79TH ST,no_controls,not_divided,clear,0,2017,33374
straight_and_level,123,not_applicable,functioning_properly,0,2,turning,0,17,0,0,3,0,0,1,0,41.875532652,"darkness,_lighted_road",-87.633803891,3,no_indication_of_injury,2,35,no_defects,dry,S WELLS ST,traffic_signal,other,clear,1,2017,28064
straight_and_level,511,following_too_closely,no_controls,0,1,sideswipe_same_direction,0,10,0,0,4,1,0,0,2,41.707173951,daylight,-87.631402421,3,nonincapacitating_injury,2,30,unknown,dry,W 103RD ST,no_controls,not_divided,clear,0,2017,33447
straight_and_level,624,unable_to_determine,no_controls,0,3,turning,0,17,0,0,2,0,0,0,2,41.751396701,dusk,-87.605154658,3,no_indication_of_injury,2,30,no_defects,dry,E 79TH ST,no_controls,divided_-_w/median_(not_raised),clear,0,2017,46616
straight_and_level,1822,following_too_closely,no_controls,0,6,sideswipe_same_direction,1,15,0,0,5,0,0,0,2,41.910286656,daylight,-87.650941527,3,no_indication_of_injury,2,30,no_defects,dry,N FREMONT ST,no_controls,divided_-_w/median_(not_raised),clear,0,2017,51146
straight_and_level,1611,failing_to_yield_right-of-way,functioning_properly,0,3,turning,0,8,0,0,2,0,0,0,4,41.999195014,daylight,-87.789375595,3,no_indication_of_injury,2,30,no_defects,dry,N MILWAUKEE AVE,stop_sign/flasher,not_divided,clear,0,2017,39047
straight_and_level,2232,improper_overtaking/passing,no_controls,0,2,sideswipe_same_direction,0,6,0,0,2,0,0,1,2,41.714129538,daylight,-87.641954482,3,no_indication_of_injury,2,30,no_defects,dry,S EMERALD AVE,no_controls,one-way,clear,0,2017,29160
straight_and_level,833,improper_overtaking/passing,functioning_properly,0,5,rear_end,1,15,0,0,2,0,0,0,2,41.762046394,daylight,-87.74013758,3,no_indication_of_injury,2,25,no_defects,dry,W 72ND ST,traffic_signal,divided_-_w/median_(not_raised),clear,0,2017,54426
straight_and_level,821,unable_to_determine,functioning_properly,0,4,rear_end,1,18,0,0,2,0,0,0,4,41.807878258,daylight,-87.714287198,3,no_indication_of_injury,2,25,no_defects,dry,W 47TH ST,traffic_signal,divided_-_w/median_(not_raised),clear,0,2017,42475
straight_and_level,333,failing_to_yield_right-of-way,no_controls,0,0,parked_motor_vehicle,1,21,0,0,3,0,0,0,2,41.765816416,"darkness,_lighted_road",-87.576145475,3,no_indication_of_injury,2,15,no_defects,dry,S JEFFERY BLVD,no_controls,parking_lot,clear,0,2017,39577
straight_and_level,1914,unable_to_determine,no_controls,0,3,fixed_object,1,13,0,0,1,0,0,0,1,41.968723711,daylight,-87.659414087,3,no_indication_of_injury,1,30,unknown,dry,N BROADWAY,no_controls,one-way,clear,0,2017,43204
straight_and_level,714,unable_to_determine,functioning_properly,0,5,sideswipe_same_direction,0,21,0,0,3,0,0,1,1,41.782938144,darkness,-87.670512536,3,no_indication_of_injury,2,30,no_defects,dry,S HONORE ST,stop_sign/flasher,one-way,clear,0,2017,35670
straight_and_level,834,failing_to_yield_right-of-way,no_controls,0,1,angle,0,16,0,0,2,0,0,0,2,41.741916078,daylight,-87.731527894,3,no_indication_of_injury,2,30,unknown,dry,S KOSTNER AVE,stop_sign/flasher,not_divided,clear,0,2017,41494
straight_and_level,1223,driving_skills/knowledge/experience,no_controls,0,4,angle,1,21,0,0,6,0,0,0,1,41.878861849,"darkness,_lighted_road",-87.675844511,3,no_indication_of_injury,2,5,no_defects,dry,W ADAMS ST,no_controls,parking_lot,clear,0,2017,29665
straight_and_level,2521,failing_to_yield_right-of-way,no_controls,0,3,turning,0,16,0,0,6,0,0,1,1,41.931036143,daylight,-87.754092425,3,no_indication_of_injury,2,30,no_defects,dry,N LECLAIRE AVE,no_controls,one-way,clear,0,2017,49638
straight_and_level,711,driving_skills/knowledge/experience,no_controls,0,5,parked_motor_vehicle,0,9,0,0,1,0,0,0,2,41.790772801,daylight,-87.632281203,3,no_indication_of_injury,2,30,no_defects,dry,W 57TH ST,no_controls,not_divided,clear,0,2017,45156
straight_and_level,2223,unable_to_determine,unknown,0,2,parked_motor_vehicle,1,17,0,0,1,0,0,0,1,41.717140592,unknown,-87.644163907,3,no_indication_of_injury,2,30,unknown,unknown,S GREEN ST,unknown,unknown,unknown,0,2017,38982
straight_and_level,2533,unable_to_determine,no_controls,0,3,angle,0,7,0,0,6,0,0,0,4,41.909516846,daylight,-87.7460484,3,no_indication_of_injury,2,30,no_defects,dry,W NORTH AVE,no_controls,not_divided,clear,0,2017,26144
straight_and_level,1232,failing_to_yield_right-of-way,no_controls,0,2,turning,0,14,0,0,1,0,3,0,2,41.880383077,daylight,-87.647271739,3,"reported,_not_evident",2,30,no_defects,dry,W MONROE ST,no_controls,not_divided,clear,0,2017,28398
straight_and_level,124,turning_right_on_red,functioning_properly,0,5,turning,0,18,0,0,4,0,0,1,0,41.867351635,"darkness,_lighted_road",-87.640648577,3,no_indication_of_injury,2,30,no_defects,dry,W ROOSEVELT RD,traffic_signal,not_divided,clear,0,2017,54268
straight_and_level,1712,unable_to_determine,unknown,0,3,fixed_object,1,21,0,0,1,0,0,0,1,41.973449636,darkness,-87.73296295,3,no_indication_of_injury,2,30,unknown,dry,N KEELER AVE,unknown,one-way,clear,0,2017,38077
straight_and_level,1235,following_too_closely,functioning_properly,0,5,rear_end,1,20,0,0,4,0,0,0,4,41.85771647,"darkness,_lighted_road",-87.640085788,3,no_indication_of_injury,2,35,no_defects,dry,S CANALPORT AVE,traffic_signal,not_divided,clear,0,2017,40368
straight_and_level,332,failing_to_yield_right-of-way,no_controls,0,4,turning,0,9,0,0,2,0,0,0,1,41.772530981,daylight,-87.586801291,3,no_indication_of_injury,2,30,no_defects,dry,E 67TH PL,no_controls,parking_lot,clear,0,2017,27080
straight_and_level,1115,failing_to_yield_right-of-way,functioning_properly,0,3,pedestrian,1,23,0,0,1,1,0,0,4,41.880829089,"darkness,_lighted_road",-87.726175132,3,nonincapacitating_injury,2,30,no_defects,dry,W MADISON ST,stop_sign/flasher,not_divided,clear,0,2017,38999
straight_and_level,1722,unable_to_determine,no_controls,0,5,rear_end,0,15,0,0,5,0,0,0,4,41.953729545,unknown,-87.730570054,3,no_indication_of_injury,2,30,unknown,unknown,W IRVING PARK RD,no_controls,divided_-_w/median_(not_raised),unknown,0,2017,26390
straight_and_level,1513,following_too_closely,no_controls,0,5,rear_end,0,21,0,0,2,0,0,0,4,41.881829079,darkness,-87.774566604,3,no_indication_of_injury,2,30,no_defects,dry,N AUSTIN BLVD,traffic_signal,not_divided,clear,0,2017,36333
straight_and_level,1611,improper_overtaking/passing,functioning_properly,0,5,sideswipe_same_direction,0,17,0,0,3,0,0,0,4,41.997247284,daylight,-87.787334519,3,no_indication_of_injury,2,30,unknown,dry,W DEVON AVE,stop_sign/flasher,not_divided,clear,0,2017,54638
straight_and_level,1622,improper_lane_usage,functioning_properly,0,1,sideswipe_same_direction,0,5,0,0,2,0,0,0,4,41.975546053,dawn,-87.786622843,3,no_indication_of_injury,2,30,no_defects,wet,W FOSTER AVE,no_controls,divided_-_w/median_(not_raised),rain,0,2017,29823
straight_and_level,622,not_applicable,functioning_properly,0,3,sideswipe_same_direction,0,6,0,0,2,0,0,0,2,41.743504558,daylight,-87.636662798,3,no_indication_of_injury,2,30,no_defects,wet,S VINCENNES AVE,traffic_signal,divided_-_w/median_barrier,cloudy/overcast,0,2017,51582
straight_and_level,114,disregarding_traffic_signals,functioning_properly,0,4,turning,0,14,0,0,3,0,0,1,4,41.867623429,daylight,-87.620332399,3,no_indication_of_injury,2,30,no_defects,dry,E ROOSEVELT DR,traffic_signal,divided_-_w/median_barrier,clear,0,2017,45325
straight_and_level,2212,unable_to_determine,no_controls,0,4,parked_motor_vehicle,1,14,0,0,1,0,0,0,2,41.691897416,daylight,-87.679856206,3,no_indication_of_injury,2,35,no_defects,dry,W 111TH ST,no_controls,not_divided,clear,0,2017,40638
straight_and_level,2211,unable_to_determine,unknown,0,1,parked_motor_vehicle,0,14,0,0,2,0,0,0,0,41.700059077,unknown,-87.720533434,3,no_indication_of_injury,3,30,unknown,unknown,S PULASKI RD,unknown,parking_lot,unknown,0,2017,28793
straight_and_level,1634,following_too_closely,functioning_properly,0,2,rear_end,1,15,0,0,4,0,0,1,4,41.946163524,daylight,-87.747215169,3,no_indication_of_injury,2,30,no_defects,dry,N CICERO AVE,traffic_signal,not_divided,cloudy/overcast,0,2017,34132
straight_and_level,2531,improper_lane_usage,unknown,0,5,turning,0,6,0,0,5,0,0,1,0,41.909268443,daylight,-87.765772869,3,no_indication_of_injury,2,30,unknown,dry,W NORTH AVE,traffic_signal,not_divided,clear,0,2017,47997
straight_and_level,911,unable_to_determine,functioning_properly,0,1,rear_end,0,5,0,0,2,0,0,0,4,41.832133803,daylight,-87.694728059,3,no_indication_of_injury,2,25,no_defects,dry,S CALIFORNIA AVE,traffic_signal,divided_-_w/median_(not_raised),rain,0,2017,32660
straight_and_level,122,exceeding_safe_speed_for_conditions,no_controls,0,1,angle,0,8,0,0,3,0,0,0,1,41.885766804,daylight,-87.63112354,3,no_indication_of_injury,2,0,no_defects,dry,N CLARK ST,no_controls,parking_lot,clear,0,2017,44781
straight_and_level,634,unable_to_determine,no_controls,0,6,angle,0,11,0,0,3,0,0,0,2,41.735935871,daylight,-87.629826578,3,no_indication_of_injury,2,15,unknown,dry,W 87TH ST,no_controls,parking_lot,clear,0,2017,40472
straight_and_level,2533,unable_to_determine,no_controls,0,5,parked_motor_vehicle,1,15,0,0,1,0,0,0,1,41.905861071,daylight,-87.747610727,3,no_indication_of_injury,2,30,no_defects,dry,W HIRSCH ST,no_controls,one-way,clear,0,2017,32451
straight_and_level,1811,failing_to_yield_right-of-way,no_controls,0,2,turning,0,16,0,0,2,0,0,0,2,41.925124079,daylight,-87.663470156,3,no_indication_of_injury,2,30,no_defects,dry,N SOUTHPORT AVE,no_controls,divided_-_w/median_(not_raised),clear,0,2017,50476
straight_and_level,2531,following_too_closely,no_controls,0,5,rear_end,0,7,0,0,2,0,0,0,4,41.909193659,daylight,-87.771665878,3,no_indication_of_injury,2,30,no_defects,dry,W NORTH AVE,no_controls,divided_-_w/median_(not_raised),clear,0,2017,37647
straight_and_level,414,unable_to_determine,no_controls,0,1,parked_motor_vehicle,1,2,0,0,1,0,0,0,2,41.751462086,"darkness,_lighted_road",-87.578738401,3,no_indication_of_injury,2,30,no_defects,dry,E 79TH ST,no_controls,not_divided,clear,0,2017,52783
straight_and_level,622,improper_lane_usage,functioning_properly,0,2,sideswipe_same_direction,1,8,0,0,2,0,0,0,2,41.743615048,daylight,-87.634173196,3,no_indication_of_injury,2,30,no_defects,dry,W 83RD ST,traffic_signal,not_divided,clear,0,2017,34554
straight_and_level,433,improper_overtaking/passing,no_controls,0,5,sideswipe_same_direction,1,23,0,0,2,0,0,1,4,41.655233811,"darkness,_lighted_road",-87.554874884,3,no_indication_of_injury,2,30,no_defects,dry,S BRAINARD AVE,no_controls,not_divided,clear,0,2017,56976
straight_and_level,1112,improper_turning/no_signal,functioning_properly,0,6,turning,0,21,0,0,5,0,0,0,4,41.895499511,"darkness,_lighted_road",-87.723699547,3,no_indication_of_injury,2,30,no_defects,dry,W CHICAGO AVE,unknown,not_divided,clear,0,2017,51877