alignment,beat,contributory_cause,device_condition,dooring,dow,first_crash_type,hit_and_run,hour,injuries_fatal,injuries_incapacitating,injuries_no_indication,injuries_non_incapacitating,injuries_reported_not_evident,intersection_related,lane_count,latitude,lighting_condition,longitude,month,most_severe_injury,num_units,posted_speed_limit,road_defect,roadway_surface_cond,street,traffic_control_device,trafficway_type,weather_condition,work_zone,year,i
straight_and_level,613,unable_to_determine,no_controls,0,3,parked_motor_vehicle,0,16,0,0,3,0,0,0,1,41.745762755,daylight,-87.652543413,3,no_indication_of_injury,2,30,no_defects,dry,S MAY ST,no_controls,one-way,clear,0,2017,56594
straight_and_level,1021,following_too_closely,functioning_properly,0,2,rear_end,0,7,0,0,6,0,0,0,4,41.866183083,daylight,-87.715145279,3,no_indication_of_injury,2,30,no_defects,dry,W ROOSEVELT RD,yield,not_divided,clear,0,2017,51730
straight_and_level,1632,failing_to_yield_right-of-way,functioning_properly,0,5,turning,0,7,0,0,2,0,0,0,0,41.93834049,daylight,-87.786187177,3,no_indication_of_injury,2,30,no_defects,dry,N NARRAGANSETT AVE,traffic_signal,not_divided,clear,0,2017,34346
straight_and_level,1235,improper_turning/no_signal,no_controls,0,3,rear_end,0,21,0,0,3,0,0,0,3,41.85760154,darkness,-87.644636175,3,no_indication_of_injury,2,35,no_defects,dry,S UNION AVE,no_controls,not_divided,clear,0,2017,25730
straight_and_level,1111,failing_to_yield_right-of-way,no_controls,0,5,sideswipe_same_direction,0,11,0,0,2,0,0,0,2,41.898752877,daylight,-87.735380387,3,no_indication_of_injury,2,30,no_defects,dry,W AUGUSTA BLVD,no_controls,not_divided,clear,0,2017,53396
straight_and_level,1623,failing_to_reduce_speed_to_avoid_crash,no_controls,0,2,rear_end,0,7,0,0,2,0,0,0,4,41.964451168,daylight,-87.747776431,3,no_indication_of_injury,2,30,no_defects,dry,N CICERO AVE,no_controls,divided_-_w/median_(not_raised),clear,0,2017,53260
straight_and_level,124,unable_to_determine,functioning_properly,0,1,turning,0,19,0,0,2,0,0,1,2,41.869855597,dawn,-87.640270308,3,no_indication_of_injury,2,30,no_defects,dry,W TAYLOR ST,traffic_signal,not_divided,clear,0,2017,37273
straight_and_level,614,improper_overtaking/passing,functioning_properly,0,3,sideswipe_same_direction,1,23,0,0,2,0,0,0,4,41.735764261,"darkness,_lighted_road",-87.672798199,3,no_indication_of_injury,2,35,unknown,dry,W 87TH ST,traffic_signal,not_divided,clear,0,2017,31963
straight_on_grade,2533,unable_to_determine,no_controls,0,3,fixed_object,0,10,0,0,1,0,0,0,1,41.915321304,daylight,-87.749238674,3,no_indication_of_injury,1,30,no_defects,dry,W GRAND AVE,no_controls,not_divided,clear,0,2017,44012
straight_and_level,323,improper_turning/no_signal,no_controls,0,4,turning,1,20,0,0,2,0,0,1,2,41.765395843,"darkness,_lighted_road",-87.623147747,3,no_indication_of_injury,2,30,no_defects,dry,S WABASH AVE,no_controls,not_divided,clear,0,2017,47960
straight_and_level,1432,disregarding_traffic_signals,functioning_properly,0,4,angle,0,15,0,0,2,0,0,0,4,41.925165871,daylight,-87.67546436,3,no_indication_of_injury,2,30,unknown,dry,W FULLERTON AVE,traffic_signal,divided_-_w/median_(not_raised),clear,0,2017,43360
straight_and_level,1934,following_too_closely,no_controls,0,6,rear_end,0,17,0,0,2,0,0,0,2,41.939943197,daylight,-87.644024622,3,no_indication_of_injury,2,30,unknown,dry,W BELMONT AVE,no_controls,divided_-_w/median_(not_raised),clear,0,2017,35962
straight_and_level,821,unable_to_determine,no_controls,0,5,angle,0,21,0,0,4,0,0,0,2,41.807392969,"darkness,_lighted_road",-87.723424598,3,no_indication_of_injury,2,30,no_defects,dry,S PULASKI RD,no_controls,not_divided,clear,0,2017,52608
straight_and_level,613,unable_to_determine,no_controls,0,3,parked_motor_vehicle,1,6,0,0,1,0,0,0,1,41.738578096,"darkness,_lighted_road",-87.649622819,4,no_indication_of_injury,2,30,no_defects,dry,S CARPENTER ST,no_controls,one-way,clear,0,2017,34269
straight_and_level,2524,not_applicable,no_controls,0,0,fixed_object,0,3,0,0,1,0,0,0,1,41.928056902,"darkness,_lighted_road",-87.725276168,4,no_indication_of_injury,1,15,worn_surface,dry,W WRIGHTWOOD AVE,no_controls,alley,clear,0,2017,40448
straight_and_level,711,unable_to_determine,functioning_properly,0,5,angle,0,16,0,0,2,0,0,1,2,41.787798564,daylight,-87.632067013,4,no_indication_of_injury,2,30,unknown,dry,S WELLS ST,traffic_signal,divided_-_w/median_(not_raised),clear,0,2017,30019
straight_and_level,1832,unable_to_determine,no_controls,0,3,parked_motor_vehicle,0,19,0,0,1,0,0,0,2,41.8978895,dusk,-87.629232977,4,no_indication_of_injury,2,30,no_defects,dry,W CHESTNUT ST,no_controls,one-way,clear,0,2017,32989
straight_and_level,324,disregarding_stop_sign,functioning_improperly,0,3,angle,0,14,0,0,2,0,0,1,2,41.764238149,daylight,-87.591093338,4,no_indication_of_injury,2,20,no_defects,dry,S DORCHESTER AVE,stop_sign/flasher,divided_-_w/median_(not_raised),clear,0,2017,51379
straight_and_level,124,failing_to_yield_right-of-way,no_controls,0,1,turning,0,8,0,0,2,0,0,0,2,41.867972805,daylight,-87.640892257,4,no_indication_of_injury,2,30,unknown,dry,S CLINTON ST,no_controls,not_divided,clear,0,2017,35628
straight_and_level,1921,weather,functioning_properly,0,3,rear_end,0,19,0,0,2,0,0,0,4,41.953884551,dusk,-87.689704871,4,no_indication_of_injury,2,30,no_defects,wet,W IRVING PARK RD,traffic_signal,divided_-_w/median_(not_raised),rain,0,2017,35058
straight_and_level,2022,unable_to_determine,functioning_properly,0,2,rear_end,0,8,0,0,2,0,0,0,2,41.983790707,daylight,-87.656760371,4,no_indication_of_injury,2,25,no_defects,dry,W BRYN MAWR AVE,stop_sign/flasher,not_divided,clear,0,2017,49921
straight_and_level,714,unable_to_determine,no_controls,0,2,rear_end,0,11,0,0,2,0,0,0,4,41.786611167,daylight,-87.666601152,4,no_indication_of_injury,2,30,no_defects,dry,W 59TH ST,no_controls,not_divided,cloudy/overcast,0,2017,26450
straight_and_level,1434,weather,functioning_properly,0,6,rear_end,0,15,0,0,3,0,0,0,4,41.912152106,daylight,-87.687415817,4,no_indication_of_injury,2,30,no_defects,wet,N WESTERN AVE,traffic_signal,divided_-_w/median_(not_raised),rain,0,2017,51186
straight_and_level,323,road_engineering/surface/marking_defects,functioning_properly,0,4,other_object,0,17,0,0,1,0,0,0,1,41.761924637,daylight,-87.608067091,4,no_indication_of_injury,1,15,"rut,_holes",dry,S LANGLEY AVE,stop_sign/flasher,one-way,clear,0,2017,25776
straight_and_level,1012,unable_to_determine,no_controls,0,6,parked_motor_vehicle,1,11,0,0,1,0,0,0,1,41.855115593,daylight,-87.726220648,4,no_indication_of_injury,2,30,no_defects,dry,W 19TH ST,no_controls,one-way,rain,0,2017,38716
straight_and_level,2531,disregarding_stop_sign,functioning_properly,0,5,angle,1,11,0,0,1,2,0,1,2,41.902194556,daylight,-87.768232431,4,nonincapacitating_injury,2,30,unknown,unknown,N WALLER AVE,stop_sign/flasher,not_divided,clear,0,2017,47394
straight_and_level,2432,following_too_closely,functioning_properly,0,4,rear_end,0,17,0,0,1,0,1,1,2,42.001719973,daylight,-87.672015452,4,"reported,_not_evident",2,25,no_defects,dry,N CLARK ST,traffic_signal,not_divided,clear,0,2017,30370
straight_and_level,2411,unable_to_determine,no_controls,0,6,rear_end,0,8,0,0,2,0,0,0,4,42.012117764,daylight,-87.702474251,4,no_indication_of_injury,2,30,no_defects,dry,W TOUHY AVE,no_controls,divided_-_w/median_(not_raised),clear,0,2017,36663
straight_and_level,422,improper_backing,no_controls,0,0,parked_motor_vehicle,0,8,0,0,1,0,0,0,2,41.748888271,daylight,-87.565121602,4,no_indication_of_injury,2,0,no_defects,dry,S PHILLIPS AVE,no_controls,divided_-_w/median_(not_raised),clear,0,2017,33567
straight_and_level,2525,unable_to_determine,no_controls,0,4,rear_end,0,10,0,0,3,0,0,0,1,41.923928431,daylight,-87.726606113,4,no_indication_of_injury,3,30,no_defects,dry,N PULASKI RD,no_controls,not_divided,clear,0,2017,42818
straight_and_level,735,unable_to_determine,no_controls,0,3,angle,0,13,0,0,2,0,0,0,4,41.759964083,daylight,-87.663806205,4,no_indication_of_injury,2,30,no_defects,dry,S ASHLAND AVE,no_controls,not_divided,clear,0,2017,35870
straight_and_level,523,unable_to_determine,no_controls,0,1,fixed_object,0,14,0,0,1,0,0,0,4,41.66305433,daylight,-87.646436275,4,no_indication_of_injury,1,30,"rut,_holes",dry,S MORGAN ST,no_controls,not_divided,clear,0,2017,32554
straight_and_level,512,improper_turning/no_signal,functioning_properly,0,6,turning,0,18,0,0,2,1,0,1,3,41.707116579,daylight,-87.62366762,4,nonincapacitating_injury,2,30,no_defects,dry,S STATE ST,traffic_signal,center_turn_lane,clear,0,2017,38181
straight_and_level,131,improper_backing,no_controls,0,1,parked_motor_vehicle,1,2,0,0,3,0,0,0,2,41.850955171,unknown,-87.627254131,4,no_indication_of_injury,2,30,unknown,unknown,W 23RD ST,no_controls,divided_-_w/median_(not_raised),clear,0,2017,28272
straight_and_level,1824,improper_turning/no_signal,no_controls,0,4,sideswipe_same_direction,0,14,0,0,5,0,0,0,4,41.900752974,daylight,-87.624235,4,no_indication_of_injury,2,30,no_defects,dry,N LAKE SHORE DR,no_controls,divided_-_w/median_barrier,clear,0,2017,50371
straight_and_level,1612,following_too_closely,functioning_properly,0,6,rear_end,1,15,0,0,2,0,0,0,2,41.984484465,daylight,-87.823182807,4,no_indication_of_injury,2,30,no_defects,dry,N CANFIELD AVE,traffic_signal,not_divided,clear,0,2017,36379
straight_and_level,2023,following_too_closely,functioning_properly,0,2,rear_end,0,1,0,0,2,0,0,0,4,41.979882516,darkness,-87.659818052,4,no_indication_of_injury,2,30,unknown,dry,N BROADWAY,traffic_signal,not_divided,clear,0,2017,31317
straight_and_level,2212,unable_to_determine,functioning_properly,0,5,angle,0,7,0,0,3,0,0,0,4,41.692892816,daylight,-87.662958666,4,no_indication_of_injury,3,15,no_defects,dry,S VINCENNES AVE,stop_sign/flasher,other,clear,0,2017,42277
straight_and_level,122,improper_overtaking/passing,functioning_properly,0,5,turning,0,19,0,0,2,0,0,1,4,41.885676127,"darkness,_lighted_road",-87.6311211,4,no_indication_of_injury,2,25,no_defects,dry,N CLARK ST,traffic_signal,other,clear,0,2017,42131
straight_and_level,1112,improper_backing,no_controls,0,0,parked_motor_vehicle,0,20,0,0,1,0,0,0,0,41.895524902,"darkness,_lighted_road",-87.720963852,4,no_indication_of_injury,2,30,no_defects,dry,W CHICAGO AVE,no_controls,parking_lot,clear,0,2017,38903
straight_and_level,511,driving_skills/knowledge/experience,functioning_properly,0,1,rear_end,0,17,0,0,2,0,0,0,2,41.70740449,daylight,-87.613916025,4,no_indication_of_injury,2,30,no_defects,unknown,S DR MARTIN LUTHER KING JR DR,traffic_signal,divided_-_w/median_(not_raised),unknown,0,2017,53444
straight_and_level,714,unable_to_determine,no_controls,0,4,parked_motor_vehicle,1,19,0,0,1,0,0,0,1,41.783544402,"darkness,_lighted_road",-87.672656468,4,no_indication_of_injury,2,30,no_defects,dry,S WINCHESTER AVE,no_controls,one-way,clear,0,2017,46318
straight_and_level,2033,unable_to_determine,no_controls,0,6,parked_motor_vehicle,1,8,0,0,1,0,0,0,2,41.975297081,daylight,-87.661300074,4,no_indication_of_injury,2,30,no_defects,dry,W WINONA ST,no_controls,not_divided,clear,0,2017,37769
straight_and_level,1513,following_too_closely,no_controls,0,1,rear_end,0,12,0,0,2,0,0,0,2,41.866632687,daylight,-87.77402379,4,no_indication_of_injury,2,30,no_defects,dry,S AUSTIN BLVD,no_controls,not_divided,clear,0,2017,37133
straight_and_level,634,failing_to_yield_right-of-way,functioning_properly,0,3,turning,1,17,0,0,2,0,0,1,4,41.723496182,daylight,-87.625222991,4,no_indication_of_injury,2,30,no_defects,wet,S LAFAYETTE AVE,unknown,divided_-_w/median_(not_raised),rain,0,2017,29225
straight_and_level,213,unable_to_determine,no_controls,0,1,turning,0,17,0,0,2,0,0,0,2,41.823855951,daylight,-87.623911764,4,no_indication_of_injury,2,30,other,wet,E PERSHING RD,no_controls,not_divided,rain,0,2017,40165
straight_and_level,1731,disregarding_traffic_signals,functioning_properly,0,1,turning,0,6,0,0,4,1,0,1,8,41.938871861,daylight,-87.746726537,4,nonincapacitating_injury,3,30,no_defects,dry,N CICERO AVE,traffic_signal,not_divided,clear,0,2017,54194
straight_and_level,2524,exceeding_safe_speed_for_conditions,unknown,0,1,pedestrian,0,15,0,0,1,1,0,1,4,41.924456209,daylight,-87.738395679,4,nonincapacitating_injury,2,35,unknown,wet,W FULLERTON AVE,traffic_signal,not_divided,rain,0,2017,171738
straight_and_level,2411,"vision_obscured_(signs,_tree_limbs,_buildings,_etc.)",no_controls,0,5,parked_motor_vehicle,0,12,0,0,3,0,0,0,2,42.010558605,daylight,-87.690062572,4,no_indication_of_injury,2,30,no_defects,dry,N WESTERN AVE,no_controls,parking_lot,clear,0,2017,31931
straight_and_level,2032,improper_overtaking/passing,no_controls,0,3,sideswipe_same_direction,0,6,0,0,2,0,0,0,4,41.976041736,daylight,-87.671031914,4,no_indication_of_injury,2,30,no_defects,dry,W FOSTER AVE,no_controls,not_divided,clear,0,2017,39576
straight_and_level,2012,unable_to_determine,functioning_properly,0,2,rear_end,0,11,0,0,2,0,0,1,1,41.981705621,daylight,-87.668580918,4,no_indication_of_injury,2,30,no_defects,dry,N CLARK ST,stop_sign/flasher,not_divided,clear,0,2017,33277
straight_and_level,715,unable_to_determine,no_controls,0,6,parked_motor_vehicle,1,11,0,0,1,0,0,0,1,41.789572935,daylight,-87.673112442,4,no_indication_of_injury,2,30,unknown,unknown,S WINCHESTER AVE,no_controls,one-way,unknown,0,2017,51882
straight_and_level,2533,unable_to_determine,no_controls,0,6,sideswipe_same_direction,1,9,0,0,5,0,0,0,1,41.909764527,daylight,-87.743376296,4,no_indication_of_injury,2,5,no_defects,dry,W NORTH AVE,no_controls,driveway,clear,0,2017,25856
straight_and_level,1925,improper_overtaking/passing,functioning_properly,0,3,sideswipe_same_direction,1,18,0,0,2,0,0,0,4,41.940113892,daylight,-87.647715367,4,no_indication_of_injury,2,30,no_defects,dry,W BELMONT AVE,traffic_signal,not_divided,clear,0,2017,51491
straight_and_level,2534,improper_backing,functioning_properly,0,6,rear_end,0,22,0,0,2,0,0,1,1,41.915173054,"darkness,_lighted_road",-87.731317636,4,no_indication_of_injury,2,20,worn_surface,dry,W CORTLAND ST,stop_sign/flasher,one-way,clear,0,2017,47433
straight_and_level,632,improper_overtaking/passing,functioning_properly,0,2,head_on,1,9,0,0,2,0,0,0,2,41.736541701,daylight,-87.619296247,4,no_indication_of_injury,2,30,no_defects,dry,E 87TH ST,traffic_signal,not_divided,clear,0,2017,47414
straight_and_level,1613,following_too_closely,functioning_properly,0,4,rear_end,0,11,0,0,1,1,0,0,4,41.981010393,daylight,-87.806817807,4,nonincapacitating_injury,2,30,no_defects,dry,N HARLEM AVE,traffic_signal,not_divided,clear,0,2017,29759
straight_and_level,2424,unable_to_determine,no_controls,0,3,parked_motor_vehicle,1,11,0,0,1,0,0,0,1,42.018061648,unknown,-87.683807952,4,no_indication_of_injury,2,30,no_defects,dry,W BIRCHWOOD AVE,no_controls,one-way,clear,0,2017,56003
"curve,_level",1824,weather,no_controls,0,1,fixed_object,0,22,0,0,1,0,0,0,8,41.900752974,"darkness,_lighted_road",-87.624235,4,no_indication_of_injury,1,40,no_defects,wet,N LAKE SHORE DR,lane_use_marking,divided_-_w/median_barrier,rain,0,2017,34254
straight_and_level,735,unable_to_determine,no_controls,0,4,angle,0,6,0,0,3,0,0,0,2,41.759473265,daylight,-87.669597986,4,no_indication_of_injury,2,25,no_defects,wet,S HONORE ST,stop_sign/flasher,not_divided,clear,0,2017,27561
straight_and_level,731,failing_to_yield_right-of-way,functioning_properly,0,6,angle,0,9,0,1,0,1,0,1,2,41.767514534,daylight,-87.626462939,4,incapacitating_injury,2,30,no_defects,dry,S LAFAYETTE AVE,stop_sign/flasher,one-way,clear,0,2017,36234
straight_and_level,111,not_applicable,no_controls,0,4,sideswipe_same_direction,0,17,0,0,2,0,0,0,2,41.883526492,daylight,-87.626082197,4,no_indication_of_injury,2,35,no_defects,dry,N WABASH AVE,no_controls,one-way,clear,1,2017,25861
straight_and_level,1523,"operating_vehicle_in_erratic,_reckless,_careless,_negligent_or_aggressive_manner",no_controls,0,1,rear_end,1,22,0,0,4,0,0,0,1,41.887768,"darkness,_lighted_road",-87.763438471,4,no_indication_of_injury,2,30,no_defects,dry,N PINE AVE,no_controls,one-way,clear,0,2017,25305
straight_and_level,1125,improper_backing,no_controls,0,4,parked_motor_vehicle,0,14,0,0,1,0,0,0,2,41.880592403,daylight,-87.691212802,4,no_indication_of_injury,2,30,no_defects,dry,S ROCKWELL ST,no_controls,not_divided,clear,0,2017,50036
straight_and_level,1131,failing_to_yield_right-of-way,functioning_properly,0,3,angle,0,17,0,0,2,0,0,1,2,41.876827665,daylight,-87.742842967,4,no_indication_of_injury,2,35,no_defects,dry,S KILPATRICK AVE,stop_sign/flasher,not_divided,clear,0,2017,45456
straight_and_level,422,improper_overtaking/passing,functioning_properly,0,5,sideswipe_same_direction,0,16,0,0,2,0,0,0,2,41.751817899,daylight,-87.553044224,4,no_indication_of_injury,2,30,no_defects,dry,S EXCHANGE AVE,railroad_crossing_gate,not_divided,clear,0,2017,38751
straight_and_level,1632,following_too_closely,no_controls,0,0,rear_end,0,15,0,0,2,0,0,0,2,41.95263767,daylight,-87.800403463,4,no_indication_of_injury,2,30,no_defects,wet,W IRVING PARK RD,no_controls,not_divided,clear,0,2017,54350
straight_and_level,1532,unable_to_determine,functioning_properly,0,5,turning,1,17,0,0,2,0,0,0,2,41.88674914,daylight,-87.745608853,4,no_indication_of_injury,2,30,no_defects,dry,W LAKE ST,traffic_signal,divided_-_w/median_(not_raised),clear,0,2017,42593
straight_and_level,2023,following_too_closely,functioning_properly,0,3,rear_end,0,8,0,0,2,0,0,0,2,41.983574054,daylight,-87.655692789,4,no_indication_of_injury,2,30,no_defects,dry,W BRYN MAWR AVE,stop_sign/flasher,divided_-_w/median_(not_raised),clear,0,2017,34797
straight_and_level,631,unable_to_determine,no_controls,0,1,parked_motor_vehicle,1,14,0,0,1,0,0,0,2,41.744641749,daylight,-87.603928068,4,no_indication_of_injury,2,30,no_defects,dry,S MARYLAND AVE,no_controls,not_divided,clear,0,2017,38607
straight_and_level,1033,unable_to_determine,no_controls,0,6,rear_end,1,17,0,0,2,0,0,0,2,41.844640004,daylight,-87.70387455,4,no_indication_of_injury,2,30,no_defects,dry,W 26TH ST,no_controls,not_divided,clear,0,2017,45618
straight_and_level,2433,unable_to_determine,functioning_properly,0,5,sideswipe_same_direction,0,12,0,0,2,0,0,0,4,41.998098546,daylight,-87.658686067,4,no_indication_of_injury,2,30,no_defects,dry,W SHERIDAN RD,traffic_signal,not_divided,clear,0,2017,51369
straight_and_level,333,"evasive_action_due_to_animal,_object,_nonmotorist",functioning_properly,0,6,parked_motor_vehicle,0,3,0,0,1,0,0,0,2,41.762591746,"darkness,_lighted_road",-87.579226491,4,no_indication_of_injury,3,35,no_defects,dry,E 73RD ST,stop_sign/flasher,not_divided,clear,0,2017,31555
straight_and_level,1723,not_applicable,functioning_properly,0,6,turning,0,18,0,0,3,0,0,0,1,41.964855923,"darkness,_lighted_road",-87.714757098,4,no_indication_of_injury,2,30,unknown,wet,W WILSON AVE,stop_sign/flasher,not_divided,rain,0,2017,24786
straight_and_level,1432,unable_to_determine,functioning_properly,0,6,parked_motor_vehicle,1,11,0,0,1,0,0,0,1,41.920846197,unknown,-87.68144952,4,no_indication_of_injury,2,30,no_defects,unknown,W SHAKESPEARE AVE,stop_sign/flasher,one-way,unknown,0,2017,37152
straight_and_level,832,unable_to_determine,functioning_properly,0,1,rear_end,0,14,0,0,2,0,0,0,4,41.764608912,daylight,-87.683387053,4,no_indication_of_injury,2,25,no_defects,wet,S WESTERN AVE,traffic_signal,divided_-_w/median_(not_raised),clear,0,2017,35343
straight_and_level,1632,unable_to_determine,functioning_properly,0,5,sideswipe_same_direction,0,11,0,0,4,0,0,1,4,41.945566436,daylight,-87.796137876,4,no_indication_of_injury,2,30,no_defects,dry,N OAK PARK AVE,traffic_signal,not_divided,clear,0,2017,53981
straight_and_level,1925,improper_overtaking/passing,functioning_properly,0,6,sideswipe_same_direction,0,15,0,0,2,0,0,0,2,41.940099577,daylight,-87.648619734,4,no_indication_of_injury,2,30,unknown,dry,W BELMONT AVE,traffic_signal,not_divided,clear,0,2017,52210
straight_and_level,123,following_too_closely,functioning_properly,0,3,rear_end,0,23,0,0,2,0,0,0,4,41.869255756,"darkness,_lighted_road",-87.624276595,4,no_indication_of_injury,2,30,no_defects,wet,S MICHIGAN AVE,traffic_signal,divided_-_w/median_barrier,rain,0,2017,29279
straight_and_level,324,failing_to_yield_right-of-way,functioning_properly,0,6,sideswipe_same_direction,0,21,0,0,3,0,0,0,8,41.75880657,"darkness,_lighted_road",-87.58628483,4,no_indication_of_injury,2,30,no_defects,wet,S STONY ISLAND AVE,traffic_signal,other,rain,0,2017,29338
straight_and_level,815,failing_to_yield_right-of-way,functioning_properly,0,6,angle,0,18,0,0,3,0,0,0,4,41.807992933,daylight,-87.72364912,4,no_indication_of_injury,2,30,no_defects,dry,W 47TH ST,traffic_signal,not_divided,clear,0,2017,56205
straight_and_level,1215,unable_to_determine,functioning_properly,0,2,turning,0,17,0,0,2,0,0,0,3,41.892946634,daylight,-87.65757787,4,no_indication_of_injury,2,30,no_defects,dry,N RACINE AVE,traffic_signal,not_divided,clear,0,2017,32517
straight_and_level,133,failing_to_reduce_speed_to_avoid_crash,no_controls,0,5,rear_end,0,17,0,0,3,0,0,0,2,41.845503185,daylight,-87.625365827,4,no_indication_of_injury,2,25,no_defects,dry,E 26TH ST,no_controls,not_divided,clear,0,2017,25662
straight_and_level,131,following_too_closely,functioning_properly,0,1,turning,0,10,0,0,2,0,0,0,2,41.852950417,daylight,-87.629921432,4,no_indication_of_injury,2,30,unknown,dry,S CLARK ST,traffic_signal,center_turn_lane,clear,0,2017,34661
straight_and_level,711,"operating_vehicle_in_erratic,_reckless,_careless,_negligent_or_aggressive_manner",no_controls,0,6,parked_motor_vehicle,1,15,0,0,1,0,0,0,2,41.787176102,daylight,-87.642599018,4,no_indication_of_injury,2,30,no_defects,dry,W 59TH ST,no_controls,not_divided,clear,0,2017,54718
straight_and_level,1111,following_too_closely,functioning_properly,0,1,rear_end,0,18,0,0,2,0,0,0,2,41.902405919,daylight,-87.736018016,4,no_indication_of_injury,2,30,no_defects,dry,W DIVISION ST,traffic_signal,not_divided,clear,0,2017,34697
straight_and_level,1733,improper_overtaking/passing,functioning_properly,0,6,sideswipe_same_direction,0,17,0,0,2,0,0,0,2,41.946520533,daylight,-87.707870449,4,no_indication_of_injury,2,30,no_defects,dry,W ADDISON ST,traffic_signal,divided_-_w/median_(not_raised),clear,0,2017,47345
straight_and_level,821,disregarding_traffic_signals,functioning_properly,0,3,sideswipe_opposite_direction,0,21,0,0,2,0,0,1,5,41.806922738,"darkness,_lighted_road",-87.716190674,4,no_indication_of_injury,2,35,no_defects,dry,S ARCHER AVE,traffic_signal,not_divided,clear,0,2017,40387
straight_and_level,1232,not_applicable,no_controls,0,4,rear_end,0,13,0,0,3,0,0,0,4,41.866929914,daylight,-87.654038382,4,no_indication_of_injury,2,35,no_defects,dry,W ROOSEVELT RD,no_controls,divided_-_w/median_barrier,clear,0,2017,39856
straight_and_level,333,unable_to_determine,functioning_properly,0,1,angle,1,10,0,0,3,0,0,0,4,41.760806802,daylight,-87.576155665,4,no_indication_of_injury,2,0,no_defects,dry,E 74TH ST,stop_sign/flasher,divided_-_w/median_(not_raised),clear,0,2017,27940
straight_and_level,331,weather,functioning_properly,0,4,rear_end,0,5,0,0,2,0,1,0,2,41.769655848,"darkness,_lighted_road",-87.576247532,4,"reported,_not_evident",2,30,no_defects,wet,S JEFFERY BLVD,traffic_signal,not_divided,rain,0,2017,36083
straight_and_level,1233,following_too_closely,no_controls,0,6,rear_end,0,18,0,0,2,0,0,0,2,41.857919622,daylight,-87.665433002,4,no_indication_of_injury,2,30,no_defects,dry,W 18TH ST,no_controls,not_divided,clear,0,2017,47706
straight_and_level,825,following_too_closely,functioning_properly,0,5,rear_end,0,13,0,0,2,0,0,0,4,41.780047851,daylight,-87.683809107,4,no_indication_of_injury,2,30,no_defects,dry,S WESTERN AVE,traffic_signal,not_divided,clear,0,2017,55324
straight_and_level,912,failing_to_yield_right-of-way,unknown,0,1,sideswipe_same_direction,0,10,0,0,3,0,0,1,4,41.826518543,daylight,-87.684204982,4,no_indication_of_injury,2,30,unknown,dry,S ARCHER AVE,traffic_signal,divided_-_w/median_(not_raised),clear,0,2017,50755
straight_and_level,821,following_too_closely,no_controls,0,1,rear_end,0,11,0,0,2,0,0,0,2,41.820830924,daylight,-87.704618869,4,no_indication_of_injury,2,35,no_defects,dry,S KEDZIE AVE,no_controls,divided_-_w/median_(not_raised),clear,0,2017,25724
straight_and_level,1912,unable_to_determine,no_controls,0,2,pedalcyclist,1,15,0,0,1,1,0,0,2,41.968770918,daylight,-87.668783367,4,nonincapacitating_injury,2,30,no_defects,dry,W LAWRENCE AVE,no_controls,divided_-_w/median_(not_raised),clear,0,2017,130208
straight_and_level,623,unable_to_determine,functioning_properly,0,3,rear_end,0,17,0,0,3,0,0,0,2,41.756320006,daylight,-87.626475577,4,no_indication_of_injury,3,30,no_defects,dry,S LAFAYETTE AVE,traffic_signal,not_divided,clear,0,2017,29981
straight_and_level,1524,improper_turning/no_signal,functioning_properly,0,5,turning,0,15,0,0,2,0,0,0,2,41.898545165,daylight,-87.765379416,4,no_indication_of_injury,2,30,no_defects,dry,N CENTRAL AVE,traffic_signal,divided_-_w/median_(not_raised),clear,0,2017,35157
straight_and_level,131,weather,no_controls,0,6,rear_end,0,14,0,0,2,0,0,0,2,41.848085749,daylight,-87.626814476,4,no_indication_of_injury,2,30,no_defects,wet,S STATE ST,no_controls,one-way,clear,0,2017,30389
straight_and_level,114,unable_to_determine,functioning_properly,0,4,sideswipe_same_direction,0,16,0,0,3,0,0,0,2,41.887803126,daylight,-87.620825029,4,no_indication_of_injury,2,30,no_defects,dry,N COLUMBUS DR,traffic_signal,divided_-_w/median_(not_raised),clear,0,2017,40547
straight_and_level,2411,unable_to_determine,no_controls,0,2,turning,0,15,0,0,2,0,0,0,2,42.017351117,daylight,-87.690344738,4,no_indication_of_injury,2,35,no_defects,dry,N WESTERN AVE,no_controls,not_divided,clear,0,2017,37750
straight_and_level,1122,following_too_closely,functioning_properly,0,0,rear_end,0,14,0,0,2,0,0,1,2,41.882007102,daylight,-87.720942747,4,no_indication_of_injury,2,30,no_defects,dry,W WASHINGTON BLVD,traffic_signal,divided_-_w/median_(not_raised),clear,0,2017,49771
straight_and_level,1235,unable_to_determine,functioning_properly,0,0,fixed_object,0,17,0,0,1,0,0,0,2,41.858102832,daylight,-87.646796313,4,no_indication_of_injury,1,35,no_defects,dry,S HALSTED ST,traffic_signal,divided_-_w/median_barrier,clear,0,2017,36748