alignment,beat,contributory_cause,device_condition,dooring,dow,first_crash_type,hit_and_run,hour,injuries_fatal,injuries_incapacitating,injuries_no_indication,injuries_non_incapacitating,injuries_reported_not_evident,intersection_related,lane_count,latitude,lighting_condition,longitude,month,most_severe_injury,num_units,posted_speed_limit,road_defect,roadway_surface_cond,street,traffic_control_device,trafficway_type,weather_condition,work_zone,year,i
straight_and_level,622,unable_to_determine,no_controls,0,0,parked_motor_vehicle,1,10,0,0,1,0,0,0,1,41.743427333,daylight,-87.632181132,4,no_indication_of_injury,2,10,unknown,unknown,S HOLLAND RD,no_controls,parking_lot,clear,0,2017,44107
straight_and_level,234,not_applicable,no_controls,0,1,rear_end,0,11,0,0,2,0,0,0,4,41.800339126,daylight,-87.58753742,4,no_indication_of_injury,2,35,no_defects,dry,S LAKE PARK AVE,no_controls,divided_-_w/median_barrier,clear,0,2017,43100
straight_and_level,1931,disregarding_other_traffic_signs,functioning_properly,0,1,angle,0,18,0,0,2,0,0,0,2,41.935765347,dusk,-87.668666265,4,no_indication_of_injury,2,30,no_defects,dry,N ASHLAND AVE,traffic_signal,divided_-_w/median_(not_raised),clear,0,2017,35648
straight_and_level,1632,unable_to_determine,functioning_improperly,0,2,sideswipe_same_direction,0,18,0,0,2,0,0,0,4,41.945566436,daylight,-87.796137876,4,no_indication_of_injury,2,30,no_defects,dry,N OAK PARK AVE,traffic_signal,not_divided,clear,0,2017,29477
straight_and_level,1111,not_applicable,no_controls,0,0,parked_motor_vehicle,0,18,0,0,1,0,0,0,1,41.892266557,daylight,-87.743281885,4,no_indication_of_injury,2,9,no_defects,wet,N KILPATRICK AVE,no_controls,not_divided,rain,0,2017,28903
straight_and_level,1023,not_applicable,no_controls,0,2,angle,0,19,0,0,1,1,0,0,4,41.866501191,darkness,-87.686157599,4,nonincapacitating_injury,2,30,no_defects,dry,W ROOSEVELT RD,no_controls,divided_-_w/median_barrier,clear,0,2017,49439
straight_and_level,1232,unable_to_determine,functioning_properly,0,1,sideswipe_same_direction,0,13,0,0,2,0,0,0,2,41.879117244,daylight,-87.646607192,4,no_indication_of_injury,2,30,no_defects,dry,W ADAMS ST,stop_sign/flasher,one-way,clear,0,2017,52934
straight_and_level,1133,unable_to_determine,no_controls,0,4,parked_motor_vehicle,0,19,0,0,2,0,0,0,1,41.874375328,"darkness,_lighted_road",-87.718131668,4,no_indication_of_injury,2,30,"rut,_holes",dry,W CONGRESS PKWY,no_controls,one-way,clear,0,2017,56234
straight_and_level,1732,not_applicable,no_controls,0,5,fixed_object,0,19,0,0,1,0,0,0,1,41.939376436,dusk,-87.713061219,4,no_indication_of_injury,1,30,no_defects,dry,W BELMONT AVE,no_controls,other,clear,0,2017,36407
straight_and_level,1622,failing_to_yield_right-of-way,functioning_properly,0,4,angle,0,14,0,0,2,0,0,0,2,41.967821516,daylight,-87.772909674,4,no_indication_of_injury,2,30,no_defects,dry,W LAWRENCE AVE,stop_sign/flasher,divided_-_w/median_(not_raised),clear,0,2017,32579
straight_and_level,711,disregarding_traffic_signals,functioning_properly,0,2,angle,0,8,0,0,1,4,0,1,4,41.787326772,daylight,-87.632953466,4,nonincapacitating_injury,2,30,no_defects,dry,W 59TH ST,traffic_signal,not_divided,clear,0,2017,35550
straight_and_level,1125,unable_to_determine,functioning_properly,0,1,rear_end,0,19,0,0,2,0,0,0,2,41.880300584,daylight,-87.686559795,4,no_indication_of_injury,2,30,no_defects,dry,S WESTERN AVE,stop_sign/flasher,not_divided,clear,0,2017,47766
straight_and_level,1733,following_too_closely,functioning_properly,0,0,rear_end,0,3,0,0,2,0,0,0,2,41.952007152,"darkness,_lighted_road",-87.698037632,4,no_indication_of_injury,2,30,no_defects,wet,N CALIFORNIA AVE,stop_sign/flasher,divided_-_w/median_(not_raised),rain,0,2017,37842
straight_and_level,735,improper_overtaking/passing,no_controls,0,0,turning,1,19,0,0,2,0,0,0,2,41.764859382,dusk,-87.663940176,4,no_indication_of_injury,2,30,no_defects,wet,S ASHLAND AVE,no_controls,not_divided,rain,0,2017,30462
straight_and_level,1623,following_too_closely,functioning_properly,0,3,turning,0,11,0,0,3,0,0,1,4,41.968047536,daylight,-87.754903736,4,no_indication_of_injury,2,30,no_defects,dry,W LAWRENCE AVE,stop_sign/flasher,not_divided,cloudy/overcast,0,2017,53084
straight_and_level,314,unable_to_determine,no_controls,0,4,parked_motor_vehicle,1,16,0,0,1,0,0,0,2,41.777421245,daylight,-87.597279923,4,no_indication_of_injury,2,30,no_defects,dry,S MINERVA AVE,no_controls,not_divided,clear,0,2017,51458
straight_and_level,1834,weather,no_controls,0,6,rear_end,0,13,0,0,2,0,0,0,3,41.89160065,daylight,-87.62543311,4,no_indication_of_injury,2,30,no_defects,wet,E GRAND AVE,no_controls,one-way,rain,0,2017,46705
straight_and_level,833,unable_to_determine,no_controls,0,1,parked_motor_vehicle,1,5,0,0,1,0,0,0,2,41.771138823,"darkness,_lighted_road",-87.733299125,4,no_indication_of_injury,3,30,no_defects,dry,W MARQUETTE RD,no_controls,not_divided,clear,0,2017,52879
straight_and_level,1733,not_applicable,functioning_properly,0,6,rear_end,1,15,0,0,5,0,0,0,2,41.946763461,daylight,-87.70298659,4,no_indication_of_injury,2,30,unknown,wet,W ADDISON ST,traffic_signal,divided_-_w/median_(not_raised),rain,0,2017,47070
straight_and_level,1512,failing_to_reduce_speed_to_avoid_crash,no_controls,0,5,parked_motor_vehicle,1,10,0,0,1,0,0,0,0,41.887913896,daylight,-87.767630046,4,no_indication_of_injury,2,15,no_defects,dry,W LAKE ST,no_controls,parking_lot,clear,0,2017,38386
straight_and_level,114,unable_to_determine,no_controls,0,0,sideswipe_same_direction,0,13,0,0,2,0,0,0,3,41.879033808,daylight,-87.624192171,4,no_indication_of_injury,2,35,no_defects,dry,S MICHIGAN AVE,no_controls,divided_-_w/median_barrier,clear,0,2017,28260
straight_and_level,725,failing_to_reduce_speed_to_avoid_crash,no_controls,0,1,rear_end,0,15,0,0,2,0,0,0,4,41.768693228,daylight,-87.664055396,4,no_indication_of_injury,2,30,unknown,wet,S ASHLAND AVE,no_controls,not_divided,rain,0,2017,40544
straight_and_level,113,following_too_closely,functioning_properly,0,3,rear_end,0,11,0,0,4,0,0,0,2,41.878116015,"darkness,_lighted_road",-87.627528399,4,no_indication_of_injury,2,30,no_defects,dry,S STATE ST,traffic_signal,not_divided,clear,0,2017,46692
straight_and_level,1733,unable_to_determine,functioning_properly,0,2,rear_end,1,23,0,0,2,0,0,0,2,41.946739179,"darkness,_lighted_road",-87.7079655,4,no_indication_of_injury,2,30,no_defects,dry,W ADDISON ST,traffic_signal,divided_-_w/median_(not_raised),clear,0,2017,50889
straight_and_level,1215,unable_to_determine,functioning_properly,0,3,turning,0,20,0,0,2,0,0,1,0,41.892946634,"darkness,_lighted_road",-87.65757787,4,no_indication_of_injury,2,30,no_defects,dry,N RACINE AVE,traffic_signal,not_divided,clear,0,2017,51175
"curve,_level",431,failing_to_reduce_speed_to_avoid_crash,no_controls,0,6,fixed_object,0,23,0,0,1,0,0,0,3,41.719029745,"darkness,_lighted_road",-87.545146969,4,no_indication_of_injury,1,45,no_defects,dry,S CHICAGO SKYWAY IB,no_controls,divided_-_w/median_barrier,clear,0,2017,43406
straight_and_level,1611,failing_to_yield_right-of-way,no_controls,0,0,rear_end,0,9,0,0,4,0,0,0,1,42.011109822,daylight,-87.806789673,4,no_indication_of_injury,2,30,no_defects,dry,N HARLEM AVE,no_controls,parking_lot,clear,0,2017,52482
straight_on_hillcrest,833,failing_to_reduce_speed_to_avoid_crash,no_controls,0,4,rear_end,0,17,0,0,2,0,0,0,4,41.767573099,daylight,-87.741825012,4,no_indication_of_injury,2,30,no_defects,dry,S CICERO AVE,no_controls,divided_-_w/median_barrier,clear,0,2017,49387
straight_and_level,1914,unable_to_determine,no_controls,0,3,parked_motor_vehicle,0,15,0,0,3,0,0,0,2,41.964918641,daylight,-87.652537195,4,no_indication_of_injury,2,30,no_defects,dry,N HAZEL ST,no_controls,not_divided,clear,0,2017,47483
straight_and_level,1512,driving_skills/knowledge/experience,unknown,0,0,angle,1,20,0,0,2,0,0,0,2,41.88786316,unknown,-87.765270161,4,no_indication_of_injury,2,30,unknown,unknown,N CENTRAL AVE,unknown,not_divided,unknown,0,2017,53813
straight_and_level,2011,failing_to_yield_right-of-way,functioning_properly,0,3,sideswipe_same_direction,0,10,0,0,2,0,0,0,2,41.984967123,daylight,-87.699366265,4,no_indication_of_injury,2,30,no_defects,dry,N CALIFORNIA AVE,traffic_signal,not_divided,clear,0,2017,30905
straight_and_level,2212,improper_turning/no_signal,functioning_properly,0,6,turning,0,19,0,0,5,0,0,1,4,41.706723578,daylight,-87.656194541,4,no_indication_of_injury,2,25,no_defects,dry,S VINCENNES AVE,traffic_signal,not_divided,clear,0,2017,34290
straight_and_level,1234,improper_turning/no_signal,no_controls,0,2,turning,0,19,0,0,4,0,0,0,4,41.852436357,darkness,-87.666228994,4,no_indication_of_injury,3,30,no_defects,dry,W CERMAK RD,no_controls,not_divided,clear,0,2017,25115
straight_and_level,1414,improper_lane_usage,no_controls,0,6,sideswipe_same_direction,0,12,0,0,2,0,0,0,3,41.92786354,daylight,-87.706415101,4,no_indication_of_injury,2,30,no_defects,dry,W LOGAN BLVD,no_controls,not_divided,clear,0,2017,28222
straight_and_level,731,distraction_-_from_inside_vehicle,no_controls,0,1,rear_end,1,14,0,0,3,0,0,0,2,41.767342819,daylight,-87.629969887,4,no_indication_of_injury,2,30,unknown,dry,S WENTWORTH AVE,no_controls,not_divided,clear,0,2017,52778
straight_and_level,1912,following_too_closely,functioning_properly,0,1,rear_end,0,17,0,0,4,0,0,1,4,41.96167909,daylight,-87.669409129,4,no_indication_of_injury,2,30,no_defects,dry,N ASHLAND AVE,traffic_signal,not_divided,clear,0,2017,27839
straight_and_level,1522,"operating_vehicle_in_erratic,_reckless,_careless,_negligent_or_aggressive_manner",no_controls,0,0,parked_motor_vehicle,1,5,0,0,1,0,0,0,1,41.873475098,darkness,-87.757583027,4,no_indication_of_injury,3,35,no_defects,dry,S LOCKWOOD AVE,no_controls,one-way,clear,0,2017,37915
straight_and_level,224,improper_backing,no_controls,0,0,rear_end,0,0,0,0,2,0,0,0,0,41.809143018,"darkness,_lighted_road",-87.626229132,4,no_indication_of_injury,2,25,no_defects,dry,S STATE ST,no_controls,parking_lot,clear,0,2017,45403
straight_and_level,1914,improper_backing,no_controls,0,2,parked_motor_vehicle,1,13,0,0,1,0,0,0,2,41.965478558,daylight,-87.647854716,4,no_indication_of_injury,2,30,unknown,unknown,W WILSON DR,no_controls,not_divided,unknown,0,2017,53399
straight_and_level,2534,improper_backing,no_controls,0,0,rear_end,0,14,0,0,5,0,0,0,2,41.911756218,daylight,-87.729907563,5,no_indication_of_injury,2,30,no_defects,dry,N KEDVALE AVE,no_controls,not_divided,clear,0,2017,40202
straight_and_level,323,improper_lane_usage,no_controls,0,2,sideswipe_same_direction,0,0,0,0,2,0,0,0,4,41.765757695,darkness,-87.605827005,5,no_indication_of_injury,2,35,no_defects,dry,E 71ST ST,no_controls,not_divided,clear,0,2017,45404
straight_and_level,935,improper_backing,no_controls,0,1,angle,0,13,0,0,2,0,0,0,0,41.794638826,daylight,-87.632267045,5,no_indication_of_injury,2,10,no_defects,wet,W GARFIELD BLVD,no_controls,parking_lot,cloudy/overcast,0,2017,33616
straight_and_level,1914,following_too_closely,no_controls,0,6,pedalcyclist,0,12,0,0,3,0,0,0,2,41.965594855,daylight,-87.649941407,5,no_indication_of_injury,2,30,no_defects,dry,W WILSON AVE,stop_sign/flasher,divided_-_w/median_barrier,clear,0,2017,130246
straight_and_level,2211,following_too_closely,no_controls,0,2,rear_end,0,15,0,0,4,0,0,0,2,41.693015814,daylight,-87.701024776,5,no_indication_of_injury,2,30,no_defects,wet,S KEDZIE AVE,no_controls,divided_-_w/median_(not_raised),rain,0,2017,32838
straight_and_level,1522,driving_on_wrong_side/wrong_way,other,0,6,head_on,1,16,0,0,2,0,0,0,1,41.881757481,daylight,-87.758931692,5,no_indication_of_injury,4,25,no_defects,dry,N LOREL AVE,other_reg._sign,one-way,cloudy/overcast,0,2017,54258
straight_and_level,1731,failing_to_yield_right-of-way,functioning_properly,0,3,angle,0,8,0,0,4,0,0,1,2,41.947933936,daylight,-87.738588649,5,no_indication_of_injury,2,30,no_defects,dry,N MILWAUKEE AVE,stop_sign/flasher,not_divided,clear,0,2017,35370
straight_and_level,234,unable_to_determine,functioning_properly,0,4,rear_end,0,14,0,0,2,0,0,0,4,41.799569399,daylight,-87.58154906,5,no_indication_of_injury,2,45,no_defects,dry,S LAKE SHORE DR SB,traffic_signal,other,clear,0,2017,53541
straight_and_level,331,failing_to_yield_right-of-way,no_controls,0,2,sideswipe_opposite_direction,0,7,0,0,3,0,0,0,4,41.76733163,daylight,-87.566648911,5,no_indication_of_injury,2,30,no_defects,wet,S SOUTH SHORE DR,no_controls,not_divided,clear,0,2017,52725
straight_and_level,713,unable_to_determine,no_controls,0,5,rear_end,0,18,0,0,2,0,0,0,2,41.788665207,daylight,-87.654883473,5,no_indication_of_injury,2,30,no_defects,wet,S RACINE AVE,no_controls,not_divided,rain,0,2017,53587
straight_and_level,2515,failing_to_yield_right-of-way,no_controls,0,3,sideswipe_same_direction,0,8,0,0,2,0,0,0,2,41.91745895,daylight,-87.759369849,5,no_indication_of_injury,2,30,no_defects,dry,W GRAND AVE,no_controls,not_divided,clear,0,2017,54768
straight_and_level,1125,unable_to_determine,no_controls,0,5,angle,0,17,0,0,2,0,0,0,4,41.879665634,daylight,-87.686539929,5,no_indication_of_injury,2,30,no_defects,dry,S WESTERN AVE,no_controls,divided_-_w/median_(not_raised),clear,0,2017,44762
straight_and_level,1213,failing_to_yield_right-of-way,functioning_properly,0,2,turning,0,12,0,0,2,0,0,1,6,41.903315802,daylight,-87.661923617,5,no_indication_of_injury,2,30,no_defects,dry,W DIVISION ST,traffic_signal,not_divided,clear,0,2017,52273
straight_and_level,413,unable_to_determine,no_controls,0,1,parked_motor_vehicle,1,9,0,0,1,0,0,0,2,41.72792264,unknown,-87.568328073,5,no_indication_of_injury,2,30,no_defects,dry,E 92ND ST,no_controls,not_divided,clear,0,2017,54601
straight_and_level,2533,improper_backing,no_controls,0,6,parked_motor_vehicle,0,15,0,0,2,0,0,0,2,41.909600386,daylight,-87.739356467,5,no_indication_of_injury,2,15,no_defects,dry,W NORTH AVE,no_controls,parking_lot,clear,0,2017,50048
straight_and_level,1022,unable_to_determine,functioning_properly,0,4,rear_end,1,9,0,0,2,0,0,0,2,41.85337274,daylight,-87.699285961,5,no_indication_of_injury,2,30,no_defects,dry,S MARSHALL BLVD,stop_sign/flasher,divided_-_w/median_(not_raised),clear,0,2017,41375
straight_and_level,723,following_too_closely,no_controls,0,3,rear_end,1,17,0,0,2,0,1,0,4,41.778812515,daylight,-87.644617193,5,"reported,_not_evident",3,25,no_defects,wet,S HALSTED ST,no_controls,divided_-_w/median_barrier,rain,0,2017,35835
straight_on_grade,1533,unable_to_determine,no_controls,0,2,sideswipe_same_direction,0,10,0,0,2,0,0,0,1,41.877530659,daylight,-87.749217266,5,no_indication_of_injury,2,30,no_defects,wet,W QUINCY ST,no_controls,one-way,rain,0,2017,35664
straight_and_level,1233,driving_skills/knowledge/experience,unknown,0,0,parked_motor_vehicle,0,9,0,0,2,0,0,0,1,41.866254176,daylight,-87.66652414,5,no_indication_of_injury,2,30,no_defects,dry,S ASHLAND AVE,no_controls,parking_lot,clear,0,2017,52927
straight_and_level,411,failing_to_yield_right-of-way,no_controls,0,3,sideswipe_same_direction,0,18,0,0,2,0,0,0,5,41.756897173,daylight,-87.586234285,5,no_indication_of_injury,2,30,no_defects,dry,S STONY ISLAND AVE,no_controls,one-way,clear,0,2017,28030
straight_and_level,815,improper_backing,no_controls,0,4,parked_motor_vehicle,0,5,0,0,1,0,0,0,1,41.810304444,dawn,-87.723822007,5,no_indication_of_injury,2,15,unknown,dry,S PULASKI RD,no_controls,other,clear,0,2017,56305
straight_and_level,812,following_too_closely,no_controls,0,4,rear_end,0,18,0,0,2,0,0,0,2,41.777573347,dusk,-87.793534364,5,no_indication_of_injury,2,30,no_defects,dry,W 63RD ST,no_controls,not_divided,clear,0,2017,36151
straight_and_level,411,improper_backing,no_controls,0,4,parked_motor_vehicle,1,17,0,0,1,0,0,0,0,41.757805659,daylight,-87.586268258,5,no_indication_of_injury,2,5,no_defects,dry,S STONY ISLAND AVE,no_controls,parking_lot,clear,0,2017,32427
straight_and_level,1524,improper_backing,no_controls,0,4,fixed_object,0,10,0,0,2,0,0,0,1,41.894689,daylight,-87.759476725,5,no_indication_of_injury,1,15,no_defects,dry,N LOREL AVE,no_controls,alley,clear,0,2017,31918
straight_and_level,1512,failing_to_reduce_speed_to_avoid_crash,functioning_properly,0,6,rear_end,0,10,0,0,2,0,0,1,0,41.887804621,daylight,-87.765268498,5,no_indication_of_injury,2,30,no_defects,dry,N CENTRAL AVE,traffic_signal,not_divided,clear,0,2017,45726
straight_and_level,1832,improper_overtaking/passing,functioning_properly,0,2,sideswipe_same_direction,0,8,0,0,2,0,0,0,4,41.893235481,daylight,-87.628265053,5,no_indication_of_injury,2,30,no_defects,dry,N STATE ST,traffic_signal,not_divided,clear,0,2017,25719
straight_and_level,714,improper_overtaking/passing,functioning_properly,0,5,turning,1,6,0,0,2,0,0,1,0,41.779424663,daylight,-87.673968213,5,no_indication_of_injury,2,35,no_defects,dry,W 63RD ST,traffic_signal,not_divided,clear,0,2017,43054
straight_and_level,2232,failing_to_yield_right-of-way,no_controls,0,6,angle,0,12,0,0,2,0,0,0,1,41.717894849,daylight,-87.631135334,5,no_indication_of_injury,2,25,no_defects,dry,S PRINCETON AVE,no_controls,alley,clear,0,2017,36926
straight_and_level,323,unable_to_determine,no_controls,0,4,fixed_object,0,9,0,0,0,1,0,0,4,41.764899701,daylight,-87.625039878,5,nonincapacitating_injury,1,30,no_defects,dry,S STATE ST,no_controls,one-way,clear,0,2017,49289
straight_and_level,935,unable_to_determine,functioning_properly,0,2,rear_end,0,8,0,0,4,0,0,0,6,41.794650079,daylight,-87.630993207,5,no_indication_of_injury,2,30,no_defects,dry,W GARFIELD BLVD,traffic_signal,divided_-_w/median_barrier,clear,0,2017,32324
straight_and_level,2412,unable_to_determine,functioning_properly,0,2,turning,0,8,0,0,2,0,0,1,4,41.997508138,daylight,-87.708797456,5,no_indication_of_injury,2,30,no_defects,dry,W DEVON AVE,traffic_signal,not_divided,clear,0,2017,37634
straight_and_level,1013,unable_to_determine,no_controls,0,1,turning,0,7,0,0,2,0,0,1,2,41.844273199,daylight,-87.731024072,5,no_indication_of_injury,2,30,no_defects,dry,W 26TH ST,stop_sign/flasher,not_divided,clear,0,2017,51537
straight_and_level,612,following_too_closely,no_controls,0,5,rear_end,1,20,0,0,3,0,0,0,2,41.755790457,darkness,-87.658875122,5,no_indication_of_injury,2,30,no_defects,dry,S LOOMIS BLVD,no_controls,not_divided,clear,0,2017,48454
straight_and_level,632,failing_to_yield_right-of-way,functioning_properly,0,2,turning,0,15,0,0,3,0,0,1,2,41.743873821,daylight,-87.605176161,5,no_indication_of_injury,2,35,unknown,wet,S COTTAGE GROVE AVE,traffic_signal,divided_-_w/median_(not_raised),rain,0,2017,46031
straight_and_level,1724,failing_to_yield_right-of-way,functioning_properly,0,5,angle,1,17,0,0,2,0,0,1,2,41.961336489,daylight,-87.702270631,5,no_indication_of_injury,2,30,no_defects,wet,W MONTROSE AVE,stop_sign/flasher,not_divided,rain,0,2017,27236
straight_and_level,1432,unable_to_determine,functioning_improperly,0,2,other_noncollision,0,9,0,0,1,0,0,0,2,41.921443798,daylight,-87.668692255,5,no_indication_of_injury,1,30,no_defects,dry,W WEBSTER AVE,traffic_signal,not_divided,clear,0,2017,39539
straight_and_level,311,failing_to_reduce_speed_to_avoid_crash,functioning_properly,0,2,rear_end,0,2,0,0,1,0,1,0,4,41.7800965,"darkness,_lighted_road",-87.630172199,5,"reported,_not_evident",2,30,no_defects,dry,W 63RD ST,traffic_signal,divided_-_w/median_(not_raised),clear,0,2017,25013
straight_and_level,1111,unable_to_determine,no_controls,0,0,parked_motor_vehicle,1,7,0,0,1,0,0,0,2,41.898794487,daylight,-87.733069939,5,no_indication_of_injury,4,30,"rut,_holes",dry,W AUGUSTA BLVD,no_controls,divided_-_w/median_(not_raised),clear,0,2017,31125
straight_and_level,1215,failing_to_yield_right-of-way,functioning_properly,0,5,turning,0,19,0,0,3,0,0,0,2,41.885440241,"darkness,_lighted_road",-87.666888922,5,no_indication_of_injury,2,30,no_defects,dry,W LAKE ST,stop_sign/flasher,divided_-_w/median_(not_raised),clear,0,2017,49688
straight_and_level,1914,road_engineering/surface/marking_defects,no_controls,0,3,fixed_object,0,16,0,0,1,0,0,0,8,41.962058605,daylight,-87.646389618,5,no_indication_of_injury,1,40,no_defects,dry,N LAKE SHORE DR NB,no_controls,divided_-_w/median_barrier,clear,0,2017,56712
straight_and_level,123,cell_phone_use_other_than_texting,no_controls,0,0,parked_motor_vehicle,0,4,0,0,1,0,0,0,2,41.873822401,"darkness,_lighted_road",-87.632750242,5,no_indication_of_injury,3,30,no_defects,dry,S FINANCIAL PL,no_controls,not_divided,clear,0,2017,30861
straight_and_level,1522,unable_to_determine,functioning_properly,0,0,turning,0,19,0,0,9,0,0,1,2,41.871938985,daylight,-87.75491455,5,no_indication_of_injury,2,30,no_defects,dry,S LARAMIE AVE,traffic_signal,not_divided,clear,0,2017,53982
straight_and_level,1424,following_too_closely,no_controls,0,1,parked_motor_vehicle,1,6,0,0,1,0,0,0,1,41.908767808,darkness,-87.674906351,5,no_indication_of_injury,2,20,no_defects,dry,N HONORE ST,no_controls,not_divided,clear,0,2017,30564
straight_and_level,1722,not_applicable,no_controls,0,4,sideswipe_same_direction,0,19,0,0,2,0,0,0,2,41.968120986,daylight,-87.729026047,5,no_indication_of_injury,2,30,unknown,dry,W LAWRENCE AVE,no_controls,divided_-_w/median_(not_raised),clear,0,2017,43045
straight_and_level,1823,following_too_closely,functioning_properly,0,0,rear_end,0,18,0,0,3,0,0,1,4,41.896586797,daylight,-87.642872349,5,no_indication_of_injury,2,30,no_defects,dry,W CHICAGO AVE,traffic_signal,divided_-_w/median_(not_raised),clear,0,2017,42169
straight_and_level,311,weather,functioning_properly,0,2,fixed_object,0,7,0,0,0,3,0,0,2,41.783685407,daylight,-87.625562478,5,nonincapacitating_injury,1,30,no_defects,wet,S STATE ST,traffic_signal,not_divided,rain,0,2017,28329
straight_and_level,1522,not_applicable,unknown,0,2,turning,0,20,0,0,1,1,0,1,1,41.880416855,unknown,-87.760193093,5,nonincapacitating_injury,2,30,other,other,W MADISON ST,unknown,unknown,other,0,2017,26500
straight_and_level,1831,unable_to_determine,no_controls,0,5,parked_motor_vehicle,0,12,0,0,1,0,0,0,1,41.894641388,daylight,-87.637280192,5,no_indication_of_injury,2,30,no_defects,dry,W HURON ST,no_controls,one-way,clear,1,2017,50467
straight_and_level,813,following_too_closely,functioning_properly,0,4,rear_end,0,8,0,0,2,0,0,0,6,41.793092611,daylight,-87.723310101,5,no_indication_of_injury,2,35,no_defects,dry,W 55TH ST,traffic_signal,divided_-_w/median_(not_raised),clear,0,2017,47221
straight_on_grade,1114,improper_turning/no_signal,no_controls,0,3,sideswipe_same_direction,0,14,0,0,2,0,0,1,4,41.886000524,daylight,-87.733297078,5,no_indication_of_injury,2,25,no_defects,dry,W LAKE ST,no_controls,not_divided,clear,0,2017,55490
straight_and_level,1022,unable_to_determine,no_controls,0,0,parked_motor_vehicle,1,22,0,0,1,0,0,0,2,41.853654663,darkness,-87.699296173,5,no_indication_of_injury,2,30,no_defects,dry,S MARSHALL BLVD,no_controls,not_divided,clear,0,2017,30035
straight_and_level,1222,unable_to_determine,no_controls,0,2,parked_motor_vehicle,0,15,0,0,3,0,0,0,4,41.881268933,daylight,-87.68658174,5,no_indication_of_injury,2,30,no_defects,dry,N WESTERN AVE,no_controls,not_divided,clear,0,2017,50478
straight_and_level,1634,not_applicable,no_controls,0,4,parked_motor_vehicle,0,14,0,0,1,0,0,0,1,41.938845436,daylight,-87.759001448,5,no_indication_of_injury,2,30,unknown,dry,N LOCKWOOD AVE,no_controls,not_divided,clear,0,2017,52916
straight_and_level,734,unable_to_determine,functioning_properly,0,0,rear_end,0,15,0,0,2,0,0,0,1,41.76859881,daylight,-87.654354405,5,no_indication_of_injury,2,30,no_defects,dry,S RACINE AVE,traffic_signal,not_divided,clear,0,2017,51578
straight_and_level,1432,unable_to_determine,no_controls,0,2,turning,0,12,0,0,3,0,0,1,1,41.917882766,daylight,-87.667655089,5,no_indication_of_injury,2,30,worn_surface,dry,N ELSTON AVE,no_controls,not_divided,clear,0,2017,50253
straight_and_level,1633,following_too_closely,no_controls,0,5,rear_end,0,9,0,0,2,0,0,0,2,41.939066058,daylight,-87.766370544,5,no_indication_of_injury,2,30,no_defects,dry,N CENTRAL AVE,no_controls,not_divided,clear,0,2017,48801
straight_and_level,1622,failing_to_yield_right-of-way,functioning_properly,0,1,turning,0,7,0,0,2,0,0,0,2,41.978390392,daylight,-87.774399565,5,no_indication_of_injury,2,30,no_defects,dry,N NORTHWEST HWY,stop_sign/flasher,divided_-_w/median_barrier,clear,0,2017,30913
straight_and_level,1925,unable_to_determine,functioning_properly,0,2,turning,0,17,0,0,4,0,0,1,4,41.940297326,daylight,-87.639074222,5,no_indication_of_injury,2,30,no_defects,dry,W BELMONT AVE,traffic_signal,not_divided,clear,0,2017,41900
straight_and_level,1133,disregarding_stop_sign,functioning_properly,0,5,angle,0,19,0,0,2,3,0,1,2,41.869936869,dusk,-87.71080482,5,nonincapacitating_injury,2,30,no_defects,wet,S HOMAN AVE,stop_sign/flasher,divided_-_w/median_(not_raised),rain,0,2017,47978
straight_and_level,1834,following_too_closely,no_controls,0,2,rear_end,0,18,0,0,2,0,0,0,8,41.892624016,daylight,-87.61411539,5,no_indication_of_injury,2,45,unknown,wet,N LAKE SHORE DR NB,no_controls,divided_-_w/median_barrier,rain,0,2017,56354
straight_and_level,2223,"operating_vehicle_in_erratic,_reckless,_careless,_negligent_or_aggressive_manner",no_controls,0,5,parked_motor_vehicle,1,15,0,0,1,0,0,0,1,41.730915329,daylight,-87.637540917,5,no_indication_of_injury,2,30,no_defects,dry,S PARNELL AVE,no_controls,one-way,clear,0,2017,32932
straight_and_level,1925,unable_to_determine,no_controls,0,5,parked_motor_vehicle,1,12,0,0,1,0,0,0,2,41.947407905,daylight,-87.649342634,5,no_indication_of_injury,2,35,no_defects,dry,N HALSTED ST,no_controls,not_divided,cloudy/overcast,0,2017,34461
straight_and_level,1723,following_too_closely,no_controls,0,5,rear_end,1,22,0,0,2,0,0,0,4,41.960877854,darkness,-87.727973307,5,no_indication_of_injury,2,30,unknown,unknown,N PULASKI RD,no_controls,divided_-_w/median_(not_raised),unknown,0,2017,33166
straight_and_level,732,unable_to_determine,no_controls,0,6,parked_motor_vehicle,1,10,0,0,1,0,0,0,1,41.760680228,daylight,-87.640789032,5,no_indication_of_injury,2,20,no_defects,dry,S LOWE AVE,no_controls,one-way,clear,0,2017,57186
straight_and_level,1432,unable_to_determine,no_controls,0,4,fixed_object,1,8,0,0,1,0,0,0,1,41.919016534,unknown,-87.685582123,5,no_indication_of_injury,1,15,unknown,unknown,W DICKENS AVE,no_controls,alley,unknown,0,2017,58752