alignment,beat,contributory_cause,device_condition,dooring,dow,first_crash_type,hit_and_run,hour,injuries_fatal,injuries_incapacitating,injuries_no_indication,injuries_non_incapacitating,injuries_reported_not_evident,intersection_related,lane_count,latitude,lighting_condition,longitude,month,most_severe_injury,num_units,posted_speed_limit,road_defect,roadway_surface_cond,street,traffic_control_device,trafficway_type,weather_condition,work_zone,year,i
straight_and_level,1113,following_too_closely,no_controls,0,2,rear_end,0,8,0,0,2,0,0,0,2,41.886143881,daylight,-87.739558315,5,no_indication_of_injury,2,30,no_defects,dry,W LAKE ST,no_controls,not_divided,clear,0,2017,46594
straight_and_level,113,improper_backing,no_controls,0,3,rear_end,0,11,0,0,2,0,0,0,3,41.879397002,daylight,-87.626630873,5,no_indication_of_injury,2,30,no_defects,dry,E ADAMS ST,no_controls,one-way,clear,0,2017,34882
straight_and_level,411,failing_to_yield_right-of-way,no_controls,0,1,angle,1,12,0,0,3,0,0,0,2,41.757513198,daylight,-87.586255939,5,no_indication_of_injury,2,30,no_defects,dry,S STONY ISLAND AVE,no_controls,not_divided,clear,0,2017,56393
straight_and_level,2522,unable_to_determine,no_controls,0,2,parked_motor_vehicle,1,15,0,0,2,0,0,0,2,41.920875619,daylight,-87.743930759,5,no_indication_of_injury,2,30,no_defects,dry,N KILPATRICK AVE,no_controls,not_divided,clear,0,2017,27589
straight_and_level,1032,not_applicable,unknown,0,5,parked_motor_vehicle,1,7,0,0,1,0,0,0,1,41.839224846,unknown,-87.713573488,5,no_indication_of_injury,2,30,unknown,unknown,S DRAKE AVE,no_controls,one-way,unknown,0,2017,31381
straight_and_level,235,unable_to_determine,functioning_properly,0,5,parked_motor_vehicle,0,13,0,0,4,0,0,1,2,41.789424438,daylight,-87.605969288,5,no_indication_of_injury,2,30,no_defects,dry,S COTTAGE GROVE AVE,traffic_signal,not_divided,clear,0,2017,34907
straight_and_level,631,unable_to_determine,no_controls,0,4,parked_motor_vehicle,0,21,0,0,1,0,0,0,1,41.749216012,"darkness,_lighted_road",-87.612873692,5,no_indication_of_injury,2,30,no_defects,dry,E 80TH ST,no_controls,one-way,clear,0,2017,30764
straight_and_level,914,unable_to_determine,no_controls,0,6,rear_end,1,1,0,0,2,0,0,0,4,41.852769173,daylight,-87.638678499,5,no_indication_of_injury,2,25,no_defects,dry,S CANAL ST,no_controls,divided_-_w/median_(not_raised),clear,0,2017,25299
straight_and_level,1623,failing_to_yield_right-of-way,no_controls,0,5,angle,0,8,0,0,2,0,0,0,2,41.970399125,daylight,-87.763887062,5,no_indication_of_injury,2,30,no_defects,dry,W GALE ST,no_controls,not_divided,clear,0,2017,33979
straight_and_level,411,unable_to_determine,no_controls,0,0,parked_motor_vehicle,1,13,0,0,1,0,0,0,0,41.757805659,daylight,-87.586268258,5,no_indication_of_injury,2,5,no_defects,dry,S STONY ISLAND AVE,no_controls,parking_lot,clear,0,2017,54168
straight_and_level,1422,following_too_closely,functioning_properly,0,3,rear_end,0,16,0,0,2,1,0,1,4,41.909943335,daylight,-87.711949783,5,nonincapacitating_injury,2,30,no_defects,dry,W NORTH AVE,traffic_signal,divided_-_w/median_(not_raised),clear,0,2017,56790
straight_and_level,1833,improper_turning/no_signal,no_controls,0,6,turning,1,18,0,0,4,0,0,0,2,41.896805966,daylight,-87.626791016,5,no_indication_of_injury,2,30,no_defects,dry,E CHICAGO AVE,no_controls,divided_-_w/median_(not_raised),clear,0,2017,37163
straight_and_level,711,failing_to_yield_right-of-way,functioning_properly,0,3,angle,0,14,0,0,3,0,0,1,2,41.779914179,daylight,-87.641298993,5,no_indication_of_injury,2,30,no_defects,dry,W 63RD ST,stop_sign/flasher,other,clear,0,2017,36209
straight_and_level,1623,failing_to_yield_right-of-way,no_controls,0,4,turning,0,14,0,0,2,0,0,0,2,41.967738916,daylight,-87.767328512,5,no_indication_of_injury,2,30,no_defects,dry,N CENTRAL AVE,no_controls,not_divided,clear,0,2017,45500
straight_and_level,1832,unable_to_determine,functioning_properly,0,5,rear_end,0,15,0,0,2,0,0,0,6,41.895142022,daylight,-87.632535231,5,no_indication_of_injury,2,30,no_defects,wet,N LA SALLE DR,traffic_signal,divided_-_w/median_barrier,rain,0,2017,33189
straight_and_level,2424,disregarding_stop_sign,functioning_properly,0,6,angle,0,14,0,0,2,0,0,1,0,42.012467161,daylight,-87.678058099,5,no_indication_of_injury,2,30,no_defects,dry,W TOUHY AVE,stop_sign/flasher,not_divided,clear,0,2017,52807
straight_and_level,1225,improper_turning/no_signal,functioning_properly,0,3,turning,1,5,0,0,3,0,0,1,0,41.874911465,"darkness,_lighted_road",-87.676507091,5,no_indication_of_injury,2,30,no_defects,dry,W CONGRESS PKWY,traffic_signal,one-way,cloudy/overcast,0,2017,50865
straight_and_level,1031,unable_to_determine,other,0,3,sideswipe_same_direction,1,4,0,0,1,0,0,0,2,41.841683185,"darkness,_lighted_road",-87.734065721,5,no_indication_of_injury,3,30,no_defects,dry,S KOSTNER AVE,no_controls,divided_-_w/median_(not_raised),clear,0,2017,43122
straight_and_level,2512,failing_to_reduce_speed_to_avoid_crash,functioning_properly,0,5,rear_end,0,7,0,0,1,0,3,0,2,41.929375664,daylight,-87.776052282,5,"reported,_not_evident",2,25,no_defects,dry,N AUSTIN AVE,stop_sign/flasher,not_divided,clear,0,2017,38137
straight_and_level,1111,driving_skills/knowledge/experience,no_controls,0,4,fixed_object,0,19,0,0,2,0,0,0,0,41.895475966,daylight,-87.726218501,5,no_indication_of_injury,1,30,no_defects,dry,W CHICAGO AVE,no_controls,other,clear,0,2017,39865
straight_and_level,624,improper_lane_usage,functioning_properly,0,4,sideswipe_same_direction,0,14,0,0,2,0,0,0,4,41.751399771,daylight,-87.604914021,5,no_indication_of_injury,2,30,no_defects,dry,E 79TH ST,traffic_signal,not_divided,clear,0,2017,46700
straight_and_level,1731,unable_to_determine,unknown,0,0,rear_end,0,14,0,0,2,0,0,0,4,41.953461591,daylight,-87.734506945,5,no_indication_of_injury,2,30,unknown,dry,W IRVING PARK RD,unknown,not_divided,clear,0,2017,46303
straight_and_level,1722,unable_to_determine,no_controls,0,4,rear_end,0,13,0,0,2,0,0,0,2,41.953737051,daylight,-87.727766612,5,no_indication_of_injury,2,35,no_defects,dry,N PULASKI RD,no_controls,not_divided,clear,0,2017,48480
straight_and_level,124,improper_backing,no_controls,0,5,parked_motor_vehicle,0,11,0,0,1,0,0,0,0,41.868889711,daylight,-87.639098928,5,no_indication_of_injury,2,15,no_defects,wet,S CANAL ST,no_controls,parking_lot,cloudy/overcast,0,2017,32288
straight_and_level,1922,unable_to_determine,no_controls,0,3,parked_motor_vehicle,0,12,0,0,1,0,0,0,4,41.951295979,daylight,-87.669122281,5,no_indication_of_injury,2,30,no_defects,dry,N ASHLAND AVE,no_controls,divided_-_w/median_(not_raised),clear,0,2017,31165
straight_and_level,1922,unable_to_determine,unknown,0,3,angle,0,23,0,0,1,1,0,0,2,41.939872616,"darkness,_lighted_road",-87.663945244,5,nonincapacitating_injury,2,30,unknown,dry,W BELMONT AVE,traffic_signal,not_divided,clear,0,2017,40415
straight_and_level,434,unable_to_determine,functioning_properly,0,3,rear_end,1,7,0,0,2,0,0,1,3,41.702657639,daylight,-87.555215185,5,no_indication_of_injury,2,30,no_defects,dry,E 106TH ST,traffic_signal,not_divided,clear,0,2017,37565
straight_and_level,1524,unable_to_determine,no_controls,0,4,parked_motor_vehicle,0,17,0,0,1,0,0,0,2,41.895720813,daylight,-87.765278286,5,no_indication_of_injury,2,30,no_defects,dry,N CENTRAL AVE,no_controls,not_divided,clear,0,2017,52967
straight_and_level,323,unable_to_determine,no_controls,0,6,parked_motor_vehicle,1,19,0,0,1,0,0,0,1,41.764448227,daylight,-87.614172154,5,no_indication_of_injury,2,0,no_defects,dry,S VERNON AVE,no_controls,one-way,clear,0,2017,54096
straight_and_level,314,unable_to_determine,no_controls,0,0,sideswipe_same_direction,1,3,0,0,1,0,0,0,1,41.784400786,"darkness,_lighted_road",-87.588280828,5,no_indication_of_injury,2,30,no_defects,dry,S HARPER AVE,no_controls,one-way,clear,0,2017,56874
straight_and_level,735,failing_to_yield_right-of-way,no_controls,0,3,turning,0,15,0,0,2,0,0,1,2,41.76489269,daylight,-87.676018157,5,no_indication_of_injury,2,30,no_defects,wet,W 71ST ST,no_controls,not_divided,rain,0,2017,48816
straight_and_level,331,unable_to_determine,functioning_properly,0,3,rear_end,1,14,0,0,2,0,0,0,4,41.776751119,daylight,-87.578766994,5,no_indication_of_injury,2,15,no_defects,wet,S RICHARDS DR,traffic_signal,divided_-_w/median_(not_raised),rain,0,2017,37771
straight_and_level,2422,unable_to_determine,no_controls,0,0,parked_motor_vehicle,0,16,0,0,1,0,0,0,2,42.019473609,daylight,-87.669347922,5,no_indication_of_injury,2,30,no_defects,dry,W HOWARD ST,no_controls,not_divided,clear,0,2017,34624
straight_and_level,732,unable_to_determine,no_controls,0,0,parked_motor_vehicle,1,12,0,0,1,0,0,0,2,41.76624827,daylight,-87.63731938,5,no_indication_of_injury,2,30,unknown,dry,S NORMAL BLVD,no_controls,not_divided,clear,0,2017,27084
straight_and_level,113,road_engineering/surface/marking_defects,no_controls,0,0,other_object,0,20,0,0,1,0,0,0,4,41.875802599,darkness,-87.625734412,5,no_indication_of_injury,1,30,"rut,_holes",unknown,E CONGRESS PKWY,no_controls,divided_-_w/median_(not_raised),clear,0,2017,41170
straight_and_level,821,following_too_closely,no_controls,0,6,rear_end,1,16,0,0,4,0,2,0,4,41.818354145,daylight,-87.723803008,5,"reported,_not_evident",3,30,no_defects,dry,S PULASKI RD,no_controls,not_divided,clear,0,2017,28089
straight_and_level,725,unable_to_determine,functioning_properly,0,5,pedalcyclist,1,11,0,0,1,1,0,1,2,41.772098233,daylight,-87.664164618,5,nonincapacitating_injury,2,30,no_defects,wet,S ASHLAND AVE,traffic_signal,divided_-_w/median_(not_raised),rain,0,2017,130258
straight_and_level,2023,unable_to_determine,no_controls,0,5,parked_motor_vehicle,1,6,0,0,1,0,0,0,2,41.979862769,daylight,-87.659862874,5,no_indication_of_injury,2,30,no_defects,dry,W BALMORAL AVE,no_controls,not_divided,clear,0,2017,35698
straight_and_level,824,failing_to_yield_right-of-way,functioning_properly,0,2,sideswipe_same_direction,0,7,0,0,2,0,0,1,2,41.786515457,daylight,-87.693660423,5,no_indication_of_injury,2,30,no_defects,dry,W 59TH ST,traffic_signal,not_divided,clear,0,2017,36627
straight_and_level,413,driving_skills/knowledge/experience,no_controls,0,0,head_on,0,0,0,0,2,0,0,0,1,41.73250458,daylight,-87.585700481,5,no_indication_of_injury,2,15,no_defects,dry,S STONY ISLAND AVE,no_controls,parking_lot,clear,0,2017,49184
straight_and_level,1132,unable_to_determine,functioning_properly,0,2,turning,1,19,0,0,4,0,0,0,4,41.873333685,dusk,-87.725329005,5,no_indication_of_injury,2,30,no_defects,dry,W HARRISON ST,traffic_signal,not_divided,clear,0,2017,44118
straight_and_level,1523,failing_to_yield_right-of-way,no_controls,0,0,pedestrian,0,19,0,0,2,1,0,0,2,41.887150323,daylight,-87.756482093,5,nonincapacitating_injury,2,30,no_defects,dry,W LAKE ST,no_controls,divided_-_w/median_barrier,clear,0,2017,45467
straight_and_level,1522,failing_to_yield_right-of-way,functioning_properly,0,6,fixed_object,0,16,0,0,0,1,0,1,4,41.882030622,daylight,-87.764768982,5,nonincapacitating_injury,1,30,no_defects,dry,N CENTRAL AVE,traffic_signal,not_divided,clear,0,2017,51789
straight_on_hillcrest,434,road_engineering/surface/marking_defects,no_controls,0,6,other_object,0,9,0,0,1,0,0,0,2,41.707902522,daylight,-87.570506951,5,no_indication_of_injury,1,30,"rut,_holes",dry,E 103RD ST,no_controls,ramp,clear,0,2017,30494
straight_and_level,734,improper_overtaking/passing,functioning_properly,0,0,sideswipe_same_direction,1,10,0,0,3,0,0,0,2,41.766779541,darkness,-87.654308087,5,no_indication_of_injury,2,30,no_defects,dry,S RACINE AVE,traffic_signal,not_divided,clear,0,2017,42167
straight_and_level,2223,unable_to_determine,functioning_properly,0,2,turning,0,15,0,0,2,0,1,1,2,41.735785266,daylight,-87.64375883,5,"reported,_not_evident",2,30,unknown,wet,S HALSTED ST,traffic_signal,divided_-_w/median_(not_raised),rain,0,2017,52623
straight_and_level,1413,unable_to_determine,no_controls,0,1,sideswipe_same_direction,0,16,0,0,2,0,0,1,2,41.928235662,daylight,-87.709541869,5,no_indication_of_injury,2,30,no_defects,dry,W WRIGHTWOOD AVE,no_controls,not_divided,clear,0,2017,46972
straight_and_level,712,driving_skills/knowledge/experience,functioning_properly,0,2,sideswipe_same_direction,0,7,0,0,1,1,0,0,2,41.793799675,daylight,-87.649861152,5,nonincapacitating_injury,2,20,no_defects,dry,S MORGAN ST,traffic_signal,not_divided,clear,0,2017,32081
straight_and_level,1924,unable_to_determine,functioning_properly,0,0,rear_end,0,3,0,0,3,0,0,1,2,41.940032781,"darkness,_lighted_road",-87.649415211,5,no_indication_of_injury,2,30,no_defects,dry,N HALSTED ST,traffic_signal,not_divided,clear,0,2017,37522
straight_and_level,1414,failing_to_yield_right-of-way,no_controls,0,4,sideswipe_same_direction,0,8,0,0,2,0,0,0,2,41.924481841,daylight,-87.702458189,5,no_indication_of_injury,2,30,no_defects,dry,N SACRAMENTO AVE,no_controls,not_divided,clear,0,2017,28131
straight_and_level,1225,following_too_closely,no_controls,0,0,rear_end,0,14,0,0,2,0,0,0,3,41.870889496,daylight,-87.67651265,5,no_indication_of_injury,2,30,no_defects,dry,S DAMEN AVE,no_controls,not_divided,clear,0,2017,49782
straight_and_level,1434,unable_to_determine,no_controls,0,2,sideswipe_same_direction,0,17,0,0,2,0,0,0,1,41.915866047,daylight,-87.68474956,5,no_indication_of_injury,2,30,no_defects,dry,N OAKLEY AVE,no_controls,not_divided,clear,0,2017,28280
straight_and_level,622,unable_to_determine,functioning_properly,0,4,rear_end,0,12,0,0,2,0,0,0,2,41.743615048,daylight,-87.634173196,5,no_indication_of_injury,2,30,unknown,unknown,W 83RD ST,traffic_signal,not_divided,unknown,0,2017,52198
straight_and_level,2411,disregarding_stop_sign,functioning_properly,0,3,pedalcyclist,1,21,0,0,1,1,0,0,2,42.017303559,"darkness,_lighted_road",-87.70422035,5,nonincapacitating_injury,2,30,no_defects,dry,W BIRCHWOOD AVE,stop_sign/flasher,not_divided,clear,0,2017,130233
straight_and_level,2514,failing_to_yield_right-of-way,no_controls,0,3,turning,1,11,0,0,2,0,0,0,1,41.930486887,daylight,-87.765407246,5,no_indication_of_injury,2,10,no_defects,dry,W PARKER AVE,no_controls,alley,cloudy/overcast,0,2017,47274
straight_and_level,634,unable_to_determine,functioning_properly,0,4,sideswipe_same_direction,0,7,0,0,2,0,0,1,5,41.736145128,daylight,-87.626917844,5,no_indication_of_injury,2,30,no_defects,dry,W 87TH ST,traffic_signal,divided_-_w/median_barrier,clear,0,2017,51148
straight_and_level,2512,failing_to_yield_right-of-way,no_controls,0,5,turning,0,12,0,0,2,0,0,1,2,41.922234777,daylight,-87.806051833,5,no_indication_of_injury,2,30,no_defects,dry,N HARLEM AVE,no_controls,not_divided,clear,0,2017,44726
straight_and_level,322,distraction_-_from_outside_vehicle,no_controls,0,0,fixed_object,0,6,0,0,0,1,0,0,2,41.769186516,daylight,-87.617691282,5,nonincapacitating_injury,1,25,no_defects,dry,E 69TH ST,no_controls,divided_-_w/median_(not_raised),clear,0,2017,27638
straight_and_level,1914,not_applicable,no_controls,0,3,fixed_object,0,20,0,0,2,0,0,0,4,41.967259313,daylight,-87.647549024,5,no_indication_of_injury,1,40,no_defects,dry,N LAKE SHORE DR NB,no_controls,divided_-_w/median_barrier,clear,0,2017,48505
straight_and_level,132,not_applicable,no_controls,0,6,rear_end,0,11,0,0,4,0,0,0,8,41.857849087,daylight,-87.616840879,5,no_indication_of_injury,2,40,no_defects,dry,S LAKE SHORE DR SB,no_controls,divided_-_w/median_(not_raised),clear,0,2017,50502
straight_and_level,324,unable_to_determine,no_controls,0,6,sideswipe_same_direction,0,16,0,0,2,0,0,0,2,41.765913182,daylight,-87.583819493,5,no_indication_of_injury,2,35,no_defects,dry,S EAST END AVE,no_controls,divided_-_w/median_barrier,clear,0,2017,48131
straight_and_level,1112,following_too_closely,functioning_properly,0,0,rear_end,0,1,0,0,4,2,0,1,2,41.898931431,"darkness,_lighted_road",-87.726044072,5,nonincapacitating_injury,2,30,no_defects,dry,N PULASKI RD,traffic_signal,not_divided,clear,0,2017,42077
straight_and_level,1911,following_too_closely,no_controls,0,6,rear_end,0,13,0,0,2,0,0,0,4,41.966848451,daylight,-87.688998404,5,no_indication_of_injury,2,30,no_defects,dry,N WESTERN AVE,no_controls,divided_-_w/median_(not_raised),clear,0,2017,30840
straight_and_level,731,"operating_vehicle_in_erratic,_reckless,_careless,_negligent_or_aggressive_manner",no_controls,0,6,parked_motor_vehicle,1,22,0,0,1,0,0,0,1,41.760882567,"darkness,_lighted_road",-87.6282097,5,no_indication_of_injury,2,30,unknown,dry,S PERRY AVE,no_controls,one-way,clear,0,2017,55729
straight_and_level,1213,following_too_closely,functioning_properly,0,5,rear_end,0,0,0,0,2,0,0,0,2,41.896192366,darkness,-87.666772313,5,no_indication_of_injury,2,30,no_defects,dry,W CHICAGO AVE,traffic_signal,not_divided,clear,0,2017,30256
straight_and_level,1834,improper_turning/no_signal,no_controls,0,6,sideswipe_same_direction,0,12,0,0,3,0,0,1,2,41.892482102,daylight,-87.62553911,6,no_indication_of_injury,2,30,no_defects,dry,N RUSH ST,no_controls,one-way,clear,0,2017,74516
straight_and_level,931,improper_overtaking/passing,no_controls,0,2,parked_motor_vehicle,1,16,0,0,2,0,0,0,4,41.804948673,daylight,-87.665013074,6,no_indication_of_injury,2,30,no_defects,dry,S ASHLAND AVE,no_controls,not_divided,clear,0,2017,56027
straight_and_level,631,failing_to_yield_right-of-way,functioning_properly,0,3,angle,0,12,0,0,2,0,0,0,2,41.749239279,daylight,-87.612596476,6,no_indication_of_injury,2,15,no_defects,wet,S EBERHART AVE,stop_sign/flasher,divided_-_w/median_barrier,rain,0,2017,75855
straight_and_level,324,"operating_vehicle_in_erratic,_reckless,_careless,_negligent_or_aggressive_manner",no_controls,0,3,parked_motor_vehicle,1,20,0,0,1,0,0,0,2,41.764392297,dusk,-87.581139549,6,no_indication_of_injury,2,25,no_defects,dry,E 72ND ST,no_controls,not_divided,clear,0,2017,82500
straight_and_level,533,distraction_-_from_inside_vehicle,functioning_properly,0,2,rear_end,0,23,0,0,7,0,0,1,2,41.653528556,darkness,-87.617179313,6,no_indication_of_injury,3,30,no_defects,dry,E 133RD ST,stop_sign/flasher,not_divided,clear,0,2017,46881
straight_and_level,1614,driving_skills/knowledge/experience,no_controls,0,2,parked_motor_vehicle,1,16,0,0,1,0,0,0,0,41.978697355,daylight,-87.836736035,6,no_indication_of_injury,2,30,no_defects,dry,N CUMBERLAND AVE,no_controls,parking_lot,clear,0,2017,85832
straight_and_level,2512,unable_to_determine,no_controls,0,2,rear_end,0,16,0,0,2,0,0,0,1,41.919308997,daylight,-87.775708656,6,no_indication_of_injury,2,15,"rut,_holes",dry,N AUSTIN AVE,no_controls,alley,clear,0,2017,65910
straight_and_level,1834,not_applicable,other,0,1,parked_motor_vehicle,1,3,0,0,1,0,0,0,2,41.889413219,"darkness,_lighted_road",-87.61700136,6,no_indication_of_injury,2,30,no_defects,dry,E NORTH WATER ST,other,not_divided,clear,0,2017,67545
straight_and_level,914,unable_to_determine,no_controls,0,2,parked_motor_vehicle,0,15,0,0,2,0,0,0,2,41.84267916,daylight,-87.635117816,6,no_indication_of_injury,2,30,unknown,unknown,W 28TH PL,stop_sign/flasher,not_divided,unknown,0,2017,74933
straight_and_level,822,unable_to_determine,functioning_properly,0,3,parked_motor_vehicle,1,22,0,0,1,0,0,1,1,41.791789695,"darkness,_lighted_road",-87.707330519,6,no_indication_of_injury,2,20,no_defects,wet,S CHRISTIANA AVE,stop_sign/flasher,one-way,rain,0,2017,82064
straight_and_level,121,unable_to_determine,functioning_properly,0,4,sideswipe_same_direction,0,9,0,0,2,0,0,1,2,41.885592272,daylight,-87.642000294,6,no_indication_of_injury,2,30,no_defects,dry,W LAKE ST,traffic_signal,divided_-_w/median_(not_raised),clear,0,2017,68357
straight_and_level,1234,failing_to_reduce_speed_to_avoid_crash,functioning_properly,0,4,rear_end,0,6,0,0,3,0,0,0,2,41.857619325,daylight,-87.675846484,6,no_indication_of_injury,3,35,no_defects,dry,S DAMEN AVE,traffic_signal,center_turn_lane,cloudy/overcast,0,2017,66616
straight_and_level,1912,unable_to_determine,unknown,0,3,rear_end,0,19,0,0,3,0,0,1,4,41.954401074,"darkness,_lighted_road",-87.668974885,6,no_indication_of_injury,2,30,unknown,wet,W IRVING PARK RD,unknown,divided_-_w/median_barrier,rain,0,2017,80418
straight_and_level,2515,improper_turning/no_signal,functioning_properly,0,2,turning,0,21,0,0,5,0,0,1,4,41.918116619,"darkness,_lighted_road",-87.765919745,6,no_indication_of_injury,2,30,no_defects,dry,N CENTRAL AVE,traffic_signal,center_turn_lane,clear,0,2017,37484
straight_and_level,1523,failing_to_reduce_speed_to_avoid_crash,functioning_properly,0,4,rear_end,1,9,0,0,3,0,0,1,2,41.887798339,daylight,-87.755483565,6,no_indication_of_injury,3,30,no_defects,dry,N LARAMIE AVE,traffic_signal,not_divided,clear,0,2017,68191
straight_and_level,913,failing_to_yield_right-of-way,functioning_properly,0,4,sideswipe_same_direction,0,16,0,0,2,0,0,1,2,41.83793547,daylight,-87.646308709,6,no_indication_of_injury,2,30,no_defects,dry,W 31ST ST,traffic_signal,not_divided,clear,0,2017,67398
straight_and_level,811,failing_to_reduce_speed_to_avoid_crash,unknown,0,5,rear_end,0,16,0,0,2,0,0,1,4,41.794866669,unknown,-87.767171953,6,no_indication_of_injury,2,30,unknown,unknown,S ARCHER AVE,traffic_signal,divided_-_w/median_(not_raised),unknown,0,2017,55820
straight_and_level,613,unable_to_determine,no_controls,0,6,parked_motor_vehicle,1,4,0,0,1,0,0,0,1,41.745697473,darkness,-87.657104171,6,no_indication_of_injury,2,30,unknown,unknown,S ADA ST,no_controls,one-way,unknown,0,2017,66632
straight_and_level,822,unable_to_determine,no_controls,0,5,parked_motor_vehicle,1,12,0,0,1,0,0,0,2,41.798909607,daylight,-87.723178019,6,no_indication_of_injury,2,30,no_defects,dry,S PULASKI RD,no_controls,parking_lot,clear,0,2017,63583
straight_and_level,1724,following_too_closely,no_controls,0,5,rear_end,0,17,0,0,2,0,0,0,4,41.954059997,daylight,-87.70306843,6,no_indication_of_injury,2,30,no_defects,dry,W IRVING PARK RD,no_controls,not_divided,clear,0,2017,68505
straight_and_level,2211,unable_to_determine,no_controls,0,6,parked_motor_vehicle,0,18,0,0,1,0,0,0,2,41.704478478,daylight,-87.710040842,6,no_indication_of_injury,2,30,no_defects,dry,S DRAKE AVE,no_controls,not_divided,clear,0,2017,72668
straight_and_level,234,unable_to_determine,no_controls,0,4,sideswipe_same_direction,0,10,0,0,2,0,0,0,2,41.795301239,daylight,-87.5882259,6,no_indication_of_injury,2,30,no_defects,dry,E 55TH ST,no_controls,not_divided,clear,0,2017,75546
straight_and_level,1921,road_construction/maintenance,functioning_properly,0,2,sideswipe_same_direction,0,11,0,0,2,0,0,0,2,41.946620654,daylight,-87.689531462,6,no_indication_of_injury,2,30,other,dry,W ADDISON ST,other_warning_sign,not_divided,clear,0,2017,48401
straight_and_level,2233,unable_to_determine,functioning_properly,0,2,sideswipe_same_direction,1,14,0,0,3,0,0,0,2,41.692263123,daylight,-87.642522688,6,no_indication_of_injury,2,30,unknown,dry,S HALSTED ST,traffic_signal,not_divided,clear,0,2017,83600
straight_and_level,835,improper_overtaking/passing,functioning_properly,0,2,sideswipe_same_direction,1,18,0,0,3,0,0,1,0,41.750054934,daylight,-87.682992203,6,no_indication_of_injury,2,0,no_defects,dry,S WESTERN AVE,traffic_signal,other,clear,0,2017,37183
straight_and_level,114,driving_skills/knowledge/experience,functioning_properly,0,2,rear_end,1,14,0,0,1,0,1,0,6,41.873099415,daylight,-87.62405157,6,"reported,_not_evident",2,30,no_defects,dry,S MICHIGAN AVE,traffic_signal,divided_-_w/median_(not_raised),clear,0,2017,79409
straight_and_level,312,failing_to_yield_right-of-way,functioning_properly,0,6,turning,1,0,0,2,1,0,0,1,1,41.78031747,"darkness,_lighted_road",-87.606074558,6,incapacitating_injury,2,20,no_defects,dry,S COTTAGE GROVE AVE,traffic_signal,not_divided,clear,0,2017,79605
straight_and_level,835,unable_to_determine,functioning_properly,0,6,rear_end,0,18,0,0,2,0,0,0,2,41.735791462,daylight,-87.682668621,6,no_indication_of_injury,2,30,no_defects,dry,S WESTERN AVE,traffic_signal,divided_-_w/median_barrier,clear,0,2017,79335
straight_and_level,1115,not_applicable,no_controls,0,1,turning,1,15,0,0,1,1,0,0,2,41.877129331,daylight,-87.725694293,6,nonincapacitating_injury,2,30,no_defects,dry,S PULASKI RD,no_controls,not_divided,clear,0,2017,37801
straight_and_level,2222,driving_skills/knowledge/experience,functioning_properly,0,1,parked_motor_vehicle,0,15,0,0,4,0,0,1,1,41.732559652,daylight,-87.648448667,6,no_indication_of_injury,2,30,no_defects,dry,W 89TH ST,stop_sign/flasher,one-way,clear,0,2017,38428
straight_on_hillcrest,132,failing_to_reduce_speed_to_avoid_crash,no_controls,0,4,rear_end,1,23,0,0,5,0,0,0,4,41.857909669,"darkness,_lighted_road",-87.616594139,6,no_indication_of_injury,3,45,shoulder_defect,dry,S LAKE SHORE DR E,no_controls,divided_-_w/median_barrier,clear,0,2017,66562
straight_and_level,1914,weather,no_controls,0,4,rear_end,0,1,0,0,3,0,0,0,3,41.965787579,"darkness,_lighted_road",-87.646935941,6,no_indication_of_injury,2,45,no_defects,wet,N LAKE SHORE DR NB,no_controls,divided_-_w/median_barrier,rain,0,2017,64742
straight_and_level,2032,failing_to_yield_right-of-way,no_controls,0,5,angle,0,20,0,0,2,0,0,0,2,41.973188385,daylight,-87.677143163,6,no_indication_of_injury,2,20,no_defects,dry,W WINNEMAC AVE,no_controls,not_divided,clear,0,2017,73901
straight_and_level,1921,improper_overtaking/passing,no_controls,0,6,sideswipe_same_direction,0,21,0,0,4,0,0,0,4,41.953935603,"darkness,_lighted_road",-87.68626658,6,no_indication_of_injury,2,40,no_defects,wet,W IRVING PARK RD,no_controls,divided_-_w/median_(not_raised),rain,0,2017,68704
straight_and_level,114,unable_to_determine,no_controls,0,3,rear_end,1,23,0,0,7,0,0,0,10,41.87190712,"darkness,_lighted_road",-87.617429304,6,no_indication_of_injury,2,40,no_defects,wet,S LAKE SHORE DR W,no_controls,divided_-_w/median_barrier,clear,0,2017,79472
straight_and_level,1125,unable_to_determine,no_controls,0,5,rear_end,0,8,0,0,3,0,0,0,4,41.880300584,daylight,-87.686559795,6,no_indication_of_injury,2,30,no_defects,wet,S WESTERN AVE,no_controls,not_divided,rain,0,2017,58567
straight_and_level,2522,following_too_closely,no_controls,0,2,rear_end,0,16,0,0,5,0,0,0,2,41.917043401,daylight,-87.745991417,6,no_indication_of_injury,2,30,no_defects,dry,W ARMITAGE AVE,no_controls,not_divided,clear,0,2017,53875