alignment,beat,contributory_cause,device_condition,dooring,dow,first_crash_type,hit_and_run,hour,injuries_fatal,injuries_incapacitating,injuries_no_indication,injuries_non_incapacitating,injuries_reported_not_evident,intersection_related,lane_count,latitude,lighting_condition,longitude,month,most_severe_injury,num_units,posted_speed_limit,road_defect,roadway_surface_cond,street,traffic_control_device,trafficway_type,weather_condition,work_zone,year,i
straight_and_level,835,unable_to_determine,no_controls,0,5,angle,0,13,0,0,2,0,0,0,4,41.75020293,daylight,-87.681956922,6,no_indication_of_injury,2,25,no_defects,dry,W 79TH ST,no_controls,divided_-_w/median_(not_raised),clear,0,2017,69674
straight_and_level,1632,failing_to_yield_right-of-way,no_controls,0,1,rear_end,0,17,0,0,3,0,0,0,2,41.938158848,daylight,-87.803157958,6,no_indication_of_injury,2,30,no_defects,dry,W BELMONT AVE,no_controls,not_divided,clear,0,2017,70036
straight_and_level,113,improper_overtaking/passing,functioning_properly,0,4,rear_end,0,11,0,0,2,0,0,0,4,41.875677225,daylight,-87.63056535,6,no_indication_of_injury,2,30,no_defects,dry,S CLARK ST,traffic_signal,one-way,clear,0,2017,44749
straight_and_level,634,improper_backing,functioning_properly,0,4,parked_motor_vehicle,1,6,0,0,1,0,0,0,0,41.729109911,daylight,-87.626566323,6,no_indication_of_injury,2,0,no_defects,dry,W 91ST ST,no_controls,parking_lot,clear,0,2017,45283
straight_and_level,523,road_engineering/surface/marking_defects,no_controls,0,4,fixed_object,0,15,0,0,1,0,0,0,2,41.663083261,daylight,-87.645226837,6,no_indication_of_injury,1,30,"rut,_holes",dry,S SANGAMON ST,no_controls,not_divided,clear,0,2017,79963
straight_and_level,622,unable_to_determine,no_controls,0,0,parked_motor_vehicle,1,21,0,0,1,0,0,0,2,41.742577617,"darkness,_lighted_road",-87.633936931,6,no_indication_of_injury,2,30,no_defects,dry,S STEWART AVE,no_controls,parking_lot,clear,0,2017,55949
straight_and_level,1432,unable_to_determine,no_controls,0,2,rear_end,0,13,0,0,2,0,0,0,0,41.924880585,daylight,-87.68093688,6,no_indication_of_injury,2,0,unknown,other,W FULLERTON AVE,no_controls,other,clear,0,2017,53100
straight_and_level,2521,failing_to_yield_right-of-way,no_controls,0,0,angle,0,17,0,0,2,0,0,0,2,41.924355929,daylight,-87.745849511,6,no_indication_of_injury,2,30,no_defects,dry,W FULLERTON AVE,no_controls,not_divided,clear,0,2017,70932
straight_and_level,1231,unable_to_determine,functioning_properly,0,4,rear_end,0,12,0,0,2,0,0,0,2,41.875449728,daylight,-87.657061871,6,no_indication_of_injury,2,30,no_defects,dry,W CONGRESS PKWY,traffic_signal,not_divided,clear,0,2017,62160
straight_and_level,725,unable_to_determine,no_controls,0,4,sideswipe_same_direction,0,17,0,0,2,0,0,0,2,41.77937222,daylight,-87.664365347,6,no_indication_of_injury,2,30,no_defects,dry,S ASHLAND AVE,no_controls,not_divided,clear,0,2017,59463
straight_and_level,114,unable_to_determine,no_controls,0,0,sideswipe_same_direction,0,19,0,0,2,0,0,0,6,41.880789704,dusk,-87.618935006,6,no_indication_of_injury,3,30,no_defects,dry,E MONROE DR,no_controls,not_divided,clear,0,2017,75493
straight_and_level,1811,improper_backing,unknown,0,6,parked_motor_vehicle,0,21,0,0,1,0,0,0,2,41.92389312,"darkness,_lighted_road",-87.666826167,6,no_indication_of_injury,2,20,no_defects,dry,N BOSWORTH AVE,unknown,not_divided,clear,0,2017,63167
straight_and_level,835,failing_to_reduce_speed_to_avoid_crash,no_controls,0,4,head_on,0,12,0,0,2,0,0,0,4,41.759158512,daylight,-87.683232523,6,no_indication_of_injury,2,30,no_defects,dry,W COLUMBUS AVE,no_controls,divided_-_w/median_(not_raised),clear,0,2017,76698
straight_and_level,1931,unable_to_determine,no_controls,0,2,parked_motor_vehicle,1,0,0,0,1,0,0,0,2,41.928638351,daylight,-87.670369493,6,no_indication_of_injury,2,30,no_defects,dry,W WRIGHTWOOD AVE,no_controls,not_divided,clear,0,2017,83227
straight_and_level,1934,following_too_closely,no_controls,0,5,sideswipe_same_direction,0,17,0,0,2,0,0,0,4,41.940270678,daylight,-87.638489907,6,no_indication_of_injury,2,40,no_defects,dry,N LAKE SHORE DR SB,no_controls,one-way,clear,0,2017,85563
straight_and_level,114,failing_to_yield_right-of-way,unknown,0,2,sideswipe_same_direction,0,13,0,0,2,0,0,1,4,41.888082067,daylight,-87.620501171,6,no_indication_of_injury,2,30,unknown,unknown,E LOWER WACKER DR,traffic_signal,not_divided,clear,0,2017,40974
straight_and_level,623,unable_to_determine,functioning_properly,0,3,rear_end,0,15,0,0,3,0,0,0,2,41.751904054,daylight,-87.634075109,6,no_indication_of_injury,3,35,no_defects,dry,S VINCENNES AVE,traffic_signal,not_divided,clear,0,2017,62898
straight_and_level,132,unable_to_determine,no_controls,0,4,parked_motor_vehicle,1,16,0,0,1,0,0,0,1,41.866001652,daylight,-87.613625576,6,no_indication_of_injury,2,20,no_defects,dry,E SOLIDARITY DR,no_controls,other,clear,0,2017,73976
straight_and_level,634,unable_to_determine,functioning_properly,0,5,sideswipe_same_direction,1,14,0,0,2,0,0,0,2,41.73616511,daylight,-87.625587569,6,no_indication_of_injury,2,30,no_defects,dry,S LAFAYETTE AVE,traffic_signal,not_divided,clear,0,2017,82659
straight_and_level,811,improper_backing,no_controls,0,0,parked_motor_vehicle,1,19,0,0,1,0,0,0,3,41.796068373,dusk,-87.787779806,6,no_indication_of_injury,2,30,no_defects,dry,W 53RD ST,no_controls,not_divided,clear,0,2017,84658
straight_and_level,233,unable_to_determine,no_controls,0,5,rear_end,0,23,0,0,2,0,0,0,2,41.799548547,"darkness,_lighted_road",-87.598346078,6,no_indication_of_injury,2,30,no_defects,dry,E 53RD ST,no_controls,not_divided,clear,0,2017,32018
straight_and_level,312,unable_to_determine,no_controls,0,4,parked_motor_vehicle,1,21,0,0,1,0,0,0,2,41.774129543,"darkness,_lighted_road",-87.615624338,6,no_indication_of_injury,2,35,no_defects,dry,S DR MARTIN LUTHER KING JR DR,no_controls,not_divided,clear,0,2017,84973
straight_and_level,822,unable_to_determine,no_controls,0,4,rear_end,0,7,0,0,2,0,0,0,4,41.793420237,daylight,-87.703697508,6,no_indication_of_injury,2,25,no_defects,dry,S KEDZIE AVE,no_controls,divided_-_w/median_(not_raised),clear,0,2017,69867
straight_and_level,321,unable_to_determine,no_controls,0,0,turning,0,6,0,0,2,0,0,0,2,41.773439894,daylight,-87.586651339,6,no_indication_of_injury,2,30,no_defects,dry,E 67TH ST,no_controls,not_divided,clear,0,2017,26555
straight_and_level,123,following_too_closely,functioning_properly,0,3,rear_end,0,18,0,0,2,0,0,0,2,41.867523859,dawn,-87.627383864,6,no_indication_of_injury,2,35,no_defects,dry,E ROOSEVELT RD,traffic_signal,not_divided,clear,0,2017,77824
straight_and_level,712,exceeding_authorized_speed_limit,no_controls,0,3,fixed_object,1,8,0,0,1,0,0,0,2,41.788667855,daylight,-87.654590154,6,no_indication_of_injury,1,35,no_defects,dry,S RACINE AVE,other_warning_sign,divided_-_w/median_(not_raised),clear,0,2017,25183
straight_and_level,122,not_applicable,no_controls,0,3,angle,0,23,0,0,2,0,0,0,0,41.88310003,darkness,-87.634378245,6,no_indication_of_injury,2,5,no_defects,dry,W WASHINGTON ST,no_controls,parking_lot,clear,0,2017,58442
straight_and_level,731,failing_to_reduce_speed_to_avoid_crash,functioning_properly,0,4,rear_end,0,16,0,0,3,0,2,1,2,41.765563775,daylight,-87.62793555,6,"reported,_not_evident",4,30,no_defects,dry,W 71ST ST,traffic_signal,not_divided,clear,0,2017,40258
straight_and_level,1823,road_construction/maintenance,no_controls,0,0,fixed_object,0,13,0,0,1,0,0,0,4,41.89666817,"darkness,_lighted_road",-87.636788051,6,no_indication_of_injury,1,30,"rut,_holes",dry,W CHICAGO AVE,no_controls,not_divided,clear,0,2017,74546
straight_and_level,1834,unable_to_determine,no_controls,0,6,sideswipe_same_direction,0,14,0,0,2,0,0,0,3,41.891658959,daylight,-87.622204398,6,no_indication_of_injury,2,30,no_defects,dry,E GRAND AVE,no_controls,one-way,clear,0,2017,70055
straight_and_level,2535,disregarding_stop_sign,functioning_properly,0,1,angle,0,22,0,0,2,0,0,1,2,41.908199182,"darkness,_lighted_road",-87.722970563,6,no_indication_of_injury,2,20,no_defects,dry,N AVERS AVE,stop_sign/flasher,not_divided,clear,0,2017,65449
straight_and_level,211,improper_turning/no_signal,functioning_properly,0,6,turning,1,16,0,0,2,0,0,0,2,41.834572938,daylight,-87.626354874,6,no_indication_of_injury,2,30,no_defects,dry,S STATE ST,traffic_signal,divided_-_w/median_barrier,clear,0,2017,80116
straight_and_level,713,failing_to_yield_right-of-way,functioning_properly,0,4,pedestrian,1,17,0,0,1,1,0,1,2,41.786857687,daylight,-87.664336671,6,nonincapacitating_injury,2,30,no_defects,dry,W 59TH ST,traffic_signal,not_divided,clear,0,2017,66646
straight_and_level,634,unable_to_determine,no_controls,0,1,pedestrian,0,18,0,0,2,0,0,0,4,41.721719358,dusk,-87.632162135,6,no_indication_of_injury,2,35,no_defects,dry,W 95TH ST,no_controls,divided_-_w/median_(not_raised),clear,0,2017,66841
straight_and_level,1722,exceeding_authorized_speed_limit,no_controls,0,5,rear_end,0,18,0,0,2,0,0,0,2,41.957681271,daylight,-87.73842868,6,no_indication_of_injury,2,30,no_defects,dry,N KOSTNER AVE,no_controls,not_divided,clear,0,2017,25165
straight_and_level,621,improper_lane_usage,no_controls,0,1,parked_motor_vehicle,0,15,0,0,3,0,0,0,2,41.757400418,daylight,-87.644362865,6,no_indication_of_injury,2,0,no_defects,dry,S HALSTED ST,no_controls,not_divided,clear,0,2017,40887
straight_and_level,113,unable_to_determine,no_controls,0,3,parked_motor_vehicle,1,15,0,0,1,0,0,0,3,41.876380748,daylight,-87.628868702,6,no_indication_of_injury,2,30,no_defects,dry,S PLYMOUTH CT,no_controls,not_divided,clear,0,2017,81649
straight_and_level,1512,unable_to_determine,no_controls,0,6,parked_motor_vehicle,0,18,0,0,2,0,0,0,1,41.886445937,daylight,-87.773579856,6,no_indication_of_injury,2,30,unknown,dry,N MASON AVE,no_controls,one-way,clear,0,2017,27925
straight_and_level,1134,"operating_vehicle_in_erratic,_reckless,_careless,_negligent_or_aggressive_manner",no_controls,0,5,rear_end,1,13,0,0,2,0,0,1,2,41.868302968,daylight,-87.700990394,6,no_indication_of_injury,2,30,no_defects,dry,S SACRAMENTO BLVD,no_controls,not_divided,clear,0,2017,59350
straight_and_level,1531,weather,no_controls,0,3,rear_end,0,17,0,0,2,0,0,0,2,41.902174735,daylight,-87.752551758,6,no_indication_of_injury,2,30,no_defects,wet,W DIVISION ST,no_controls,center_turn_lane,rain,0,2017,67150
straight_and_level,1831,failing_to_yield_right-of-way,no_controls,0,4,sideswipe_same_direction,0,19,0,0,2,0,0,0,3,41.888070378,"darkness,_lighted_road",-87.629692257,6,no_indication_of_injury,2,30,no_defects,dry,N DEARBORN ST,no_controls,one-way,clear,0,2017,43447
straight_and_level,2524,unable_to_determine,no_controls,0,1,other_object,0,10,0,0,2,0,0,0,2,41.92773278,daylight,-87.717219669,6,no_indication_of_injury,1,30,no_defects,dry,N CENTRAL PARK AVE,no_controls,not_divided,clear,0,2017,67634
straight_and_level,624,unable_to_determine,no_controls,0,1,parked_motor_vehicle,1,10,0,0,1,0,0,0,4,41.7575792,daylight,-87.600635566,6,no_indication_of_injury,2,30,no_defects,dry,S ELLIS AVE,no_controls,not_divided,clear,0,2017,81070
straight_and_level,1831,unable_to_determine,no_controls,0,5,sideswipe_same_direction,0,21,0,0,2,0,0,0,2,41.890862238,"darkness,_lighted_road",-87.631253331,6,no_indication_of_injury,2,35,no_defects,dry,N CLARK ST,no_controls,one-way,clear,0,2017,72294
straight_and_level,2512,following_too_closely,functioning_properly,0,1,rear_end,1,9,0,0,1,0,1,0,2,41.925793442,daylight,-87.785664529,6,"reported,_not_evident",2,30,no_defects,dry,N NARRAGANSETT AVE,traffic_signal,not_divided,clear,0,2017,77104
straight_and_level,1522,following_too_closely,no_controls,0,5,parked_motor_vehicle,0,11,0,0,2,0,0,0,1,41.870979231,daylight,-87.757190409,6,no_indication_of_injury,2,30,no_defects,dry,S LOCKWOOD AVE,no_controls,not_divided,clear,0,2017,59195
straight_and_level,324,following_too_closely,no_controls,0,6,rear_end,0,17,0,0,2,0,0,0,4,41.763491056,daylight,-87.586406645,6,no_indication_of_injury,2,30,no_defects,dry,S STONY ISLAND AVE,no_controls,divided_-_w/median_barrier,clear,0,2017,75063
straight_and_level,835,failing_to_yield_right-of-way,no_controls,0,4,pedestrian,0,15,0,0,1,1,0,1,1,41.755433586,daylight,-87.707345739,6,nonincapacitating_injury,2,20,no_defects,dry,S HOMAN AVE,no_controls,one-way,clear,0,2017,43114
straight_and_level,311,following_too_closely,functioning_properly,0,0,rear_end,1,19,0,0,3,2,0,0,2,41.780146747,daylight,-87.621900909,6,nonincapacitating_injury,2,35,no_defects,dry,E 63RD ST,traffic_signal,not_divided,clear,0,2017,40570
straight_and_level,1811,failing_to_yield_right-of-way,no_controls,0,0,rear_end,0,14,0,0,3,0,0,0,0,41.924984794,daylight,-87.672461134,6,no_indication_of_injury,2,30,no_defects,dry,W FULLERTON AVE,no_controls,parking_lot,clear,0,2017,82613
straight_and_level,2534,improper_turning/no_signal,functioning_properly,0,1,turning,1,22,0,0,2,0,0,1,4,41.909928421,"darkness,_lighted_road",-87.731317939,6,no_indication_of_injury,2,30,no_defects,dry,W NORTH AVE,traffic_signal,not_divided,clear,0,2017,71904
straight_and_level,715,unable_to_determine,functioning_properly,0,0,pedestrian,1,20,0,0,1,0,1,0,2,41.793590116,dawn,-87.664720996,6,"reported,_not_evident",2,25,no_defects,dry,S ASHLAND AVE,traffic_signal,not_divided,clear,0,2017,73451
straight_and_level,722,distraction_-_from_outside_vehicle,no_controls,0,0,sideswipe_same_direction,0,17,0,0,2,0,0,0,1,41.777301801,unknown,-87.638818404,6,no_indication_of_injury,2,30,unknown,unknown,S PARNELL AVE,no_controls,one-way,unknown,0,2017,64514
straight_and_level,1531,not_applicable,unknown,0,6,rear_end,0,9,0,0,2,0,0,0,2,41.898741738,unknown,-87.750853371,6,no_indication_of_injury,2,30,unknown,unknown,W AUGUSTA BLVD,traffic_signal,not_divided,unknown,0,2017,41579
straight_and_level,1621,failing_to_reduce_speed_to_avoid_crash,functioning_properly,0,4,rear_end,0,6,0,0,2,0,0,0,2,41.99479884,daylight,-87.764562804,6,no_indication_of_injury,2,35,no_defects,dry,N CENTRAL AVE,traffic_signal,not_divided,clear,0,2017,70012
straight_and_level,2512,following_too_closely,functioning_properly,0,3,rear_end,0,13,0,0,3,0,0,0,2,41.930855498,daylight,-87.785537873,6,no_indication_of_injury,2,30,no_defects,dry,N NARRAGANSETT AVE,traffic_signal,not_divided,clear,0,2017,56128
straight_and_level,1135,unable_to_determine,functioning_properly,0,4,turning,1,18,0,0,2,0,0,1,3,41.874242623,daylight,-87.700888578,6,no_indication_of_injury,2,30,no_defects,dry,W CONGRESS PKWY,traffic_signal,one-way,clear,0,2017,54412
straight_and_level,823,driving_skills/knowledge/experience,no_controls,0,4,parked_motor_vehicle,1,19,0,0,1,0,0,0,2,41.783319915,daylight,-87.722532516,6,no_indication_of_injury,2,30,no_defects,dry,W 60TH PL,no_controls,not_divided,clear,0,2017,62381
straight_and_level,1532,unable_to_determine,no_controls,0,6,parked_motor_vehicle,1,0,0,0,1,0,0,0,1,41.892814648,unknown,-87.754154023,6,no_indication_of_injury,2,30,no_defects,unknown,N LEAMINGTON AVE,no_controls,one-way,unknown,0,2017,85183
straight_and_level,2533,unable_to_determine,no_controls,0,0,parked_motor_vehicle,1,17,0,0,1,0,0,0,2,41.912769502,daylight,-87.736348357,6,no_indication_of_injury,2,15,no_defects,dry,N KOSTNER AVE,no_controls,parking_lot,clear,0,2017,73736
straight_and_level,1111,improper_overtaking/passing,no_controls,0,2,sideswipe_same_direction,0,6,0,0,2,0,0,0,4,41.899815732,daylight,-87.736217927,6,no_indication_of_injury,2,30,no_defects,dry,N KOSTNER AVE,no_controls,not_divided,clear,0,2017,34396
straight_and_level,1235,following_too_closely,functioning_properly,0,3,rear_end,0,17,0,0,2,0,0,0,2,41.85880072,daylight,-87.639119948,6,no_indication_of_injury,2,30,no_defects,dry,S CANAL ST,traffic_signal,unknown,clear,0,2017,78623
straight_and_level,1622,improper_overtaking/passing,functioning_properly,0,1,sideswipe_same_direction,0,7,0,0,4,0,0,1,4,41.983049033,daylight,-87.768406291,6,no_indication_of_injury,3,30,no_defects,dry,W BRYN MAWR AVE,traffic_signal,not_divided,clear,0,2017,33766
straight_and_level,321,following_too_closely,no_controls,0,5,rear_end,0,16,0,0,2,0,0,0,2,41.765966528,daylight,-87.599435565,6,no_indication_of_injury,2,30,no_defects,dry,E 71ST ST,no_controls,not_divided,clear,0,2017,85707
straight_and_level,1212,improper_overtaking/passing,functioning_properly,0,5,sideswipe_same_direction,0,22,0,0,3,0,0,0,4,41.895854921,"darkness,_lighted_road",-87.686723401,6,no_indication_of_injury,2,30,no_defects,dry,W CHICAGO AVE,no_controls,divided_-_w/median_(not_raised),clear,0,2017,76413
straight_and_level,1925,improper_backing,no_controls,0,4,parked_motor_vehicle,0,16,0,0,1,0,0,0,2,41.947100296,daylight,-87.644884217,6,no_indication_of_injury,2,30,no_defects,dry,N PINE GROVE AVE,no_controls,not_divided,clear,0,2017,32352
straight_and_level,1912,improper_overtaking/passing,functioning_properly,0,5,sideswipe_same_direction,0,13,0,0,2,0,0,0,4,41.954379326,daylight,-87.66919912,6,no_indication_of_injury,2,30,unknown,dry,N ASHLAND AVE,traffic_signal,divided_-_w/median_(not_raised),clear,0,2017,41623
straight_and_level,911,following_too_closely,other,0,3,rear_end,0,14,0,0,2,0,0,1,3,41.82445623,daylight,-87.687551507,6,no_indication_of_injury,2,30,unknown,wet,S ARCHER AVE,other,not_divided,rain,0,2017,69152
straight_and_level,1713,following_too_closely,functioning_properly,0,0,rear_end,0,2,0,0,3,0,0,0,2,41.970077445,"darkness,_lighted_road",-87.71326274,6,no_indication_of_injury,2,30,no_defects,dry,N KIMBALL AVE,stop_sign/flasher,not_divided,clear,0,2017,72097
straight_and_level,2512,following_too_closely,no_controls,0,5,rear_end,0,17,0,0,3,0,0,1,2,41.930794757,daylight,-87.793725058,6,no_indication_of_injury,3,30,no_defects,dry,W DIVERSEY AVE,no_controls,not_divided,clear,0,2017,68535
straight_and_level,1235,improper_lane_usage,functioning_properly,0,4,sideswipe_same_direction,0,15,0,0,3,0,0,0,3,41.855953459,daylight,-87.64389232,6,no_indication_of_injury,2,30,no_defects,dry,S RUBLE ST,traffic_signal,one-way,clear,0,2017,83543
straight_and_level,824,failing_to_reduce_speed_to_avoid_crash,functioning_properly,0,3,rear_end,0,16,0,0,2,0,0,0,4,41.786358983,daylight,-87.703290352,6,no_indication_of_injury,2,30,no_defects,dry,W 59TH ST,traffic_signal,not_divided,clear,0,2017,62179
straight_and_level,1131,disregarding_stop_sign,functioning_properly,0,4,turning,0,20,0,0,3,0,0,1,4,41.871794811,dusk,-87.735312127,6,no_indication_of_injury,2,30,unknown,dry,S KOSTNER AVE,stop_sign/flasher,not_divided,unknown,0,2017,71916
straight_and_level,1511,unable_to_determine,no_controls,0,3,parked_motor_vehicle,0,9,0,0,1,0,0,0,1,41.900395423,daylight,-87.774245965,6,no_indication_of_injury,2,15,no_defects,dry,N MASON AVE,no_controls,alley,clear,0,2017,73414
straight_and_level,723,following_too_closely,no_controls,0,6,rear_end,0,16,0,0,2,1,0,0,4,41.777851832,daylight,-87.642664304,6,nonincapacitating_injury,2,30,no_defects,dry,S HALSTED PKWY,no_controls,divided_-_w/median_barrier,clear,0,2017,52894
straight_and_level,1821,improper_lane_usage,functioning_properly,0,5,sideswipe_same_direction,0,15,0,0,2,0,0,1,4,41.903883961,daylight,-87.639437202,6,no_indication_of_injury,2,30,no_defects,dry,W DIVISION ST,traffic_signal,divided_-_w/median_(not_raised),rain,0,2017,59714
straight_and_level,623,unable_to_determine,no_controls,0,5,parked_motor_vehicle,0,9,0,0,1,0,0,0,0,41.756635378,daylight,-87.618359943,6,no_indication_of_injury,2,30,no_defects,dry,E 76TH ST,no_controls,not_divided,clear,0,2017,51860
straight_and_level,112,improper_turning/no_signal,functioning_properly,0,5,turning,0,13,0,0,2,0,0,1,2,41.879549423,daylight,-87.629273332,6,no_indication_of_injury,2,30,no_defects,dry,W ADAMS ST,traffic_signal,not_divided,clear,0,2017,76101
straight_and_level,1915,unable_to_determine,no_controls,0,5,parked_motor_vehicle,0,21,0,0,1,0,0,0,1,41.958492973,darkness,-87.651499398,6,no_indication_of_injury,2,35,unknown,unknown,N HAZEL ST,other,not_divided,clear,0,2017,59771
straight_and_level,1112,exceeding_authorized_speed_limit,no_controls,0,0,parked_motor_vehicle,1,6,0,0,1,0,0,0,1,41.896448519,dawn,-87.717418464,6,no_indication_of_injury,2,30,no_defects,dry,N MONTICELLO AVE,no_controls,one-way,clear,0,2017,63516
straight_and_level,622,distraction_-_from_inside_vehicle,no_controls,0,6,sideswipe_same_direction,0,18,0,0,3,0,0,0,2,41.743662012,daylight,-87.631054218,6,no_indication_of_injury,2,25,no_defects,dry,W 83RD ST,no_controls,divided_-_w/median_(not_raised),clear,0,2017,31612
straight_and_level,813,unable_to_determine,no_controls,0,5,parked_motor_vehicle,0,8,0,0,1,0,0,0,2,41.775328312,daylight,-87.72892174,6,no_indication_of_injury,2,30,no_defects,dry,S TRIPP AVE,no_controls,not_divided,clear,0,2017,36428
straight_and_level,1914,unable_to_determine,no_controls,0,0,angle,1,17,0,0,4,0,0,0,2,41.966306251,daylight,-87.641818848,6,no_indication_of_injury,2,30,unknown,unknown,N SIMONDS DR,no_controls,not_divided,clear,0,2017,77620
straight_and_level,614,driving_skills/knowledge/experience,functioning_properly,0,4,rear_end,1,21,0,0,3,0,0,0,2,41.746495299,darkness,-87.673189258,6,no_indication_of_injury,2,30,no_defects,dry,S DAMEN AVE,stop_sign/flasher,not_divided,clear,0,2017,73661
straight_and_level,2032,following_too_closely,no_controls,0,3,rear_end,0,18,0,0,2,0,0,0,2,41.976028849,daylight,-87.671948537,6,no_indication_of_injury,2,30,no_defects,dry,W FOSTER AVE,no_controls,not_divided,clear,0,2017,68609
straight_and_level,2412,improper_backing,no_controls,0,0,rear_end,0,22,0,0,2,0,0,0,2,42.00020646,"darkness,_lighted_road",-87.680150539,6,no_indication_of_injury,2,30,no_defects,dry,W LOYOLA AVE,stop_sign/flasher,not_divided,clear,0,2017,79835
straight_and_level,834,following_too_closely,functioning_properly,0,4,rear_end,0,13,0,0,4,0,0,0,4,41.749065056,daylight,-87.741203904,6,no_indication_of_injury,2,30,no_defects,dry,S CICERO AVE,traffic_signal,divided_-_w/median_(not_raised),clear,0,2017,35522
straight_and_level,1133,distraction_-_from_outside_vehicle,no_controls,0,6,fixed_object,0,17,0,1,0,0,0,0,1,41.871771439,daylight,-87.722638512,6,incapacitating_injury,1,30,no_defects,dry,W LEXINGTON ST,no_controls,one-way,clear,0,2017,80717
straight_and_level,321,equipment_-_vehicle_condition,no_controls,0,4,fixed_object,0,11,0,0,0,1,0,0,2,41.775080418,daylight,-87.604905838,6,nonincapacitating_injury,1,30,no_defects,dry,E MARQUETTE RD,no_controls,not_divided,clear,0,2017,83376
straight_and_level,1812,unable_to_determine,functioning_properly,0,2,turning,0,20,0,0,3,0,0,1,2,41.925467253,dawn,-87.640987717,6,no_indication_of_injury,2,30,unknown,unknown,W FULLERTON PKWY,traffic_signal,not_divided,clear,0,2017,74962
straight_and_level,2032,unable_to_determine,no_controls,0,4,parked_motor_vehicle,0,9,0,0,1,0,0,0,4,41.969570292,daylight,-87.669605428,6,no_indication_of_injury,2,30,no_defects,dry,N ASHLAND AVE,no_controls,not_divided,clear,0,2017,43567
straight_and_level,1834,improper_lane_usage,no_controls,0,3,sideswipe_same_direction,0,18,0,0,2,0,0,0,4,41.889146117,dusk,-87.614136925,6,no_indication_of_injury,2,40,no_defects,dry,N LAKE SHORE DR NB,no_controls,divided_-_w/median_barrier,clear,0,2017,60320
straight_and_level,1824,failing_to_yield_right-of-way,no_controls,0,1,sideswipe_same_direction,0,16,0,0,2,0,0,0,1,41.901935017,daylight,-87.632784896,6,no_indication_of_injury,2,30,no_defects,dry,W MAPLE ST,no_controls,one-way,clear,0,2017,59196
straight_and_level,1512,unable_to_determine,no_controls,0,0,parked_motor_vehicle,1,6,0,0,1,0,0,0,1,41.885454635,daylight,-87.769791649,6,no_indication_of_injury,2,25,no_defects,dry,N MENARD AVE,no_controls,one-way,clear,0,2017,81518
straight_and_level,132,failing_to_reduce_speed_to_avoid_crash,no_controls,0,3,rear_end,0,12,0,0,2,0,0,0,4,41.85110748,daylight,-87.612866633,6,no_indication_of_injury,2,30,no_defects,dry,S LAKE SHORE DR E,no_controls,divided_-_w/median_barrier,clear,0,2017,34098
straight_and_level,331,not_applicable,no_controls,0,0,head_on,0,3,0,0,0,1,0,0,4,41.767200848,"darkness,_lighted_road",-87.566644683,6,nonincapacitating_injury,2,35,no_defects,dry,S SOUTH SHORE DR,no_controls,not_divided,clear,0,2017,61443
straight_and_level,1624,"operating_vehicle_in_erratic,_reckless,_careless,_negligent_or_aggressive_manner",no_controls,0,5,turning,0,18,0,0,2,0,0,0,4,41.955873713,daylight,-87.747522296,6,no_indication_of_injury,2,30,no_defects,dry,N CICERO AVE,no_controls,divided_-_w/median_(not_raised),clear,0,2017,66869
straight_and_level,2513,not_applicable,unknown,0,4,turning,0,17,0,0,2,0,0,0,2,41.909335604,unknown,-87.777782741,6,no_indication_of_injury,2,30,unknown,unknown,W NORTH AVE,unknown,divided_-_w/median_(not_raised),unknown,0,2017,38520
straight_and_level,132,not_applicable,no_controls,0,6,parked_motor_vehicle,1,13,0,0,1,0,0,0,2,41.860175064,unknown,-87.622733514,6,no_indication_of_injury,2,35,no_defects,unknown,E 16TH ST,no_controls,not_divided,unknown,0,2017,65363
straight_and_level,1224,unable_to_determine,no_controls,0,1,parked_motor_vehicle,0,13,0,0,1,0,0,0,2,41.885032912,daylight,-87.658993993,6,no_indication_of_injury,2,30,no_defects,dry,N ELIZABETH ST,no_controls,not_divided,clear,0,2017,54114
straight_and_level,1111,driving_skills/knowledge/experience,functioning_properly,0,4,fixed_object,0,15,0,0,1,0,0,1,2,41.902523129,daylight,-87.726444823,6,no_indication_of_injury,1,30,no_defects,dry,N PULASKI RD,traffic_signal,divided_-_w/median_(not_raised),clear,1,2017,58109
straight_and_level,1822,failing_to_yield_right-of-way,no_controls,0,6,sideswipe_same_direction,0,16,0,0,2,0,0,0,2,41.909972034,daylight,-87.64799533,6,no_indication_of_injury,2,30,no_defects,dry,N CLYBOURN AVE,no_controls,not_divided,clear,0,2017,61448
straight_and_level,2031,unable_to_determine,functioning_properly,0,4,rear_end,0,10,0,0,2,0,0,0,2,41.975707184,daylight,-87.699043203,6,no_indication_of_injury,2,30,no_defects,dry,W FOSTER AVE,traffic_signal,not_divided,clear,0,2017,71473
straight_and_level,925,unable_to_determine,no_controls,0,2,rear_end,0,6,0,0,2,0,0,0,2,41.808997703,daylight,-87.644089891,6,no_indication_of_injury,2,15,no_defects,dry,W 47TH ST,no_controls,not_divided,clear,0,2017,59544