alignment,beat,contributory_cause,device_condition,dooring,dow,first_crash_type,hit_and_run,hour,injuries_fatal,injuries_incapacitating,injuries_no_indication,injuries_non_incapacitating,injuries_reported_not_evident,intersection_related,lane_count,latitude,lighting_condition,longitude,month,most_severe_injury,num_units,posted_speed_limit,road_defect,roadway_surface_cond,street,traffic_control_device,trafficway_type,weather_condition,work_zone,year,i
straight_and_level,2411,improper_backing,no_controls,0,3,angle,0,10,0,0,4,0,0,0,2,42.008714398,daylight,-87.69268958,6,no_indication_of_injury,2,30,no_defects,dry,W LUNT AVE,traffic_signal,divided_-_w/median_(not_raised),clear,0,2017,71407
straight_and_level,1523,unable_to_determine,functioning_properly,0,3,angle,0,18,0,0,8,0,0,1,2,41.887915308,daylight,-87.755464436,6,no_indication_of_injury,2,30,no_defects,wet,W KINZIE ST,stop_sign/flasher,not_divided,rain,0,2017,81262
straight_and_level,111,unable_to_determine,functioning_properly,0,5,rear_end,1,11,0,0,2,0,0,0,4,41.884525625,daylight,-87.626395831,6,no_indication_of_injury,2,30,no_defects,dry,N WABASH AVE,traffic_signal,not_divided,clear,0,2017,74412
straight_and_level,1432,unable_to_determine,functioning_properly,0,0,rear_end,1,13,0,0,2,0,0,0,1,41.921204354,daylight,-87.682576231,6,no_indication_of_injury,2,30,no_defects,dry,W WEBSTER AVE,traffic_signal,not_divided,clear,0,2017,84312
straight_and_level,1631,unable_to_determine,no_controls,0,6,other_object,1,2,0,0,1,0,0,0,1,41.943154665,dawn,-87.816852261,7,no_indication_of_injury,1,30,no_defects,wet,N ORIOLE AVE,no_controls,not_divided,rain,0,2017,64099
straight_and_level,835,unable_to_determine,no_controls,0,5,parked_motor_vehicle,0,20,0,0,0,1,0,0,4,41.758588411,"darkness,_lighted_road",-87.682932748,7,nonincapacitating_injury,3,30,no_defects,dry,S WESTERN AVE,no_controls,divided_-_w/median_(not_raised),clear,0,2017,79468
straight_and_level,1935,under_the_influence_of_alcohol/drugs_(use_when_arrest_is_effected),no_controls,0,2,rear_end,1,18,0,1,1,0,0,0,8,41.927880788,daylight,-87.631843194,7,incapacitating_injury,2,40,no_defects,dry,N LAKE SHORE DR NB,no_controls,divided_-_w/median_barrier,clear,0,2017,66808
straight_and_level,1531,following_too_closely,functioning_properly,0,6,rear_end,0,18,0,0,1,0,1,0,2,41.898789614,daylight,-87.74602339,7,"reported,_not_evident",2,30,no_defects,dry,W AUGUSTA BLVD,traffic_signal,not_divided,clear,0,2017,82933
straight_and_level,1412,unable_to_determine,functioning_properly,0,2,angle,1,16,0,0,2,0,0,0,4,41.939221049,daylight,-87.707714602,7,no_indication_of_injury,2,30,no_defects,dry,W BELMONT AVE,traffic_signal,divided_-_w/median_(not_raised),clear,0,2017,79577
straight_and_level,1611,improper_lane_usage,no_controls,0,4,sideswipe_same_direction,0,17,0,0,2,0,0,0,4,41.997256963,daylight,-87.806945017,7,no_indication_of_injury,2,30,no_defects,dry,N HARLEM AVE,no_controls,not_divided,clear,0,2017,66393
straight_and_level,933,unable_to_determine,functioning_properly,0,4,sideswipe_same_direction,0,15,0,0,2,0,0,0,2,41.806989204,"darkness,_lighted_road",-87.664780606,7,no_indication_of_injury,2,30,no_defects,dry,S ASHLAND AVE,traffic_signal,not_divided,clear,0,2017,67768
straight_and_level,1031,improper_lane_usage,functioning_properly,0,2,sideswipe_same_direction,0,7,0,0,2,0,0,0,2,41.836116157,daylight,-87.72418623,7,no_indication_of_injury,2,30,no_defects,dry,S PULASKI RD,traffic_signal,not_divided,clear,0,2017,58769
straight_and_level,725,disregarding_traffic_signals,functioning_properly,0,0,angle,1,0,0,0,2,0,0,1,2,41.772237625,darkness,-87.659312137,7,no_indication_of_injury,2,30,unknown,dry,S LOOMIS BLVD,stop_sign/flasher,divided_-_w/median_barrier,clear,0,2017,71210
straight_and_level,1214,failing_to_yield_right-of-way,no_controls,0,5,sideswipe_same_direction,0,12,0,0,3,0,0,0,4,41.895841973,daylight,-87.654818972,7,no_indication_of_injury,2,25,no_defects,dry,N OGDEN AVE,no_controls,not_divided,clear,0,2017,84791
straight_and_level,1214,improper_overtaking/passing,no_controls,0,1,sideswipe_same_direction,0,12,0,0,2,0,0,0,2,41.885810137,daylight,-87.641188011,7,no_indication_of_injury,2,30,no_defects,dry,W LAKE ST,no_controls,divided_-_w/median_barrier,cloudy/overcast,0,2017,57450
straight_and_level,811,failing_to_yield_right-of-way,functioning_properly,0,3,turning,1,14,0,0,2,0,0,1,4,41.792290606,daylight,-87.790294904,7,no_indication_of_injury,2,35,no_defects,wet,W ARCHER AVE,stop_sign/flasher,other,rain,0,2017,81468
straight_and_level,1832,improper_overtaking/passing,functioning_properly,0,6,turning,0,15,0,0,4,0,0,1,3,41.894139778,daylight,-87.631264298,7,no_indication_of_injury,2,30,no_defects,dry,W ERIE ST,traffic_signal,one-way,clear,0,2017,78104
straight_and_level,1622,failing_to_yield_right-of-way,functioning_properly,0,3,turning,0,7,0,0,1,1,0,1,2,41.975780674,daylight,-87.776902981,7,nonincapacitating_injury,2,30,no_defects,dry,W FOSTER AVE,stop_sign/flasher,divided_-_w/median_(not_raised),clear,0,2017,65047
straight_and_level,925,improper_turning/no_signal,functioning_properly,0,0,turning,1,20,0,0,2,0,0,1,2,41.81450637,unknown,-87.639437371,7,no_indication_of_injury,2,30,no_defects,unknown,S PARNELL AVE,stop_sign/flasher,not_divided,unknown,0,2017,70626
straight_and_level,235,driving_skills/knowledge/experience,no_controls,1,5,parked_motor_vehicle,1,17,0,0,1,0,0,0,1,41.794361735,daylight,-87.592556511,7,no_indication_of_injury,2,20,no_defects,dry,E PARK PL,no_controls,one-way,clear,0,2017,59140
straight_and_level,925,improper_lane_usage,no_controls,0,4,sideswipe_same_direction,0,16,0,0,5,0,0,0,2,41.810596557,daylight,-87.645730121,7,no_indication_of_injury,5,30,no_defects,dry,S HALSTED ST,no_controls,divided_-_w/median_(not_raised),clear,0,2017,66428
straight_and_level,1234,unable_to_determine,no_controls,0,6,parked_motor_vehicle,1,22,0,0,1,0,0,0,2,41.857725992,daylight,-87.668801147,7,no_indication_of_injury,2,30,no_defects,dry,S PAULINA ST,no_controls,divided_-_w/median_(not_raised),clear,0,2017,73738
straight_and_level,1222,following_too_closely,functioning_properly,0,1,rear_end,1,8,0,0,2,0,0,1,2,41.881882377,daylight,-87.696430812,7,no_indication_of_injury,2,30,no_defects,wet,W WARREN BLVD,traffic_signal,one-way,cloudy/overcast,0,2017,62102
straight_and_level,1111,exceeding_authorized_speed_limit,no_controls,0,3,rear_end,1,1,0,0,2,0,0,0,1,41.901310759,"darkness,_lighted_road",-87.728575583,7,no_indication_of_injury,3,30,unknown,dry,N KARLOV AVE,stop_sign/flasher,one-way,clear,0,2017,67530
straight_and_level,2022,improper_lane_usage,functioning_properly,0,0,fixed_object,0,18,0,0,1,0,0,0,1,41.983765366,daylight,-87.658192247,7,no_indication_of_injury,2,30,no_defects,dry,W BRYN MAWR AVE,traffic_signal,divided_-_w/median_(not_raised),clear,0,2017,73189
straight_and_level,123,unable_to_determine,no_controls,0,3,sideswipe_same_direction,0,17,0,0,2,0,0,0,2,41.873659257,daylight,-87.624359498,7,no_indication_of_injury,2,30,no_defects,dry,S MICHIGAN AVE,no_controls,not_divided,clear,0,2017,71552
straight_and_level,1633,not_applicable,not_functioning,0,3,parked_motor_vehicle,0,22,0,0,2,0,0,0,2,41.94924586,"darkness,_lighted_road",-87.767018013,7,no_indication_of_injury,2,30,no_defects,dry,N CENTRAL AVE,no_controls,divided_-_w/median_(not_raised),clear,0,2017,63870
straight_and_level,1011,failing_to_yield_right-of-way,no_controls,0,2,angle,0,8,0,0,2,0,1,0,1,41.865502822,daylight,-87.73386522,7,"reported,_not_evident",3,30,no_defects,dry,S KOLIN AVE,no_controls,one-way,clear,0,2017,73728
straight_and_level,622,improper_overtaking/passing,no_controls,0,2,parked_motor_vehicle,0,8,0,0,1,0,0,0,2,41.738902607,daylight,-87.64102406,7,no_indication_of_injury,2,35,no_defects,dry,S VINCENNES AVE,no_controls,not_divided,clear,0,2017,75518
straight_and_level,1122,failing_to_reduce_speed_to_avoid_crash,functioning_properly,0,6,rear_end,1,13,0,0,2,0,1,0,1,41.88965162,daylight,-87.725774038,7,"reported,_not_evident",3,30,unknown,dry,N PULASKI RD,traffic_signal,not_divided,clear,0,2017,84103
straight_and_level,1931,disregarding_road_markings,functioning_properly,0,4,sideswipe_opposite_direction,1,9,0,0,4,0,0,0,2,41.939469192,daylight,-87.677705739,7,no_indication_of_injury,2,30,no_defects,dry,W BELMONT AVE,traffic_signal,divided_-_w/median_(not_raised),clear,0,2017,75836
straight_and_level,511,unable_to_determine,functioning_properly,0,6,sideswipe_same_direction,1,16,0,0,2,0,0,1,3,41.722257273,daylight,-87.585275565,7,no_indication_of_injury,2,30,no_defects,dry,S STONY ISLAND AVE,traffic_signal,not_divided,clear,0,2017,73768
straight_and_level,1111,improper_lane_usage,functioning_properly,0,4,turning,1,8,0,0,1,0,1,1,4,41.894959094,daylight,-87.745658899,7,"reported,_not_evident",2,30,no_defects,dry,N CICERO AVE,traffic_signal,not_divided,clear,0,2017,74329
straight_and_level,1611,"operating_vehicle_in_erratic,_reckless,_careless,_negligent_or_aggressive_manner",functioning_properly,0,3,pedalcyclist,1,6,0,1,1,0,0,0,4,41.997455724,daylight,-87.788407404,7,incapacitating_injury,2,30,no_defects,dry,W DEVON AVE,traffic_signal,divided_-_w/median_(not_raised),clear,0,2017,130440
straight_and_level,524,unable_to_determine,unknown,0,5,rear_end,0,16,0,0,2,0,0,0,2,41.676137841,daylight,-87.641998858,7,no_indication_of_injury,2,30,unknown,dry,S HALSTED ST,traffic_signal,not_divided,clear,0,2017,84178
straight_and_level,1613,following_too_closely,no_controls,0,4,rear_end,0,8,0,0,2,0,0,0,2,41.979364062,daylight,-87.787950772,7,no_indication_of_injury,2,30,no_defects,wet,N NAGLE AVE,no_controls,not_divided,rain,0,2017,82494
straight_and_level,1712,failing_to_reduce_speed_to_avoid_crash,functioning_properly,0,1,rear_end,0,11,0,0,3,0,0,0,4,41.975257338,daylight,-87.747841434,7,no_indication_of_injury,2,30,no_defects,dry,N CICERO AVE,traffic_signal,not_divided,clear,0,2017,63358
straight_and_level,914,improper_backing,no_controls,0,2,parked_motor_vehicle,0,12,0,0,1,0,0,0,2,41.852100768,daylight,-87.634637142,7,no_indication_of_injury,2,25,no_defects,dry,S PRINCETON AVE,no_controls,divided_-_w/median_(not_raised),clear,0,2017,83023
straight_and_level,1634,failing_to_yield_right-of-way,functioning_properly,0,0,angle,0,18,0,0,2,0,0,1,2,41.939948685,daylight,-87.756879567,7,no_indication_of_injury,2,30,no_defects,dry,N LARAMIE AVE,stop_sign/flasher,not_divided,clear,0,2017,57990
straight_and_level,1112,unable_to_determine,unknown,0,6,sideswipe_opposite_direction,0,21,0,0,2,0,0,0,2,41.902193174,"darkness,_lighted_road",-87.716738527,7,no_indication_of_injury,2,30,unknown,dry,W GRAND AVE,traffic_signal,not_divided,clear,0,2017,65719
straight_and_level,611,unable_to_determine,no_controls,0,1,parked_motor_vehicle,1,7,0,0,1,0,0,0,1,41.746771125,unknown,-87.66749044,7,no_indication_of_injury,2,30,no_defects,dry,W 81ST ST,no_controls,one-way,clear,0,2017,68163
straight_and_level,124,disregarding_traffic_signals,functioning_properly,0,2,sideswipe_same_direction,0,13,0,0,3,0,0,1,0,41.86742412,daylight,-87.634764845,7,no_indication_of_injury,2,30,no_defects,dry,W ROOSEVELT RD,traffic_signal,divided_-_w/median_(not_raised),clear,0,2017,62478
straight_on_grade,132,improper_lane_usage,no_controls,0,6,angle,0,23,0,0,5,0,0,0,1,41.862628294,unknown,-87.615031094,7,no_indication_of_injury,2,0,no_defects,dry,S MUSEUM CAMPUS DR,no_controls,parking_lot,clear,0,2017,74809
straight_and_level,1215,failing_to_yield_right-of-way,no_controls,0,6,sideswipe_same_direction,0,10,0,0,2,0,0,0,2,41.886510246,daylight,-87.660695736,7,no_indication_of_injury,2,30,no_defects,dry,W FULTON ST,no_controls,divided_-_w/median_(not_raised),cloudy/overcast,0,2017,79395
straight_and_level,1213,unable_to_determine,no_controls,0,0,rear_end,0,20,0,0,2,0,0,0,2,41.903205376,"darkness,_lighted_road",-87.669371465,7,no_indication_of_injury,2,35,no_defects,dry,W DIVISION ST,no_controls,not_divided,clear,0,2017,64734
straight_and_level,133,unable_to_determine,no_controls,0,2,sideswipe_same_direction,1,8,0,0,2,0,0,0,6,41.840037058,daylight,-87.608818035,7,no_indication_of_injury,2,45,no_defects,dry,S LAKE SHORE DR NB,no_controls,divided_-_w/median_barrier,clear,0,2017,71079
straight_and_level,824,improper_overtaking/passing,functioning_properly,0,5,sideswipe_same_direction,0,6,0,0,2,0,0,1,6,41.79337566,daylight,-87.683882094,7,no_indication_of_injury,2,30,no_defects,dry,S WESTERN AVE,traffic_signal,not_divided,clear,0,2017,57572
straight_and_level,833,following_too_closely,functioning_properly,0,6,rear_end,0,15,0,0,5,0,0,0,6,41.760388239,daylight,-87.741627169,7,no_indication_of_injury,2,30,no_defects,dry,S CICERO AVE,traffic_signal,not_divided,clear,0,2017,71343
straight_and_level,2523,following_too_closely,no_controls,0,0,rear_end,0,13,0,0,1,0,1,0,2,41.931925689,daylight,-87.724916628,7,"reported,_not_evident",2,30,no_defects,dry,W DIVERSEY AVE,no_controls,divided_-_w/median_(not_raised),clear,0,2017,76307
straight_and_level,2512,unable_to_determine,no_controls,0,4,rear_end,0,17,0,0,5,0,0,0,2,41.92926305,daylight,-87.785501301,7,no_indication_of_injury,3,30,no_defects,dry,N NARRAGANSETT AVE,no_controls,divided_-_w/median_(not_raised),clear,0,2017,72872
straight_and_level,811,disregarding_other_traffic_signs,functioning_properly,0,5,turning,0,8,0,0,2,0,0,1,5,41.795591678,daylight,-87.762400305,7,no_indication_of_injury,2,30,no_defects,dry,S ARCHER AVE,traffic_signal,divided_-_w/median_(not_raised),clear,0,2017,59801
straight_and_level,411,unable_to_determine,unknown,0,4,turning,1,16,0,0,2,0,0,1,4,41.751460603,daylight,-87.585971993,7,no_indication_of_injury,2,30,unknown,dry,S STONY ISLAND AVE,unknown,not_divided,clear,0,2017,68617
straight_and_level,122,following_too_closely,functioning_properly,0,1,rear_end,0,7,0,0,2,0,0,0,3,41.886589589,daylight,-87.635284496,7,no_indication_of_injury,2,30,no_defects,dry,N FRANKLIN ST,traffic_signal,one-way,clear,0,2017,79414
straight_and_level,1234,unable_to_determine,functioning_properly,0,6,angle,0,16,0,0,2,0,0,1,2,41.854911319,daylight,-87.675772566,7,no_indication_of_injury,2,30,no_defects,dry,S DAMEN AVE,stop_sign/flasher,not_divided,clear,0,2017,75980
straight_and_level,1113,disregarding_traffic_signals,functioning_properly,0,4,angle,1,7,0,0,5,0,0,1,4,41.876926589,daylight,-87.745039137,7,no_indication_of_injury,2,30,no_defects,dry,W JACKSON BLVD,traffic_signal,divided_-_w/median_(not_raised),clear,0,2017,82427
straight_and_level,1631,improper_lane_usage,functioning_properly,0,3,turning,0,7,0,0,2,0,0,1,2,41.938105479,daylight,-87.806809552,7,no_indication_of_injury,2,30,no_defects,dry,W BELMONT AVE,traffic_signal,not_divided,clear,0,2017,65743
straight_and_level,822,unable_to_determine,no_controls,0,1,angle,0,13,0,0,2,0,0,0,1,41.795181181,daylight,-87.711094474,7,no_indication_of_injury,2,25,no_defects,dry,S ST LOUIS AVE,no_controls,parking_lot,clear,0,2017,84154
straight_and_level,2011,unable_to_determine,no_controls,0,3,parked_motor_vehicle,1,10,0,0,1,0,0,0,0,41.978679843,daylight,-87.697077028,7,no_indication_of_injury,2,15,no_defects,dry,W SUMMERDALE AVE,no_controls,parking_lot,clear,0,2017,77279
straight_and_level,2531,improper_turning/no_signal,functioning_properly,0,2,sideswipe_same_direction,0,16,0,0,2,0,0,1,4,41.909362791,daylight,-87.775643661,7,no_indication_of_injury,2,30,no_defects,dry,W NORTH AVE,traffic_signal,not_divided,clear,0,2017,69637
straight_and_level,1812,following_too_closely,no_controls,0,4,rear_end,0,13,0,0,2,0,0,0,2,41.925284084,daylight,-87.652583452,7,no_indication_of_injury,2,30,no_defects,dry,W FULLERTON AVE,no_controls,divided_-_w/median_(not_raised),clear,0,2017,84444
straight_and_level,1814,improper_backing,no_controls,0,5,parked_motor_vehicle,1,1,0,0,1,0,0,0,2,41.923900426,"darkness,_lighted_road",-87.638174073,7,no_indication_of_injury,2,30,no_defects,dry,W BELDEN AVE,no_controls,not_divided,clear,0,2017,78557
straight_and_level,823,unable_to_determine,no_controls,0,1,pedestrian,0,18,0,0,1,1,0,0,1,41.778290019,daylight,-87.697172886,7,nonincapacitating_injury,2,15,"rut,_holes",dry,S RICHMOND ST,no_controls,one-way,clear,0,2017,84139
straight_and_level,2423,improper_backing,no_controls,0,0,rear_end,0,22,0,0,2,0,0,0,1,42.009192166,darkness,-87.665634513,7,no_indication_of_injury,2,30,no_defects,dry,N GLENWOOD AVE,no_controls,one-way,clear,0,2017,69665
straight_and_level,313,unable_to_determine,no_controls,0,3,parked_motor_vehicle,1,10,0,0,1,0,0,0,0,41.780547574,daylight,-87.60393831,7,no_indication_of_injury,2,30,no_defects,dry,E 63RD ST,no_controls,parking_lot,clear,0,2017,65118
straight_and_level,935,disregarding_traffic_signals,functioning_properly,0,0,turning,1,23,0,0,2,0,0,1,4,41.794560071,"darkness,_lighted_road",-87.631928475,7,no_indication_of_injury,2,30,no_defects,dry,S WELLS ST,traffic_signal,other,clear,0,2017,66765
straight_and_level,1125,unable_to_determine,functioning_properly,0,3,sideswipe_same_direction,0,14,0,0,2,0,0,0,4,41.876333522,daylight,-87.686427245,7,no_indication_of_injury,2,30,no_defects,dry,S WESTERN AVE,traffic_signal,divided_-_w/median_barrier,clear,0,2017,63093
straight_and_level,1224,unable_to_determine,functioning_properly,0,5,rear_end,0,18,0,0,3,0,0,0,2,41.883406645,daylight,-87.666999004,7,no_indication_of_injury,2,30,no_defects,dry,W WASHINGTON BLVD,traffic_signal,not_divided,clear,0,2017,85793
straight_and_level,1831,following_too_closely,functioning_properly,0,4,turning,1,17,0,0,2,0,0,0,2,41.889573474,daylight,-87.634168729,7,no_indication_of_injury,2,20,no_defects,dry,N WELLS ST,traffic_signal,one-way,clear,0,2017,57668
straight_and_level,1823,following_too_closely,functioning_properly,0,4,rear_end,0,16,0,0,3,0,0,1,4,41.896639846,daylight,-87.638783949,7,no_indication_of_injury,2,30,no_defects,dry,W CHICAGO AVE,traffic_signal,divided_-_w/median_(not_raised),clear,0,2017,66326
straight_and_level,1931,improper_turning/no_signal,no_controls,0,4,parked_motor_vehicle,0,8,0,0,1,0,0,0,2,41.932233724,daylight,-87.673298246,7,no_indication_of_injury,2,30,no_defects,dry,W DIVERSEY PKWY,no_controls,not_divided,clear,0,2017,83985
straight_and_level,2532,unable_to_determine,unknown,0,0,parked_motor_vehicle,1,19,0,0,1,0,0,0,4,41.912024213,unknown,-87.755900551,7,no_indication_of_injury,2,30,unknown,unknown,N LARAMIE AVE,unknown,divided_-_w/median_(not_raised),unknown,0,2017,75116
straight_and_level,1113,failing_to_yield_right-of-way,functioning_properly,0,4,turning,0,21,0,0,3,2,0,1,2,41.880499451,"darkness,_lighted_road",-87.735595961,7,nonincapacitating_injury,2,30,no_defects,dry,W MADISON ST,traffic_signal,not_divided,clear,0,2017,83696
straight_and_level,1925,improper_turning/no_signal,no_controls,0,6,parked_motor_vehicle,0,15,0,0,1,0,0,0,2,41.946384652,daylight,-87.646524863,7,no_indication_of_injury,2,30,unknown,dry,N BROADWAY,no_controls,divided_-_w/median_(not_raised),clear,0,2017,62861
straight_and_level,1513,unable_to_determine,unknown,0,1,rear_end,0,8,0,0,2,0,0,0,4,41.878781052,daylight,-87.774464041,7,no_indication_of_injury,2,30,no_defects,wet,S AUSTIN BLVD,no_controls,not_divided,rain,0,2017,65348
straight_and_level,2515,improper_lane_usage,unknown,0,5,rear_end,1,11,0,0,3,0,0,0,4,41.919036716,unknown,-87.767942611,7,no_indication_of_injury,2,20,unknown,unknown,W GRAND AVE,no_controls,divided_-_w/median_(not_raised),unknown,0,2017,74347
straight_and_level,2533,unable_to_determine,no_controls,0,6,pedalcyclist,0,13,0,0,2,0,0,0,4,41.916527845,daylight,-87.752287056,7,no_indication_of_injury,2,30,unknown,dry,W GRAND AVE,no_controls,not_divided,clear,0,2017,130356
straight_and_level,123,improper_overtaking/passing,no_controls,0,2,sideswipe_same_direction,0,11,0,0,2,0,0,0,2,41.870152165,daylight,-87.630386356,7,no_indication_of_injury,2,30,no_defects,dry,S CLARK ST,no_controls,not_divided,clear,0,2017,79382
straight_and_level,1115,failing_to_yield_right-of-way,functioning_properly,0,2,angle,1,23,0,3,3,1,3,1,2,41.877110113,"darkness,_lighted_road",-87.732703156,7,incapacitating_injury,10,30,no_defects,dry,W JACKSON BLVD,stop_sign/flasher,not_divided,clear,0,2017,74389
straight_and_level,2234,unable_to_determine,no_controls,0,5,parked_motor_vehicle,0,16,0,0,2,0,0,0,2,41.688799606,daylight,-87.664207371,7,no_indication_of_injury,2,20,no_defects,dry,W WASECA PL,no_controls,not_divided,clear,0,2017,69436
straight_and_level,1524,improper_overtaking/passing,no_controls,0,6,angle,1,15,0,0,7,1,0,1,2,41.892837136,daylight,-87.765169673,7,nonincapacitating_injury,2,30,unknown,dry,N CENTRAL AVE,no_controls,divided_-_w/median_(not_raised),clear,0,2017,78626
straight_and_level,823,improper_lane_usage,no_controls,0,5,parked_motor_vehicle,0,19,0,0,1,0,0,0,1,41.782646307,daylight,-87.693738112,7,no_indication_of_injury,2,30,no_defects,dry,W 61ST ST,no_controls,one-way,clear,0,2017,76080
straight_and_level,112,improper_lane_usage,no_controls,0,0,sideswipe_same_direction,1,1,0,0,2,0,0,0,2,41.880674199,"darkness,_lighted_road",-87.626526943,7,no_indication_of_injury,2,30,no_defects,dry,E MONROE ST,no_controls,not_divided,clear,0,2017,58405
straight_and_level,1424,unable_to_determine,no_controls,0,5,turning,0,18,0,0,2,0,0,0,2,41.910355627,daylight,-87.678562494,7,no_indication_of_injury,2,30,no_defects,dry,W NORTH AVE,no_controls,not_divided,clear,0,2017,81115
straight_and_level,823,exceeding_authorized_speed_limit,no_controls,0,4,parked_motor_vehicle,1,0,0,0,1,0,0,0,1,41.776974538,"darkness,_lighted_road",-87.720141912,7,no_indication_of_injury,3,15,no_defects,wet,W 64TH ST,no_controls,one-way,rain,0,2017,71985
straight_and_level,1931,improper_overtaking/passing,no_controls,0,2,sideswipe_same_direction,1,8,0,0,3,0,0,0,1,41.932445362,daylight,-87.66854285,7,no_indication_of_injury,2,30,no_defects,dry,N ASHLAND AVE,no_controls,not_divided,clear,0,2017,77873
straight_on_grade,1112,failing_to_reduce_speed_to_avoid_crash,no_controls,0,2,rear_end,1,10,0,0,2,0,0,0,6,41.895317914,daylight,-87.719819009,7,no_indication_of_injury,2,30,no_defects,dry,W CHICAGO AVE,no_controls,not_divided,clear,0,2017,62762
straight_and_level,2212,unable_to_determine,unknown,0,6,sideswipe_same_direction,0,18,0,0,2,0,0,0,2,41.697730928,daylight,-87.679540539,7,no_indication_of_injury,2,10,unknown,dry,W 107TH PL,unknown,not_divided,clear,0,2017,59231
straight_and_level,1731,unable_to_determine,no_controls,0,2,turning,0,14,0,0,2,0,0,0,2,41.939152374,daylight,-87.73125116,7,no_indication_of_injury,2,30,no_defects,dry,W BELMONT AVE,no_controls,divided_-_w/median_(not_raised),clear,0,2017,79590
straight_and_level,833,failing_to_reduce_speed_to_avoid_crash,functioning_properly,0,5,rear_end,0,18,0,0,2,0,0,0,1,41.772230615,daylight,-87.722742805,7,no_indication_of_injury,2,30,no_defects,dry,S PULASKI RD,stop_sign/flasher,not_divided,clear,0,2017,76204
straight_and_level,124,unable_to_determine,no_controls,0,5,angle,0,13,0,0,2,0,0,0,4,41.860043275,daylight,-87.638867594,7,no_indication_of_injury,2,30,no_defects,dry,S CANAL ST,no_controls,divided_-_w/median_(not_raised),clear,0,2017,70274
straight_and_level,731,following_too_closely,functioning_properly,0,3,rear_end,1,12,0,0,2,0,0,1,4,41.761741411,daylight,-87.629833482,7,no_indication_of_injury,2,30,no_defects,dry,S VINCENNES AVE,traffic_signal,not_divided,clear,0,2017,67979
straight_and_level,835,disregarding_traffic_signals,functioning_properly,0,0,turning,0,17,0,0,1,2,0,1,4,41.742727966,daylight,-87.682824793,7,nonincapacitating_injury,3,45,no_defects,dry,S WESTERN AVE,traffic_signal,divided_-_w/median_(not_raised),clear,0,2017,64693
straight_and_level,1214,not_applicable,no_controls,0,1,parked_motor_vehicle,0,14,0,0,1,0,0,0,2,41.890988633,daylight,-87.655729868,7,no_indication_of_injury,2,30,no_defects,dry,W GRAND AVE,no_controls,not_divided,clear,0,2017,69318
straight_and_level,111,exceeding_safe_speed_for_conditions,functioning_properly,0,6,sideswipe_same_direction,0,22,0,0,2,0,0,0,6,41.885801546,darkness,-87.624659771,7,no_indication_of_injury,2,35,no_defects,dry,N MICHIGAN AVE,traffic_signal,divided_-_w/median_(not_raised),clear,0,2017,58019
straight_and_level,1834,improper_overtaking/passing,no_controls,0,6,pedalcyclist,0,16,0,0,2,0,0,0,2,41.891207841,daylight,-87.615130303,7,no_indication_of_injury,2,30,no_defects,dry,E ILLINOIS ST,no_controls,one-way,clear,0,2017,130394
straight_and_level,1824,following_too_closely,no_controls,0,5,rear_end,0,15,0,0,2,0,0,0,4,41.910390914,daylight,-87.625838215,7,no_indication_of_injury,2,30,no_defects,dry,N LAKE SHORE DR SB,no_controls,unknown,clear,0,2017,73907
straight_and_level,1824,unable_to_determine,no_controls,0,6,sideswipe_same_direction,0,18,0,0,2,0,0,1,2,41.901905554,daylight,-87.628493076,7,no_indication_of_injury,2,30,no_defects,dry,N STATE ST,no_controls,not_divided,clear,0,2017,85791
straight_and_level,332,improper_turning/no_signal,functioning_properly,0,0,turning,0,11,0,0,2,0,0,0,3,41.773345392,daylight,-87.57654792,7,no_indication_of_injury,2,30,no_defects,dry,E 67TH ST,traffic_signal,not_divided,clear,0,2017,74130
straight_and_level,2422,unable_to_determine,no_controls,0,1,parked_motor_vehicle,1,11,0,0,1,0,0,0,2,42.01945448,daylight,-87.669644104,7,no_indication_of_injury,2,30,no_defects,dry,N BOSWORTH AVE,no_controls,parking_lot,clear,0,2017,61228
straight_and_level,1111,unable_to_determine,no_controls,0,2,rear_end,0,14,0,0,3,0,0,0,2,41.898890733,daylight,-87.727358287,7,no_indication_of_injury,2,30,unknown,unknown,W AUGUSTA BLVD,no_controls,not_divided,clear,0,2017,60293
straight_and_level,1934,improper_lane_usage,functioning_properly,0,0,sideswipe_same_direction,0,16,0,0,5,0,0,0,3,41.939996992,daylight,-87.640236625,7,no_indication_of_injury,2,30,unknown,unknown,W BELMONT AVE,traffic_signal,not_divided,clear,0,2017,70021
straight_and_level,921,following_too_closely,functioning_properly,0,4,rear_end,1,14,0,0,2,0,0,0,2,41.822954294,daylight,-87.685012986,7,no_indication_of_injury,2,30,no_defects,dry,S WESTERN AVE,traffic_signal,not_divided,clear,0,2017,76460
straight_and_level,1711,not_applicable,no_controls,0,1,fixed_object,0,7,0,0,1,0,0,0,4,41.990371493,daylight,-87.718926493,7,no_indication_of_injury,1,30,no_defects,dry,W PETERSON AVE,no_controls,divided_-_w/median_(not_raised),clear,0,2017,63031