alignment,beat,contributory_cause,device_condition,dooring,dow,first_crash_type,hit_and_run,hour,injuries_fatal,injuries_incapacitating,injuries_no_indication,injuries_non_incapacitating,injuries_reported_not_evident,intersection_related,lane_count,latitude,lighting_condition,longitude,month,most_severe_injury,num_units,posted_speed_limit,road_defect,roadway_surface_cond,street,traffic_control_device,trafficway_type,weather_condition,work_zone,year,i
straight_and_level,511,unable_to_determine,no_controls,0,6,fixed_object,1,4,0,0,1,0,0,0,2,41.714980372,"darkness,_lighted_road",-87.598244695,7,no_indication_of_injury,1,30,no_defects,dry,E 99TH ST,no_controls,not_divided,clear,0,2017,63724
straight_and_level,614,unable_to_determine,no_controls,0,2,fixed_object,1,16,0,0,1,0,0,0,1,41.743416032,daylight,-87.672827721,7,no_indication_of_injury,1,30,unknown,unknown,S DAMEN AVE,no_controls,alley,unknown,0,2017,58423
straight_and_level,1431,following_too_closely,functioning_properly,0,5,rear_end,1,17,0,0,3,0,0,1,4,41.924964154,daylight,-87.692545352,7,no_indication_of_injury,2,30,no_defects,dry,W FULLERTON AVE,traffic_signal,not_divided,clear,0,2017,76435
straight_and_level,334,improper_overtaking/passing,functioning_properly,0,6,turning,0,23,0,0,2,0,0,1,2,41.766195202,darkness,-87.562908182,7,no_indication_of_injury,2,30,unknown,dry,S SOUTH SHORE DR,stop_sign/flasher,not_divided,clear,0,2017,79011
straight_and_level,814,unable_to_determine,functioning_properly,0,4,rear_end,0,17,0,0,2,0,0,0,2,41.797273709,daylight,-87.75298542,7,no_indication_of_injury,2,30,no_defects,dry,S ARCHER AVE,traffic_signal,not_divided,clear,0,2017,83910
straight_and_level,222,unable_to_determine,no_controls,0,0,parked_motor_vehicle,1,12,0,0,1,0,0,0,2,41.814552044,daylight,-87.595554137,7,no_indication_of_injury,2,35,no_defects,dry,S OAKENWALD AVE,no_controls,other,clear,0,2017,85119
straight_and_level,114,"operating_vehicle_in_erratic,_reckless,_careless,_negligent_or_aggressive_manner",no_controls,0,6,parked_motor_vehicle,1,4,0,0,1,0,0,0,3,41.887556041,"darkness,_lighted_road",-87.619655093,7,no_indication_of_injury,2,30,no_defects,dry,E WACKER DR,no_controls,not_divided,clear,0,2017,82520
straight_and_level,813,failing_to_reduce_speed_to_avoid_crash,no_controls,0,3,rear_end,1,19,0,0,2,0,0,0,2,41.77834177,daylight,-87.740418668,7,no_indication_of_injury,2,30,no_defects,dry,W 63RD ST,no_controls,not_divided,clear,0,2017,60999
straight_and_level,2413,following_too_closely,no_controls,0,1,rear_end,0,13,0,0,2,0,0,0,2,41.990743984,daylight,-87.707735667,7,no_indication_of_injury,2,30,no_defects,dry,N LINCOLN AVE,traffic_signal,not_divided,clear,0,2017,75771
straight_and_level,1925,unable_to_determine,no_controls,0,5,sideswipe_opposite_direction,0,16,0,0,2,0,0,1,4,41.940205866,daylight,-87.640956411,7,no_indication_of_injury,2,30,no_defects,dry,W BELMONT AVE,no_controls,not_divided,clear,0,2017,83604
straight_and_level,124,unable_to_determine,functioning_properly,0,1,head_on,0,14,0,0,4,0,0,1,4,41.874480012,daylight,-87.642498786,7,no_indication_of_injury,2,30,no_defects,dry,W HARRISON ST,traffic_signal,not_divided,clear,0,2017,83359
straight_and_level,1531,"operating_vehicle_in_erratic,_reckless,_careless,_negligent_or_aggressive_manner",no_controls,0,4,sideswipe_same_direction,0,11,0,0,2,0,0,0,4,41.894361532,daylight,-87.74593258,7,no_indication_of_injury,2,25,no_defects,dry,N CICERO AVE,no_controls,divided_-_w/median_(not_raised),clear,0,2017,85158
straight_and_level,1911,road_engineering/surface/marking_defects,no_controls,0,6,fixed_object,0,11,0,0,1,0,0,0,4,41.954215658,daylight,-87.682185645,7,no_indication_of_injury,1,30,"rut,_holes",dry,W IRVING PARK RD,no_controls,divided_-_w/median_(not_raised),clear,0,2017,83644
straight_and_level,835,unable_to_determine,functioning_properly,0,4,turning,0,7,0,0,2,0,0,0,2,41.759172409,darkness,-87.684465877,7,no_indication_of_injury,2,30,no_defects,wet,S ARTESIAN AVE,stop_sign/flasher,not_divided,rain,0,2017,80045
straight_and_level,2532,distraction_-_from_inside_vehicle,no_controls,0,1,fixed_object,0,20,0,0,1,0,0,0,1,41.903932188,dusk,-87.757538015,7,no_indication_of_injury,1,30,no_defects,dry,W POTOMAC AVE,no_controls,alley,clear,0,2017,64449
straight_and_level,1114,following_too_closely,no_controls,0,4,rear_end,0,11,0,0,4,0,0,1,2,41.88339231,daylight,-87.725893439,7,no_indication_of_injury,2,35,no_defects,dry,N PULASKI RD,no_controls,not_divided,clear,0,2017,63401
straight_and_level,334,driving_skills/knowledge/experience,no_controls,0,1,sideswipe_same_direction,0,12,0,0,2,0,0,0,2,41.764183859,daylight,-87.560547702,7,no_indication_of_injury,2,35,no_defects,dry,S SOUTH SHORE DR,no_controls,not_divided,clear,0,2017,78690
straight_and_level,1113,failing_to_reduce_speed_to_avoid_crash,no_controls,0,4,fixed_object,0,20,0,0,1,0,0,0,4,41.886404836,dusk,-87.740285418,7,no_indication_of_injury,1,30,no_defects,dry,W LAKE ST,no_controls,not_divided,clear,0,2017,61993
straight_and_level,814,failing_to_yield_right-of-way,no_controls,0,4,turning,0,8,0,0,2,0,0,1,0,41.81483675,daylight,-87.743501481,7,no_indication_of_injury,2,30,no_defects,dry,S CICERO AVE,no_controls,other,clear,0,2017,81380
straight_and_level,814,failing_to_yield_right-of-way,functioning_properly,0,1,turning,0,22,0,0,2,0,0,1,4,41.807530373,"darkness,_lighted_road",-87.743296821,7,no_indication_of_injury,2,30,no_defects,dry,S CICERO AVE,traffic_signal,not_divided,clear,0,2017,85272
straight_and_level,735,failing_to_yield_right-of-way,no_controls,0,5,turning,0,13,0,0,2,0,0,0,2,41.764713187,daylight,-87.673678489,7,no_indication_of_injury,2,30,no_defects,dry,S DAMEN AVE,no_controls,other,clear,0,2017,68781
straight_and_level,2522,"distraction_-_other_electronic_device_(navigation_device,_dvd_player,_etc.)",functioning_properly,0,5,parked_motor_vehicle,1,17,0,0,1,0,0,0,1,41.918771726,daylight,-87.753597363,7,no_indication_of_injury,2,30,no_defects,dry,W DICKENS AVE,stop_sign/flasher,one-way,clear,0,2017,64731
straight_and_level,723,weather,functioning_properly,0,3,angle,0,14,0,0,4,1,0,1,6,41.77258118,daylight,-87.64466131,7,nonincapacitating_injury,3,30,no_defects,wet,W MARQUETTE RD,traffic_signal,not_divided,rain,0,2017,81458
straight_and_level,1224,"vision_obscured_(signs,_tree_limbs,_buildings,_etc.)",no_controls,0,6,angle,0,18,0,0,3,0,0,0,2,41.883740219,daylight,-87.649606658,7,no_indication_of_injury,2,30,no_defects,dry,N PEORIA ST,no_controls,not_divided,clear,0,2017,84384
straight_and_level,1833,unable_to_determine,functioning_properly,0,4,rear_end,0,13,0,0,2,0,0,0,2,41.896665284,daylight,-87.62535663,7,no_indication_of_injury,2,30,no_defects,dry,N RUSH ST,traffic_signal,not_divided,clear,0,2017,85918
straight_and_level,1722,failing_to_yield_right-of-way,functioning_properly,0,5,turning,1,20,0,0,3,0,0,1,4,41.964644766,"darkness,_lighted_road",-87.728076564,7,no_indication_of_injury,2,30,no_defects,wet,N PULASKI RD,traffic_signal,not_divided,rain,0,2017,67290
straight_and_level,2223,improper_overtaking/passing,no_controls,0,3,sideswipe_same_direction,1,11,0,0,2,0,0,0,2,41.72149898,daylight,-87.649051233,7,no_indication_of_injury,2,30,unknown,dry,W 95TH ST,no_controls,not_divided,clear,0,2017,80712
straight_and_level,2535,improper_turning/no_signal,unknown,0,0,turning,1,14,0,0,3,0,0,0,4,41.90579384,daylight,-87.726251137,7,no_indication_of_injury,2,35,unknown,dry,N PULASKI RD,traffic_signal,center_turn_lane,clear,0,2017,75995
straight_and_level,1024,improper_lane_usage,no_controls,0,4,sideswipe_opposite_direction,0,16,0,0,4,0,0,0,2,41.852042891,daylight,-87.711425455,7,no_indication_of_injury,2,30,no_defects,dry,W CERMAK RD,no_controls,not_divided,clear,0,2017,84136
straight_and_level,1831,following_too_closely,functioning_properly,0,6,rear_end,0,0,0,0,2,0,0,1,4,41.896503111,"darkness,_lighted_road",-87.637023571,7,no_indication_of_injury,2,25,no_defects,wet,N ORLEANS ST,traffic_signal,not_divided,rain,0,2017,64036
straight_and_level,2221,unable_to_determine,no_controls,0,1,turning,0,17,0,0,3,0,0,0,2,41.726981286,unknown,-87.662960032,7,no_indication_of_injury,2,35,unknown,unknown,S ASHLAND AVE,no_controls,not_divided,unknown,0,2017,62594
straight_and_level,1412,distraction_-_from_inside_vehicle,no_controls,0,3,parked_motor_vehicle,0,12,0,0,1,0,0,0,1,41.931545185,daylight,-87.714595705,7,no_indication_of_injury,2,30,no_defects,dry,N ST LOUIS AVE,no_controls,one-way,clear,0,2017,71954
straight_and_level,2525,improper_turning/no_signal,no_controls,0,5,parked_motor_vehicle,0,12,0,0,1,0,0,0,1,41.918884737,daylight,-87.726527367,7,no_indication_of_injury,2,25,no_defects,dry,W DICKENS AVE,no_controls,not_divided,cloudy/overcast,0,2017,70388
straight_and_level,832,unable_to_determine,no_controls,0,0,parked_motor_vehicle,1,16,0,0,1,0,0,0,1,41.774813582,daylight,-87.688261721,7,no_indication_of_injury,2,0,no_defects,dry,S ROCKWELL ST,no_controls,one-way,clear,0,2017,60138
straight_and_level,1712,improper_lane_usage,no_controls,0,5,sideswipe_same_direction,0,7,0,0,2,0,0,0,4,41.97527331,daylight,-87.742601968,7,no_indication_of_injury,2,35,no_defects,dry,W FOSTER AVE,no_controls,divided_-_w/median_(not_raised),clear,0,2017,70242
straight_and_level,1622,disregarding_traffic_signals,functioning_properly,0,2,pedalcyclist,0,23,0,0,1,1,0,0,2,41.970475861,"darkness,_lighted_road",-87.76767299,7,nonincapacitating_injury,2,30,no_defects,wet,W HIGGINS AVE,traffic_signal,not_divided,rain,0,2017,130385
straight_and_level,611,under_the_influence_of_alcohol/drugs_(use_when_arrest_is_effected),no_controls,0,6,parked_motor_vehicle,0,16,0,0,1,0,0,0,2,41.750211231,daylight,-87.666342428,7,no_indication_of_injury,4,30,no_defects,dry,W 79TH ST,no_controls,not_divided,clear,0,2017,71563
straight_and_level,1232,unable_to_determine,functioning_properly,0,1,parked_motor_vehicle,0,13,0,0,1,0,0,1,0,41.86716277,daylight,-87.653245118,7,no_indication_of_injury,2,30,no_defects,dry,W ROOSEVELT RD,traffic_signal,not_divided,clear,0,2017,75425
straight_and_level,1231,improper_turning/no_signal,functioning_properly,0,1,turning,0,12,0,0,3,0,0,0,4,41.874208969,daylight,-87.668964315,7,no_indication_of_injury,2,30,no_defects,dry,S PAULINA ST,traffic_signal,not_divided,clear,0,2017,79410
straight_and_level,1432,improper_backing,no_controls,0,5,parked_motor_vehicle,0,21,0,0,1,0,0,0,1,41.917607892,darkness,-87.687263997,7,no_indication_of_injury,2,15,unknown,wet,N WESTERN AVE,no_controls,parking_lot,rain,0,2017,58945
straight_and_level,1624,improper_turning/no_signal,no_controls,0,3,turning,0,14,0,0,2,0,0,0,4,41.954583072,daylight,-87.786466423,7,no_indication_of_injury,2,30,no_defects,dry,N NARRAGANSETT AVE,no_controls,not_divided,clear,0,2017,92313
straight_and_level,211,unable_to_determine,functioning_properly,0,4,angle,0,14,0,0,2,0,0,0,2,41.83660444,daylight,-87.621986267,7,no_indication_of_injury,2,35,no_defects,dry,E 32ND ST,stop_sign/flasher,other,clear,0,2017,79211
straight_and_level,421,unable_to_determine,unknown,0,5,turning,0,21,0,0,2,0,0,1,3,41.751838487,"darkness,_lighted_road",-87.566174561,7,no_indication_of_injury,2,30,unknown,unknown,E 79TH ST,traffic_signal,center_turn_lane,unknown,0,2017,67972
straight_and_level,122,unable_to_determine,no_controls,0,3,sideswipe_same_direction,0,13,0,0,2,0,0,0,3,41.886707304,daylight,-87.634150393,7,no_indication_of_injury,2,30,no_defects,wet,W WACKER DR,no_controls,one-way,rain,0,2017,82406
straight_and_level,1011,unable_to_determine,no_controls,0,3,angle,1,18,0,1,1,0,0,1,1,41.862613091,daylight,-87.726350016,7,incapacitating_injury,2,30,no_defects,dry,W 14TH ST,no_controls,one-way,clear,0,2017,67470
straight_and_level,923,unable_to_determine,no_controls,0,5,parked_motor_vehicle,0,9,0,0,1,0,0,0,1,41.794383423,daylight,-87.703437404,7,no_indication_of_injury,2,15,unknown,dry,S KEDZIE AVE,no_controls,parking_lot,clear,0,2017,63014
straight_and_level,831,disregarding_stop_sign,unknown,0,3,angle,1,19,0,0,2,0,0,0,1,41.773465341,daylight,-87.699485236,7,no_indication_of_injury,2,30,unknown,dry,S WHIPPLE ST,stop_sign/flasher,one-way,clear,0,2017,58258
straight_and_level,2532,bicycle_advancing_legally_on_red_light,no_controls,0,3,parked_motor_vehicle,0,0,0,0,1,0,0,1,2,41.904135102,"darkness,_lighted_road",-87.765578253,7,no_indication_of_injury,2,20,no_defects,dry,N CENTRAL AVE,no_controls,not_divided,clear,0,2017,72206
straight_and_level,2511,physical_condition_of_driver,functioning_properly,0,1,angle,0,4,0,0,2,0,0,1,2,41.931112322,"darkness,_lighted_road",-87.785631335,7,no_indication_of_injury,2,30,no_defects,dry,W DIVERSEY AVE,traffic_signal,divided_-_w/median_(not_raised),clear,0,2017,58207
straight_and_level,432,unable_to_determine,functioning_properly,0,6,rear_end,0,8,0,0,4,0,0,0,4,41.71239025,daylight,-87.534631482,7,no_indication_of_injury,2,30,no_defects,wet,S INDIANAPOLIS AVE,traffic_signal,divided_-_w/median_(not_raised),rain,0,2017,84403
straight_and_level,833,unable_to_determine,no_controls,0,2,sideswipe_same_direction,0,16,0,0,2,0,0,0,4,41.772874881,daylight,-87.741954621,7,no_indication_of_injury,2,25,no_defects,dry,S CICERO AVE,no_controls,divided_-_w/median_(not_raised),clear,0,2017,83040
straight_and_level,312,unable_to_determine,unknown,0,4,sideswipe_opposite_direction,1,8,0,0,2,0,0,0,2,41.777473946,daylight,-87.617117334,7,no_indication_of_injury,2,20,unknown,dry,S CALUMET AVE,unknown,parking_lot,clear,0,2017,63350
straight_and_level,612,improper_overtaking/passing,no_controls,0,0,sideswipe_same_direction,0,23,0,0,2,0,0,0,2,41.748901191,"darkness,_lighted_road",-87.658402856,7,no_indication_of_injury,2,30,no_defects,dry,S LOOMIS BLVD,no_controls,not_divided,clear,0,2017,77546
straight_and_level,1621,improper_lane_usage,functioning_properly,0,2,sideswipe_same_direction,1,17,0,0,2,0,0,0,4,41.996227791,daylight,-87.764331848,7,no_indication_of_injury,2,30,no_defects,dry,N CENTRAL AVE,traffic_signal,not_divided,clear,0,2017,58754
straight_and_level,1731,unable_to_determine,no_controls,0,6,fixed_object,0,20,0,0,1,0,0,0,1,41.939864294,dusk,-87.729465567,7,no_indication_of_injury,2,30,no_defects,dry,W MELROSE ST,no_controls,one-way,clear,0,2017,72074
straight_and_level,233,failing_to_yield_right-of-way,no_controls,0,1,angle,0,16,0,0,2,0,0,0,2,41.802256514,daylight,-87.599953141,7,no_indication_of_injury,2,15,no_defects,dry,S GREENWOOD AVE,no_controls,not_divided,clear,0,2017,79145
straight_and_level,1423,failing_to_reduce_speed_to_avoid_crash,no_controls,0,5,rear_end,0,12,0,0,3,0,0,0,2,41.903654353,daylight,-87.702023898,7,no_indication_of_injury,3,30,no_defects,dry,N HUMBOLDT DR,no_controls,not_divided,clear,0,2017,62267
straight_and_level,814,following_too_closely,no_controls,0,1,rear_end,1,2,0,0,3,0,0,0,4,41.81483675,"darkness,_lighted_road",-87.743501481,7,no_indication_of_injury,2,35,no_defects,dry,S CICERO AVE,no_controls,divided_-_w/median_barrier,clear,0,2017,65255
straight_and_level,412,failing_to_yield_right-of-way,no_controls,0,3,sideswipe_same_direction,0,12,0,0,2,0,0,0,2,41.737032342,daylight,-87.571018132,7,no_indication_of_injury,2,30,no_defects,dry,S PAXTON AVE,no_controls,not_divided,clear,0,2017,78480
straight_and_level,1114,driving_skills/knowledge/experience,no_controls,0,0,parked_motor_vehicle,0,15,0,0,1,0,0,0,2,41.884695489,daylight,-87.733841841,7,no_indication_of_injury,2,15,no_defects,dry,W MAYPOLE AVE,no_controls,not_divided,clear,0,2017,65269
straight_and_level,813,unable_to_determine,no_controls,0,1,angle,1,15,0,0,2,0,0,0,1,41.793155061,daylight,-87.723303765,8,no_indication_of_injury,2,25,no_defects,dry,S PULASKI RD,no_controls,other,clear,0,2017,81720
straight_and_level,215,improper_lane_usage,unknown,0,2,turning,0,22,0,0,2,0,0,1,2,41.816421843,daylight,-87.62347462,8,no_indication_of_injury,2,30,unknown,dry,E 43RD ST,traffic_signal,not_divided,clear,0,2017,66819
straight_and_level,2534,failing_to_yield_right-of-way,no_controls,0,3,sideswipe_same_direction,0,15,0,0,3,0,0,0,4,41.909699156,daylight,-87.732048845,8,no_indication_of_injury,2,30,no_defects,dry,W NORTH AVE,no_controls,not_divided,clear,0,2017,67808
straight_and_level,114,unable_to_determine,functioning_properly,0,5,sideswipe_same_direction,1,12,0,0,2,0,0,0,2,41.887750299,daylight,-87.624410868,8,no_indication_of_injury,2,30,no_defects,dry,N MICHIGAN AVE,traffic_signal,divided_-_w/median_barrier,clear,0,2017,79693
"curve,_level",1811,unable_to_determine,no_controls,0,3,other_object,1,2,0,0,1,0,0,0,1,41.922036312,darkness,-87.664773288,8,no_indication_of_injury,2,30,no_defects,dry,N CLYBOURN AVE,no_controls,other,clear,0,2017,85782
straight_and_level,1924,failing_to_reduce_speed_to_avoid_crash,functioning_properly,0,4,rear_end,0,12,0,0,4,0,0,0,2,41.942616105,daylight,-87.663748078,8,no_indication_of_injury,3,30,no_defects,dry,N SOUTHPORT AVE,stop_sign/flasher,not_divided,clear,0,2017,79197
straight_and_level,2412,failing_to_yield_right-of-way,no_controls,1,4,pedalcyclist,0,19,0,0,1,1,0,0,2,42.004694576,"darkness,_lighted_road",-87.702151052,8,nonincapacitating_injury,2,15,no_defects,dry,W PRATT BLVD,stop_sign/flasher,not_divided,clear,0,2017,130589
straight_and_level,1432,unable_to_determine,no_controls,0,5,parked_motor_vehicle,1,14,0,0,1,0,0,0,0,41.92820408,daylight,-87.682254827,8,no_indication_of_injury,2,30,no_defects,dry,N ELSTON AVE,no_controls,parking_lot,clear,0,2017,61466
straight_and_level,1614,following_too_closely,functioning_properly,0,3,rear_end,0,6,0,0,2,0,0,0,4,41.980505994,daylight,-87.836728628,8,no_indication_of_injury,2,35,no_defects,dry,N CUMBERLAND AVE,traffic_signal,divided_-_w/median_(not_raised),clear,0,2017,67620
straight_and_level,2223,failing_to_yield_right-of-way,functioning_properly,0,1,angle,0,10,0,0,0,1,3,1,3,41.714240501,daylight,-87.651464396,8,nonincapacitating_injury,2,30,no_defects,dry,W 99TH ST,stop_sign/flasher,not_divided,clear,0,2017,67220
straight_and_level,122,failing_to_yield_right-of-way,functioning_properly,0,3,pedestrian,1,11,0,0,2,0,0,1,3,41.881952496,daylight,-87.636583638,8,no_indication_of_injury,2,30,no_defects,dry,N LOWER WACKER DR,traffic_signal,divided_-_w/median_barrier,clear,0,2017,60347
straight_and_level,631,unable_to_determine,no_controls,0,4,sideswipe_same_direction,0,17,0,0,3,0,0,0,2,41.744117615,daylight,-87.60251769,8,no_indication_of_injury,2,30,unknown,dry,E 83RD ST,no_controls,not_divided,clear,0,2017,63761
straight_and_level,1822,following_too_closely,functioning_properly,0,5,rear_end,0,1,0,0,2,0,0,1,2,41.910830187,"darkness,_lighted_road",-87.653911114,8,no_indication_of_injury,2,30,no_defects,dry,N KINGSBURY ST,traffic_signal,divided_-_w/median_(not_raised),clear,0,2017,62703
straight_and_level,822,unable_to_determine,functioning_properly,0,1,angle,0,15,0,0,3,0,0,1,2,41.793603834,daylight,-87.704845561,8,no_indication_of_injury,2,30,no_defects,dry,W 55TH ST,stop_sign/flasher,not_divided,clear,0,2017,84071
straight_and_level,1421,physical_condition_of_driver,functioning_properly,0,3,rear_end,0,10,0,0,0,2,0,1,4,41.910285064,daylight,-87.701454997,8,nonincapacitating_injury,2,30,no_defects,dry,W NORTH AVE,traffic_signal,divided_-_w/median_barrier,clear,0,2017,71188
straight_and_level,124,driving_skills/knowledge/experience,no_controls,0,4,fixed_object,0,8,0,0,1,0,0,0,2,41.867815495,daylight,-87.639356375,8,no_indication_of_injury,1,35,no_defects,dry,S CANAL ST,no_controls,divided_-_w/median_(not_raised),clear,0,2017,61367
straight_and_level,1834,improper_overtaking/passing,no_controls,0,0,sideswipe_same_direction,0,20,0,0,2,0,0,0,3,41.892593226,"darkness,_lighted_road",-87.624334048,8,no_indication_of_injury,2,30,no_defects,dry,N MICHIGAN AVE,no_controls,divided_-_w/median_(not_raised),clear,0,2017,73078
straight_and_level,833,failing_to_yield_right-of-way,no_controls,0,3,parked_motor_vehicle,0,12,0,0,2,0,0,0,1,41.752248291,daylight,-87.717898007,8,no_indication_of_injury,2,30,no_defects,dry,W 77TH PL,no_controls,not_divided,clear,0,2017,71001
straight_and_level,2234,improper_turning/no_signal,functioning_properly,0,2,turning,0,10,0,0,2,0,0,1,3,41.692234723,daylight,-87.663184289,8,no_indication_of_injury,2,0,no_defects,wet,W 111TH ST,traffic_signal,not_divided,rain,0,2017,76543
straight_and_level,1111,unable_to_determine,no_controls,0,0,parked_motor_vehicle,1,12,0,0,1,0,0,0,1,41.896917502,unknown,-87.735420742,8,no_indication_of_injury,2,30,no_defects,unknown,W IOWA ST,no_controls,one-way,unknown,0,2017,69842
straight_and_level,1433,failing_to_reduce_speed_to_avoid_crash,functioning_properly,0,3,rear_end,0,10,0,0,2,0,0,1,4,41.910719243,daylight,-87.667840807,8,no_indication_of_injury,2,30,no_defects,dry,N ASHLAND AVE,traffic_signal,divided_-_w/median_(not_raised),clear,0,2017,85133
straight_and_level,1915,driving_skills/knowledge/experience,no_controls,0,4,parked_motor_vehicle,0,11,0,0,1,0,0,0,1,41.96139778,daylight,-87.654592975,8,no_indication_of_injury,2,20,no_defects,dry,N SHERIDAN RD,no_controls,parking_lot,clear,0,2017,60351
straight_and_level,1122,improper_lane_usage,no_controls,0,4,sideswipe_same_direction,0,14,0,0,2,0,0,0,2,41.888156732,daylight,-87.721132625,8,no_indication_of_injury,2,30,no_defects,dry,N HAMLIN AVE,no_controls,divided_-_w/median_(not_raised),clear,0,2017,79636
straight_and_level,1212,disregarding_traffic_signals,functioning_properly,0,3,angle,0,12,0,0,2,0,0,0,2,41.899594831,daylight,-87.677303736,8,no_indication_of_injury,2,30,no_defects,dry,N DAMEN AVE,traffic_signal,divided_-_w/median_(not_raised),clear,0,2017,60396
straight_and_level,2523,failing_to_reduce_speed_to_avoid_crash,functioning_properly,0,2,rear_end,0,19,0,0,2,0,0,1,2,41.931965005,dawn,-87.721712224,8,no_indication_of_injury,2,30,no_defects,dry,W DIVERSEY AVE,traffic_signal,not_divided,clear,0,2017,58825
straight_and_level,2232,exceeding_authorized_speed_limit,functioning_properly,0,5,angle,0,3,0,0,1,1,0,1,6,41.714118868,dusk,-87.643145408,8,nonincapacitating_injury,2,35,no_defects,dry,S HALSTED ST,traffic_signal,divided_-_w/median_barrier,clear,0,2017,57355
straight_and_level,1211,improper_lane_usage,no_controls,0,3,sideswipe_same_direction,0,8,0,0,2,0,0,0,2,41.899298862,daylight,-87.701866698,8,no_indication_of_injury,2,30,other,dry,N SACRAMENTO AVE,no_controls,divided_-_w/median_(not_raised),clear,1,2017,83441
straight_and_level,2213,failing_to_yield_right-of-way,functioning_properly,0,3,pedestrian,0,11,0,0,1,0,1,1,0,41.721198129,daylight,-87.655441607,8,"reported,_not_evident",2,30,no_defects,dry,W 95TH ST,stop_sign/flasher,not_divided,clear,0,2017,64185
straight_and_level,813,following_too_closely,functioning_properly,0,5,rear_end,0,23,0,0,3,0,0,1,6,41.780163084,"darkness,_lighted_road",-87.742494289,8,no_indication_of_injury,3,35,no_defects,dry,S CICERO AVE,traffic_signal,divided_-_w/median_(not_raised),clear,0,2017,63168
straight_and_level,1733,unable_to_determine,functioning_properly,0,3,pedalcyclist,0,17,0,0,1,1,0,1,4,41.953839738,daylight,-87.703188488,8,nonincapacitating_injury,2,30,no_defects,unknown,W IRVING PARK RD,traffic_signal,not_divided,clear,0,2017,130472
straight_and_level,1011,unable_to_determine,no_controls,0,6,parked_motor_vehicle,1,19,0,0,1,1,0,0,2,41.864979796,"darkness,_lighted_road",-87.734786729,8,nonincapacitating_injury,4,30,unknown,wet,S KOSTNER AVE,no_controls,divided_-_w/median_(not_raised),rain,0,2017,77467
straight_and_level,1914,unable_to_determine,no_controls,0,4,parked_motor_vehicle,1,7,0,0,1,0,0,0,1,41.96533475,daylight,-87.65377547,8,no_indication_of_injury,2,15,no_defects,wet,W WILSON AVE,no_controls,not_divided,rain,0,2017,78968
straight_and_level,1712,distraction_-_from_outside_vehicle,no_controls,0,2,rear_end,0,16,0,0,1,0,2,0,2,41.968478144,daylight,-87.716606248,8,"reported,_not_evident",3,30,no_defects,dry,W LAWRENCE AVE,no_controls,not_divided,clear,0,2017,72254
straight_and_level,1821,unable_to_determine,no_controls,0,1,pedalcyclist,0,18,0,0,1,1,0,1,1,41.904990616,daylight,-87.63437267,8,nonincapacitating_injury,2,30,no_defects,dry,N WELLS ST,no_controls,not_divided,clear,0,2017,130541
straight_and_level,722,improper_turning/no_signal,no_controls,0,3,sideswipe_same_direction,0,16,0,0,4,0,0,0,1,41.771751914,daylight,-87.626886316,8,no_indication_of_injury,2,30,no_defects,dry,S LAFAYETTE AVE,no_controls,one-way,clear,0,2017,79266
straight_and_level,413,exceeding_safe_speed_for_conditions,no_controls,0,2,head_on,0,12,0,0,3,0,0,0,1,41.730979256,daylight,-87.596349109,8,no_indication_of_injury,3,30,no_defects,dry,S UNIVERSITY AVE,no_controls,one-way,clear,0,2017,68344
straight_and_level,422,failing_to_yield_right-of-way,functioning_properly,0,0,pedestrian,1,10,0,0,1,1,0,1,2,41.751690031,daylight,-87.565164755,8,nonincapacitating_injury,2,35,no_defects,dry,S PHILLIPS AVE,stop_sign/flasher,not_divided,clear,0,2017,67399
straight_and_level,2233,"operating_vehicle_in_erratic,_reckless,_careless,_negligent_or_aggressive_manner",functioning_properly,0,1,rear_end,1,17,0,0,2,0,0,0,4,41.703185819,daylight,-87.642864592,8,no_indication_of_injury,2,30,no_defects,wet,S HALSTED ST,stop_sign/flasher,divided_-_w/median_barrier,clear,0,2017,75584
straight_and_level,432,improper_lane_usage,functioning_properly,0,5,turning,0,18,0,0,2,0,0,0,2,41.713948141,dawn,-87.534077227,8,no_indication_of_injury,2,30,no_defects,dry,E 100TH ST,traffic_signal,not_divided,clear,0,2017,76215
straight_and_level,1021,unable_to_determine,no_controls,0,6,parked_motor_vehicle,1,19,0,0,1,0,0,0,1,41.857252565,darkness,-87.713793604,8,no_indication_of_injury,2,15,no_defects,dry,S DRAKE AVE,no_controls,alley,clear,0,2017,78548
straight_and_level,124,improper_overtaking/passing,no_controls,0,4,rear_end,0,13,0,0,2,0,0,0,2,41.867156189,daylight,-87.640867111,8,no_indication_of_injury,2,30,no_defects,dry,S CLINTON ST,no_controls,not_divided,clear,0,2017,81072
straight_and_level,1831,unable_to_determine,functioning_properly,0,2,angle,0,16,0,0,4,0,0,1,2,41.890105642,daylight,-87.633068645,8,no_indication_of_injury,2,30,no_defects,dry,W HUBBARD ST,traffic_signal,not_divided,clear,0,2017,62621