alignment,beat,contributory_cause,device_condition,dooring,dow,first_crash_type,hit_and_run,hour,injuries_fatal,injuries_incapacitating,injuries_no_indication,injuries_non_incapacitating,injuries_reported_not_evident,intersection_related,lane_count,latitude,lighting_condition,longitude,month,most_severe_injury,num_units,posted_speed_limit,road_defect,roadway_surface_cond,street,traffic_control_device,trafficway_type,weather_condition,work_zone,year,i
straight_and_level,114,improper_turning/no_signal,no_controls,0,6,sideswipe_same_direction,0,18,0,0,3,0,0,0,6,41.867901844,daylight,-87.620296075,9,no_indication_of_injury,2,30,unknown,dry,S COLUMBUS DR,no_controls,not_divided,clear,0,2017,72545
straight_and_level,815,failing_to_yield_right-of-way,no_controls,0,5,turning,1,10,0,0,2,0,0,0,4,41.798505044,daylight,-87.723458737,9,no_indication_of_injury,2,30,no_defects,dry,S PULASKI RD,no_controls,divided_-_w/median_(not_raised),clear,0,2017,75456
straight_and_level,2031,unable_to_determine,functioning_properly,0,1,pedalcyclist,0,22,0,1,1,0,0,1,4,41.968644262,"darkness,_lighted_road",-87.688760113,9,incapacitating_injury,2,30,no_defects,dry,N WESTERN AVE,traffic_signal,not_divided,clear,0,2017,130652
straight_and_level,121,failing_to_yield_right-of-way,no_controls,0,4,sideswipe_same_direction,0,12,0,0,5,0,0,0,2,41.884875801,daylight,-87.642893485,9,no_indication_of_injury,2,30,no_defects,dry,N JEFFERSON ST,no_controls,one-way,clear,0,2017,65948
straight_and_level,122,driving_skills/knowledge/experience,no_controls,0,2,parked_motor_vehicle,1,0,0,0,1,0,0,0,1,41.879087647,"darkness,_lighted_road",-87.633901588,9,no_indication_of_injury,2,30,no_defects,dry,S WELLS ST,no_controls,one-way,clear,0,2017,57217
straight_and_level,1033,unable_to_determine,no_controls,0,3,pedalcyclist,0,18,0,0,1,1,0,0,2,41.848698752,daylight,-87.702562131,9,nonincapacitating_injury,2,30,no_defects,dry,S ALBANY AVE,no_controls,not_divided,clear,0,2017,130717
straight_and_level,1921,improper_backing,no_controls,0,2,rear_end,0,18,0,0,2,0,0,1,4,41.949716903,"darkness,_lighted_road",-87.688487715,9,no_indication_of_injury,2,35,no_defects,dry,N WESTERN AVE,no_controls,divided_-_w/median_(not_raised),clear,0,2017,78159
straight_and_level,124,improper_lane_usage,no_controls,0,2,turning,0,18,0,0,2,0,0,0,5,41.861826287,daylight,-87.638923646,9,no_indication_of_injury,2,30,no_defects,dry,S CANAL ST,no_controls,not_divided,clear,0,2017,74950
straight_and_level,1833,improper_backing,functioning_properly,0,3,rear_end,0,12,0,0,2,0,0,0,3,41.898287483,dawn,-87.623287883,9,no_indication_of_injury,2,0,no_defects,dry,E CHESTNUT ST,traffic_signal,one-way,cloudy/overcast,0,2017,59363
straight_and_level,831,following_too_closely,functioning_properly,0,4,rear_end,0,18,0,0,2,0,0,0,2,41.771670068,dusk,-87.710119859,9,no_indication_of_injury,2,30,no_defects,dry,W MARQUETTE RD,traffic_signal,divided_-_w/median_(not_raised),clear,0,2017,75010
straight_and_level,814,following_too_closely,functioning_properly,0,4,rear_end,0,13,0,0,2,0,0,0,4,41.807530373,daylight,-87.743296821,9,no_indication_of_injury,2,30,no_defects,dry,S CICERO AVE,traffic_signal,divided_-_w/median_(not_raised),clear,0,2017,70074
straight_and_level,733,failing_to_yield_right-of-way,no_controls,0,5,angle,0,15,0,0,4,0,0,1,2,41.759634931,daylight,-87.646842819,9,no_indication_of_injury,2,30,no_defects,dry,S PEORIA ST,stop_sign/flasher,not_divided,clear,0,2017,83582
straight_and_level,1933,failing_to_yield_right-of-way,no_controls,0,6,angle,0,16,0,0,2,0,0,0,2,41.932755075,daylight,-87.653488101,9,no_indication_of_injury,2,30,no_defects,dry,W DIVERSEY PKWY,no_controls,not_divided,clear,0,2017,59040
straight_and_level,122,unable_to_determine,unknown,0,2,sideswipe_same_direction,0,13,0,0,2,0,0,1,2,41.879410846,daylight,-87.637103957,9,no_indication_of_injury,2,30,no_defects,dry,S WACKER DR,traffic_signal,not_divided,clear,0,2017,64165
straight_and_level,2234,improper_backing,no_controls,0,6,angle,0,20,0,0,2,0,0,0,0,41.682468426,"darkness,_lighted_road",-87.662760863,9,no_indication_of_injury,2,0,no_defects,dry,S MARSHFIELD AVE,no_controls,parking_lot,clear,0,2017,71477
straight_and_level,2534,unable_to_determine,no_controls,0,4,parked_motor_vehicle,1,14,0,0,1,0,0,0,1,41.915400004,daylight,-87.733681441,9,no_indication_of_injury,2,30,no_defects,dry,N KILDARE AVE,no_controls,not_divided,clear,0,2017,82251
straight_and_level,2511,following_too_closely,no_controls,0,5,rear_end,0,16,0,0,2,0,0,0,2,41.932737485,daylight,-87.785894135,9,no_indication_of_injury,2,30,no_defects,dry,N NARRAGANSETT AVE,no_controls,not_divided,clear,0,2017,64302
straight_and_level,2523,"vision_obscured_(signs,_tree_limbs,_buildings,_etc.)",functioning_properly,0,1,parked_motor_vehicle,0,10,0,0,1,0,0,1,2,41.93525142,daylight,-87.717307633,9,no_indication_of_injury,2,35,no_defects,dry,N MILWAUKEE AVE,traffic_signal,divided_-_w/median_(not_raised),clear,1,2017,85214
straight_and_level,1011,cell_phone_use_other_than_texting,no_controls,0,3,parked_motor_vehicle,0,13,0,0,1,0,0,0,2,41.863237445,daylight,-87.728902077,9,no_indication_of_injury,2,30,no_defects,dry,S KEDVALE AVE,no_controls,not_divided,clear,0,2017,78990
straight_and_level,722,following_too_closely,functioning_properly,0,1,rear_end,0,16,0,0,2,0,0,1,2,41.779800116,daylight,-87.634965387,9,no_indication_of_injury,2,30,no_defects,dry,W 63RD ST,stop_sign/flasher,divided_-_w/median_(not_raised),clear,0,2017,63393
straight_and_level,821,unable_to_determine,no_controls,0,4,angle,0,15,0,0,2,0,0,0,4,41.803911189,daylight,-87.70400065,9,no_indication_of_injury,2,30,no_defects,dry,S KEDZIE AVE,no_controls,not_divided,clear,0,2017,60066
straight_and_level,412,unable_to_determine,no_controls,0,1,sideswipe_opposite_direction,0,12,0,0,2,0,0,0,1,41.736647164,daylight,-87.59709715,9,no_indication_of_injury,2,5,no_defects,dry,E 87TH ST,no_controls,parking_lot,clear,0,2017,81666
straight_and_level,1133,failing_to_yield_right-of-way,functioning_properly,0,1,angle,1,15,0,0,2,1,0,1,2,41.873467424,daylight,-87.72051086,9,nonincapacitating_injury,2,35,no_defects,dry,S INDEPENDENCE BLVD,traffic_signal,not_divided,clear,0,2017,68866
straight_and_level,811,unable_to_determine,no_controls,0,6,parked_motor_vehicle,0,8,0,0,1,0,0,0,1,41.799298402,daylight,-87.78187316,9,no_indication_of_injury,3,30,no_defects,dry,S NARRAGANSETT AVE,no_controls,not_divided,clear,0,2017,57648
straight_and_level,821,unable_to_determine,no_controls,0,2,sideswipe_same_direction,0,17,0,0,3,0,0,0,4,41.805875923,daylight,-87.704057814,9,no_indication_of_injury,2,30,no_defects,dry,S KEDZIE AVE,no_controls,not_divided,clear,0,2017,61272
straight_and_level,924,unable_to_determine,functioning_properly,0,1,turning,0,9,0,0,1,0,1,0,4,41.810085154,daylight,-87.664865856,9,"reported,_not_evident",2,30,no_defects,dry,S ASHLAND AVE,traffic_signal,not_divided,clear,0,2017,61648
straight_and_level,1533,unable_to_determine,functioning_properly,0,4,head_on,0,16,0,0,0,0,3,1,5,41.880562477,daylight,-87.74874512,9,"reported,_not_evident",2,30,no_defects,dry,W MADISON ST,traffic_signal,divided_-_w/median_(not_raised),clear,0,2017,63004
straight_and_level,834,unable_to_determine,no_controls,0,5,sideswipe_same_direction,0,14,0,0,2,0,0,0,1,41.746058037,daylight,-87.702436319,9,no_indication_of_injury,2,25,no_defects,dry,S KEDZIE AVE,no_controls,alley,clear,0,2017,84168
"curve,_level",1732,improper_backing,no_controls,0,5,parked_motor_vehicle,0,14,0,0,1,0,0,0,2,41.945040544,daylight,-87.71280989,9,no_indication_of_injury,2,10,no_defects,dry,N KIMBALL AVE,no_controls,not_divided,clear,0,2017,67255
straight_on_grade,434,distraction_-_from_inside_vehicle,functioning_properly,0,5,fixed_object,0,18,0,0,2,0,0,0,4,41.659366819,dusk,-87.582006392,9,no_indication_of_injury,1,35,worn_surface,dry,E 130TH ST,other,divided_-_w/median_(not_raised),clear,1,2017,73649
straight_and_level,2011,unable_to_determine,functioning_properly,0,6,pedestrian,0,11,0,0,1,1,0,0,4,41.990290027,daylight,-87.706541083,9,nonincapacitating_injury,2,35,no_defects,dry,W PETERSON AVE,traffic_signal,not_divided,clear,0,2017,77032
straight_and_level,413,unable_to_determine,no_controls,0,4,parked_motor_vehicle,1,9,0,0,1,0,0,0,2,41.729022985,daylight,-87.595092845,9,no_indication_of_injury,2,30,unknown,dry,S WOODLAWN AVE,no_controls,not_divided,clear,0,2017,59785
straight_and_level,833,improper_lane_usage,no_controls,0,6,rear_end,1,10,0,0,3,0,0,0,1,41.771732576,daylight,-87.723652714,9,no_indication_of_injury,3,15,no_defects,dry,S KOMENSKY AVE,no_controls,one-way,clear,0,2017,76033
straight_and_level,1021,improper_lane_usage,functioning_properly,0,3,sideswipe_same_direction,0,9,0,0,3,0,0,0,1,41.858930962,daylight,-87.710476879,9,no_indication_of_injury,2,35,no_defects,dry,S HOMAN AVE,traffic_signal,one-way,clear,0,2017,64523
straight_and_level,1713,not_applicable,functioning_properly,0,5,other_object,0,11,0,0,2,0,0,0,2,41.966119447,daylight,-87.701208753,9,no_indication_of_injury,1,25,no_defects,dry,N FRANCISCO AVE,railroad_crossing_gate,not_divided,clear,0,2017,57700
straight_and_level,922,improper_turning/no_signal,no_controls,0,4,turning,0,17,0,0,2,0,0,1,4,41.808217051,darkness,-87.694350035,9,no_indication_of_injury,2,30,no_defects,dry,S CALIFORNIA AVE,traffic_signal,divided_-_w/median_(not_raised),clear,0,2017,65843
straight_and_level,422,unable_to_determine,no_controls,0,5,parked_motor_vehicle,1,8,0,0,1,0,0,0,1,41.750031721,daylight,-87.549291804,9,no_indication_of_injury,2,30,no_defects,dry,E 80TH ST,no_controls,one-way,clear,0,2017,80758
straight_and_level,1621,unable_to_determine,no_controls,0,1,parked_motor_vehicle,1,13,0,0,1,0,0,0,1,41.97959355,daylight,-87.758589272,9,no_indication_of_injury,2,10,no_defects,dry,N ELSTON AVE,no_controls,parking_lot,clear,0,2017,69764
straight_and_level,1834,unable_to_determine,no_controls,0,2,rear_end,0,17,0,0,4,0,0,0,10,41.891118333,daylight,-87.614384685,9,no_indication_of_injury,3,40,no_defects,dry,N LAKE SHORE DR,no_controls,divided_-_w/median_barrier,clear,0,2017,59953
straight_and_level,1834,distraction_-_from_outside_vehicle,no_controls,0,3,parked_motor_vehicle,0,10,0,0,1,0,0,0,2,41.889383533,daylight,-87.61849022,9,no_indication_of_injury,2,30,no_defects,dry,E NORTH WATER ST,no_controls,not_divided,clear,0,2017,72458
straight_and_level,824,unable_to_determine,no_controls,0,6,parked_motor_vehicle,1,0,0,0,1,0,0,0,1,41.786727748,"darkness,_lighted_road",-87.686431733,9,no_indication_of_injury,2,20,no_defects,dry,S CAMPBELL AVE,no_controls,one-way,clear,0,2017,59036
straight_and_level,1133,failing_to_reduce_speed_to_avoid_crash,no_controls,0,6,sideswipe_same_direction,0,22,0,0,2,0,0,0,4,41.866413809,"darkness,_lighted_road",-87.714241675,9,no_indication_of_injury,2,30,unknown,dry,W ROOSEVELT RD,no_controls,divided_-_w/median_(not_raised),clear,0,2017,58136
straight_and_level,933,failing_to_yield_right-of-way,no_controls,0,3,sideswipe_same_direction,0,11,0,0,2,0,0,0,4,41.808532015,daylight,-87.662133295,9,no_indication_of_injury,3,30,no_defects,dry,W 47TH ST,no_controls,divided_-_w/median_(not_raised),clear,0,2017,85742
straight_and_level,1034,improper_backing,no_controls,0,5,pedestrian,0,15,0,0,2,1,0,0,1,41.852083696,daylight,-87.674651016,9,nonincapacitating_injury,3,5,no_defects,dry,W CERMAK RD,no_controls,parking_lot,clear,0,2017,59359
straight_and_level,833,driving_skills/knowledge/experience,no_controls,0,4,parked_motor_vehicle,0,22,0,0,2,0,0,0,2,41.769399923,"darkness,_lighted_road",-87.726122196,9,no_indication_of_injury,3,30,no_defects,dry,W 68TH ST,no_controls,not_divided,clear,0,2017,72081
straight_and_level,1831,cell_phone_use_other_than_texting,functioning_properly,0,2,angle,0,2,0,0,2,0,2,1,2,41.891757057,"darkness,_lighted_road",-87.629575107,10,"reported,_not_evident",2,30,no_defects,dry,W GRAND AVE,traffic_signal,one-way,clear,0,2017,65839
straight_and_level,1112,failing_to_yield_right-of-way,functioning_properly,0,2,angle,0,9,0,0,4,0,0,0,4,41.893734637,daylight,-87.716325764,10,no_indication_of_injury,2,30,no_defects,dry,W HURON ST,stop_sign/flasher,divided_-_w/median_(not_raised),clear,0,2017,85543
straight_and_level,814,unable_to_determine,functioning_properly,0,5,turning,1,5,0,0,3,0,0,0,4,41.807727017,"darkness,_lighted_road",-87.743229366,10,no_indication_of_injury,3,30,no_defects,wet,W 47TH ST,traffic_signal,divided_-_w/median_(not_raised),rain,0,2017,73500
straight_and_level,622,unable_to_determine,functioning_properly,0,5,turning,0,14,0,0,1,0,1,1,4,41.738527481,daylight,-87.641701343,10,"reported,_not_evident",2,30,no_defects,dry,S VINCENNES AVE,traffic_signal,not_divided,clear,0,2017,79507
straight_and_level,1424,unable_to_determine,no_controls,0,6,sideswipe_same_direction,0,11,0,0,2,0,0,0,4,41.903683345,daylight,-87.667357761,10,no_indication_of_injury,2,30,no_defects,dry,N ASHLAND AVE,no_controls,not_divided,clear,0,2017,66467
straight_and_level,1611,unable_to_determine,no_controls,0,6,parked_motor_vehicle,1,2,0,0,1,0,0,0,2,41.9899228,"darkness,_lighted_road",-87.794557978,10,no_indication_of_injury,2,30,no_defects,dry,N NORTHWEST HWY,no_controls,not_divided,clear,0,2017,57311
straight_and_level,1824,unable_to_determine,functioning_properly,0,5,sideswipe_same_direction,1,12,0,0,2,0,0,0,2,41.901679928,daylight,-87.627580407,10,no_indication_of_injury,2,25,no_defects,dry,E BELLEVUE PL,stop_sign/flasher,not_divided,clear,0,2017,63862
straight_and_level,725,under_the_influence_of_alcohol/drugs_(use_when_arrest_is_effected),no_controls,0,2,fixed_object,0,23,0,0,1,0,0,0,2,41.779412926,"darkness,_lighted_road",-87.661925131,10,no_indication_of_injury,1,30,no_defects,dry,S LAFLIN ST,no_controls,not_divided,clear,0,2017,77609
straight_and_level,1031,not_applicable,no_controls,0,1,parked_motor_vehicle,0,5,0,0,1,0,0,0,0,41.832326264,"darkness,_lighted_road",-87.724400793,10,no_indication_of_injury,2,15,no_defects,wet,S PULASKI RD,no_controls,parking_lot,rain,0,2017,85328
straight_and_level,1531,exceeding_safe_speed_for_conditions,no_controls,0,5,parked_motor_vehicle,1,21,0,0,3,0,0,0,1,41.893255587,"darkness,_lighted_road",-87.747540644,10,no_indication_of_injury,2,35,shoulder_defect,dry,W HURON ST,no_controls,one-way,clear,0,2017,59707
straight_and_level,124,following_too_closely,functioning_properly,0,5,rear_end,0,8,0,0,3,0,0,0,3,41.874327812,daylight,-87.642569176,10,no_indication_of_injury,3,30,no_defects,wet,S JEFFERSON ST,traffic_signal,one-way,rain,0,2017,68572
straight_on_grade,2213,weather,functioning_properly,0,5,rear_end,0,11,0,0,1,1,0,0,2,41.713656799,daylight,-87.674640293,10,nonincapacitating_injury,2,30,no_defects,wet,W 99TH ST,traffic_signal,divided_-_w/median_(not_raised),rain,0,2017,64846
straight_and_level,1432,unable_to_determine,no_controls,0,0,turning,0,10,0,0,2,0,0,0,2,41.922394052,daylight,-87.673412835,10,no_indication_of_injury,2,30,no_defects,dry,N ELSTON AVE,no_controls,divided_-_w/median_(not_raised),clear,0,2017,81628
"curve,_level",1833,exceeding_safe_speed_for_conditions,no_controls,0,6,fixed_object,0,3,0,0,1,0,0,0,4,41.899280991,"darkness,_lighted_road",-87.618894512,10,no_indication_of_injury,1,30,no_defects,wet,N LAKE SHORE DR,no_controls,divided_-_w/median_barrier,rain,0,2017,69775
straight_and_level,2514,improper_overtaking/passing,no_controls,0,6,parked_motor_vehicle,0,7,0,0,3,0,0,0,2,41.936762706,daylight,-87.773787044,10,no_indication_of_injury,2,30,no_defects,dry,W BARRY AVE,no_controls,not_divided,clear,0,2017,81940
curve_on_hillcrest,1822,distraction_-_from_inside_vehicle,functioning_improperly,0,1,fixed_object,0,11,0,0,1,0,0,0,2,41.908325898,"darkness,_lighted_road",-87.649290331,10,no_indication_of_injury,1,5,no_defects,wet,N DAYTON ST,other,divided_-_w/median_barrier,other,0,2017,73477
straight_and_level,1413,unable_to_determine,no_controls,0,2,parked_motor_vehicle,0,8,0,0,1,0,0,0,3,41.924808981,daylight,-87.709018259,10,no_indication_of_injury,2,5,no_defects,dry,W FULLERTON AVE,no_controls,driveway,clear,0,2017,70002
straight_and_level,1414,unable_to_determine,no_controls,0,6,rear_end,0,14,0,0,2,0,0,0,2,41.919792047,daylight,-87.706904309,10,no_indication_of_injury,2,30,no_defects,dry,N KEDZIE AVE,no_controls,divided_-_w/median_(not_raised),clear,0,2017,79170
straight_and_level,1732,unable_to_determine,no_controls,0,4,rear_end,0,16,0,0,2,0,0,0,2,41.947061865,daylight,-87.717971966,10,no_indication_of_injury,2,30,unknown,unknown,N CENTRAL PARK AVE,no_controls,parking_lot,clear,0,2017,61867
straight_and_level,423,improper_lane_usage,functioning_properly,0,1,turning,1,8,0,0,2,0,0,1,6,41.733691799,daylight,-87.560615934,10,no_indication_of_injury,2,30,no_defects,dry,S SOUTH CHICAGO AVE,traffic_signal,divided_-_w/median_(not_raised),clear,0,2017,62827
straight_and_level,1733,improper_overtaking/passing,functioning_properly,0,2,sideswipe_same_direction,0,16,0,0,9,0,0,0,2,41.945888255,daylight,-87.707655644,10,no_indication_of_injury,2,30,no_defects,dry,N KEDZIE AVE,traffic_signal,not_divided,clear,0,2017,62732
straight_and_level,1031,unable_to_determine,no_controls,0,2,sideswipe_same_direction,1,7,0,0,2,0,0,0,4,41.836911889,daylight,-87.731578903,10,no_indication_of_injury,2,30,no_defects,dry,W 31ST ST,no_controls,not_divided,clear,0,2017,84541
straight_and_level,1531,"operating_vehicle_in_erratic,_reckless,_careless,_negligent_or_aggressive_manner",functioning_properly,0,5,sideswipe_same_direction,1,21,0,0,2,0,0,0,4,41.895404662,"darkness,_lighted_road",-87.745965431,10,no_indication_of_injury,2,30,no_defects,dry,N CICERO AVE,traffic_signal,not_divided,clear,0,2017,76786
straight_and_level,1613,unable_to_determine,functioning_properly,0,2,sideswipe_same_direction,0,11,0,0,2,0,0,0,4,41.976140698,daylight,-87.80690141,10,no_indication_of_injury,2,30,no_defects,wet,N HARLEM AVE,lane_use_marking,divided_-_w/median_(not_raised),rain,0,2017,83775
straight_and_level,921,following_too_closely,functioning_improperly,0,3,rear_end,0,6,0,0,2,0,0,1,2,41.822837287,daylight,-87.68958051,10,no_indication_of_injury,2,25,no_defects,wet,S ROCKWELL ST,traffic_signal,not_divided,rain,0,2017,60436
straight_and_level,1634,failing_to_reduce_speed_to_avoid_crash,no_controls,0,1,rear_end,0,8,0,0,3,0,0,0,2,41.948376524,daylight,-87.757139387,10,no_indication_of_injury,3,30,no_defects,wet,N LARAMIE AVE,no_controls,not_divided,rain,0,2017,57494
straight_and_level,112,unable_to_determine,functioning_properly,0,4,turning,0,1,0,0,3,0,0,1,2,41.882029806,"darkness,_lighted_road",-87.629256444,10,no_indication_of_injury,2,30,no_defects,dry,N DEARBORN ST,stop_sign/flasher,not_divided,clear,0,2017,62082
straight_and_level,1824,improper_backing,no_controls,0,1,fixed_object,0,8,0,0,1,0,0,1,1,41.901229216,daylight,-87.633476231,10,no_indication_of_injury,1,25,no_defects,dry,W WENDELL ST,no_controls,alley,clear,0,2017,81523
straight_and_level,1431,not_applicable,no_controls,0,6,parked_motor_vehicle,1,14,0,0,1,0,0,0,2,41.918056037,daylight,-87.692343483,10,no_indication_of_injury,3,30,no_defects,dry,N STAVE ST,no_controls,divided_-_w/median_(not_raised),clear,0,2017,60664
straight_and_level,1631,had_been_drinking_(use_when_arrest_is_not_made),functioning_properly,0,0,angle,0,19,0,0,0,0,2,1,4,41.944941352,"darkness,_lighted_road",-87.825369114,10,"reported,_not_evident",2,30,no_defects,dry,W FOREST PRESERVE AVE,traffic_signal,not_divided,clear,0,2017,61535
straight_and_level,1934,improper_backing,no_controls,0,2,parked_motor_vehicle,0,9,0,0,1,0,0,0,1,41.934375934,daylight,-87.643490367,10,no_indication_of_injury,2,20,no_defects,dry,W SURF ST,no_controls,one-way,clear,0,2017,78111
straight_and_level,511,exceeding_safe_speed_for_conditions,functioning_properly,0,2,rear_end,0,17,0,0,4,0,0,0,6,41.722225886,darkness,-87.585522492,10,no_indication_of_injury,4,30,no_defects,wet,E 95TH ST,traffic_signal,not_divided,rain,0,2017,64167
straight_and_level,815,unable_to_determine,no_controls,0,5,turning,0,19,0,0,5,0,0,0,4,41.801317893,darkness,-87.725115803,10,no_indication_of_injury,2,30,unknown,dry,S ARCHER AVE,no_controls,not_divided,clear,0,2017,82795
straight_and_level,823,unable_to_determine,no_controls,0,2,rear_end,0,18,0,0,2,0,0,0,4,41.783321753,daylight,-87.703112782,10,no_indication_of_injury,2,25,no_defects,dry,S KEDZIE AVE,no_controls,divided_-_w/median_(not_raised),clear,0,2017,79349
straight_and_level,834,failing_to_reduce_speed_to_avoid_crash,unknown,0,1,rear_end,1,2,0,0,1,0,1,1,4,41.734617151,"darkness,_lighted_road",-87.740911334,10,"reported,_not_evident",2,30,unknown,wet,S CICERO AVE,traffic_signal,divided_-_w/median_(not_raised),rain,0,2017,67541
straight_and_level,2515,improper_backing,no_controls,0,2,parked_motor_vehicle,1,23,0,0,1,0,0,0,2,41.925574984,"darkness,_lighted_road",-87.773861047,10,no_indication_of_injury,2,30,no_defects,dry,W ALTGELD ST,no_controls,not_divided,clear,0,2017,67075
straight_and_level,1023,failing_to_yield_right-of-way,no_controls,0,0,rear_end,0,15,0,0,2,0,0,0,2,41.866431016,daylight,-87.693123931,10,no_indication_of_injury,2,30,no_defects,dry,W ROOSEVELT RD,no_controls,divided_-_w/median_(not_raised),clear,0,2017,64161
straight_and_level,1511,unable_to_determine,no_controls,0,5,parked_motor_vehicle,1,15,0,0,1,0,0,0,1,41.901525073,daylight,-87.770637185,10,no_indication_of_injury,2,20,no_defects,dry,N MENARD AVE,no_controls,divided_-_w/median_(not_raised),clear,0,2017,78402
straight_and_level,2412,unable_to_determine,no_controls,0,6,parked_motor_vehicle,1,22,0,0,1,0,0,0,1,42.003236845,unknown,-87.692613036,10,no_indication_of_injury,3,30,no_defects,unknown,N CAMPBELL AVE,no_controls,one-way,rain,0,2017,77721
straight_and_level,923,following_too_closely,no_controls,0,1,rear_end,0,7,0,0,3,0,0,0,2,41.794516067,dawn,-87.693967643,10,no_indication_of_injury,2,35,no_defects,wet,S CALIFORNIA AVE,no_controls,not_divided,rain,0,2017,64918
straight_and_level,233,unable_to_determine,no_controls,0,4,rear_end,0,7,0,0,2,0,0,0,1,41.795473312,daylight,-87.599346148,10,no_indication_of_injury,2,30,no_defects,dry,E 55TH ST,no_controls,not_divided,clear,0,2017,66477
straight_and_level,1531,physical_condition_of_driver,no_controls,0,6,parked_motor_vehicle,0,8,0,1,0,1,1,0,4,41.895100159,daylight,-87.747451982,10,incapacitating_injury,3,30,no_defects,dry,W CHICAGO AVE,no_controls,divided_-_w/median_barrier,clear,0,2017,65678
straight_and_level,624,unable_to_determine,functioning_properly,0,3,turning,0,15,0,0,3,0,0,1,2,41.751090654,daylight,-87.610018477,10,no_indication_of_injury,2,30,unknown,wet,E 79TH ST,traffic_signal,divided_-_w/median_(not_raised),rain,0,2017,63160
straight_and_level,2525,improper_lane_usage,no_controls,0,3,rear_end,0,21,0,0,5,0,0,0,2,41.9227039,"darkness,_lighted_road",-87.726622315,10,no_indication_of_injury,2,30,no_defects,dry,N PULASKI RD,no_controls,not_divided,clear,0,2017,75468
straight_and_level,1231,disregarding_traffic_signals,functioning_properly,0,5,angle,0,12,0,0,6,0,0,1,0,41.874247147,daylight,-87.666747035,10,no_indication_of_injury,2,30,no_defects,dry,S ASHLAND AVE,traffic_signal,divided_-_w/median_(not_raised),clear,0,2017,71033
straight_and_level,1935,following_too_closely,no_controls,0,1,turning,0,9,0,0,2,0,0,0,2,41.928718786,daylight,-87.642181652,10,no_indication_of_injury,2,30,no_defects,dry,N CLARK ST,no_controls,not_divided,clear,0,2017,59408
straight_and_level,813,unable_to_determine,no_controls,0,4,parked_motor_vehicle,1,2,0,0,1,0,0,0,1,41.7773011,"darkness,_lighted_road",-87.751770424,10,no_indication_of_injury,2,25,no_defects,dry,W 63RD PL,no_controls,one-way,clear,0,2017,69376
straight_and_level,735,following_too_closely,no_controls,0,3,rear_end,0,8,0,0,1,0,1,0,2,41.766575933,daylight,-87.673725583,10,"reported,_not_evident",2,30,no_defects,dry,S DAMEN AVE,no_controls,one-way,clear,0,2017,60171
straight_and_level,1034,not_applicable,unknown,0,5,parked_motor_vehicle,0,14,0,0,1,0,0,0,2,41.849276584,daylight,-87.690612346,10,no_indication_of_injury,2,30,no_defects,dry,S ROCKWELL ST,unknown,not_divided,clear,0,2017,59207
straight_on_hillcrest,1225,improper_overtaking/passing,no_controls,0,3,rear_end,0,17,0,0,1,1,0,0,2,41.876364932,daylight,-87.672316543,10,nonincapacitating_injury,2,30,debris_on_roadway,dry,W OGDEN AVE,no_controls,divided_-_w/median_barrier,clear,0,2017,59078
straight_and_level,2413,unable_to_determine,no_controls,0,6,parked_motor_vehicle,1,23,0,0,1,0,0,0,1,41.992725752,unknown,-87.69324098,10,no_indication_of_injury,2,30,no_defects,dry,N MAPLEWOOD AVE,no_controls,one-way,unknown,0,2017,62630
straight_and_level,235,failing_to_reduce_speed_to_avoid_crash,no_controls,0,4,rear_end,0,15,0,1,2,0,0,0,2,41.784304755,daylight,-87.593501912,10,incapacitating_injury,3,30,no_defects,dry,E 61ST ST,no_controls,not_divided,clear,0,2017,69530
straight_and_level,2031,unable_to_determine,no_controls,0,5,sideswipe_same_direction,0,15,0,0,2,0,0,0,2,41.968793622,daylight,-87.684104896,10,no_indication_of_injury,2,30,no_defects,dry,W LAWRENCE AVE,no_controls,divided_-_w/median_barrier,clear,0,2017,57605
straight_and_level,1722,failing_to_yield_right-of-way,functioning_properly,0,3,turning,0,22,0,0,3,0,0,0,4,41.961001168,"darkness,_lighted_road",-87.732796293,10,no_indication_of_injury,2,30,no_defects,dry,W MONTROSE AVE,traffic_signal,not_divided,clear,0,2017,84927
straight_and_level,1431,failing_to_yield_right-of-way,no_controls,0,1,angle,0,22,0,0,3,1,0,0,4,41.917945947,"darkness,_lighted_road",-87.687568024,10,nonincapacitating_injury,2,30,no_defects,dry,N WESTERN AVE,no_controls,divided_-_w/median_(not_raised),clear,0,2017,71785
straight_and_level,1131,unable_to_determine,functioning_properly,0,6,rear_end,1,4,0,0,4,0,0,0,3,41.874121325,darkness,-87.735204213,10,no_indication_of_injury,4,25,no_defects,dry,W CONGRESS PKWY,traffic_signal,one-way,clear,0,2017,68292
straight_and_level,323,failing_to_yield_right-of-way,functioning_properly,0,6,turning,1,7,0,0,2,0,0,1,4,41.75869138,daylight,-87.60533417,10,no_indication_of_injury,2,30,no_defects,wet,E 75TH ST,traffic_signal,not_divided,clear,0,2017,57695