alignment,beat,contributory_cause,device_condition,dooring,dow,first_crash_type,hit_and_run,hour,injuries_fatal,injuries_incapacitating,injuries_no_indication,injuries_non_incapacitating,injuries_reported_not_evident,intersection_related,lane_count,latitude,lighting_condition,longitude,month,most_severe_injury,num_units,posted_speed_limit,road_defect,roadway_surface_cond,street,traffic_control_device,trafficway_type,weather_condition,work_zone,year,i
straight_and_level,1222,unable_to_determine,functioning_properly,0,3,sideswipe_same_direction,1,9,0,0,3,0,0,0,2,41.884142519,daylight,-87.701439894,10,no_indication_of_injury,2,30,unknown,dry,N SACRAMENTO BLVD,traffic_signal,divided_-_w/median_(not_raised),clear,0,2017,62375
straight_and_level,1624,improper_overtaking/passing,no_controls,0,1,turning,0,7,0,0,2,0,0,0,4,41.953263111,daylight,-87.769311223,10,no_indication_of_injury,2,30,no_defects,wet,W IRVING PARK RD,no_controls,not_divided,rain,0,2017,80720
straight_and_level,1234,unable_to_determine,unknown,0,0,turning,0,3,0,0,2,0,0,1,2,41.857510226,dusk,-87.679807242,10,no_indication_of_injury,2,30,unknown,dry,W 18TH ST,unknown,not_divided,clear,0,2017,57936
straight_and_level,1733,road_construction/maintenance,no_controls,0,4,turning,0,18,0,0,2,0,1,0,2,41.945500863,daylight,-87.70793901,10,"reported,_not_evident",2,30,no_defects,dry,N KEDZIE AVE,no_controls,divided_-_w/median_(not_raised),clear,1,2017,66668
straight_and_level,1712,following_too_closely,functioning_properly,0,4,rear_end,0,9,0,0,2,0,0,0,2,41.971977449,daylight,-87.728281037,10,no_indication_of_injury,2,30,worn_surface,dry,N PULASKI RD,traffic_signal,not_divided,clear,0,2017,82115
straight_and_level,2022,"vision_obscured_(signs,_tree_limbs,_buildings,_etc.)",functioning_properly,0,0,pedestrian,0,13,0,0,3,1,0,1,2,41.985398516,daylight,-87.656597159,10,nonincapacitating_injury,2,30,no_defects,dry,W HOLLYWOOD AVE,traffic_signal,divided_-_w/median_(not_raised),clear,0,2017,83117
straight_and_level,935,weather,functioning_properly,0,2,rear_end,0,16,0,0,2,0,0,0,8,41.794413092,dusk,-87.645041137,10,no_indication_of_injury,2,30,unknown,wet,W GARFIELD BLVD,traffic_signal,divided_-_w/median_barrier,rain,0,2017,70655
straight_and_level,1621,following_too_closely,functioning_properly,0,1,rear_end,0,9,0,0,2,0,0,0,4,41.996486936,daylight,-87.765235482,10,no_indication_of_injury,2,30,no_defects,wet,N CALDWELL AVE,stop_sign/flasher,divided_-_w/median_barrier,rain,0,2017,58565
straight_and_level,222,unable_to_determine,no_controls,0,0,fixed_object,0,3,0,0,0,1,0,0,0,41.80283112,"darkness,_lighted_road",-87.586592525,10,nonincapacitating_injury,1,30,no_defects,dry,S CORNELL AVE,no_controls,parking_lot,clear,0,2017,68037
straight_and_level,112,failing_to_yield_right-of-way,functioning_properly,0,6,turning,1,23,0,0,2,0,0,1,0,41.879616961,"darkness,_lighted_road",-87.624499957,10,no_indication_of_injury,2,30,no_defects,wet,S MICHIGAN AVE,traffic_signal,divided_-_w/median_barrier,rain,0,2017,72873
straight_and_level,431,unable_to_determine,no_controls,0,5,sideswipe_opposite_direction,1,21,0,0,2,0,0,0,4,41.717113154,"darkness,_lighted_road",-87.559946419,10,no_indication_of_injury,2,20,no_defects,wet,S TORRENCE AVE,no_controls,not_divided,rain,0,2017,70965
straight_and_level,2033,unable_to_determine,no_controls,0,5,head_on,0,17,0,0,3,0,0,0,1,41.972686973,daylight,-87.665991223,10,no_indication_of_injury,2,30,unknown,wet,W ARGYLE ST,no_controls,not_divided,rain,0,2017,71889
straight_and_level,915,driving_skills/knowledge/experience,no_controls,0,2,fixed_object,0,14,0,0,1,0,0,0,1,41.836229614,daylight,-87.633493045,10,no_indication_of_injury,1,15,no_defects,wet,W 32ND ST,no_controls,alley,cloudy/overcast,0,2017,57619
straight_and_level,532,unable_to_determine,no_controls,0,3,fixed_object,0,14,0,0,1,0,0,0,4,41.659382455,daylight,-87.599445361,10,no_indication_of_injury,1,30,no_defects,dry,E 130TH ST,no_controls,divided_-_w/median_barrier,clear,0,2017,80051
straight_and_level,331,following_too_closely,no_controls,0,1,rear_end,0,16,0,0,3,0,0,0,4,41.792763828,daylight,-87.581686161,10,no_indication_of_injury,2,35,no_defects,wet,E 57TH DR,no_controls,not_divided,rain,0,2017,65430
straight_and_level,1214,failing_to_yield_right-of-way,functioning_properly,0,6,angle,0,14,0,0,2,0,0,1,2,41.890196315,daylight,-87.647526553,10,no_indication_of_injury,2,30,unknown,wet,W HUBBARD ST,stop_sign/flasher,not_divided,rain,0,2017,79019
straight_and_level,1032,unable_to_determine,no_controls,0,1,parked_motor_vehicle,1,1,0,0,1,0,0,0,1,41.840795504,darkness,-87.716990387,10,no_indication_of_injury,2,25,no_defects,dry,W 28TH ST,no_controls,one-way,unknown,0,2017,83860
straight_and_level,1223,improper_backing,no_controls,0,3,rear_end,0,7,0,0,4,0,0,1,2,41.879770121,daylight,-87.684537046,10,no_indication_of_injury,2,30,no_defects,dry,W MONROE ST,no_controls,divided_-_w/median_(not_raised),clear,0,2017,78475
straight_and_level,2412,following_too_closely,no_controls,0,6,rear_end,1,15,0,0,3,0,0,0,2,41.997735909,daylight,-87.69592888,10,no_indication_of_injury,2,30,no_defects,wet,W DEVON AVE,no_controls,not_divided,rain,0,2017,76844
straight_and_level,811,unable_to_determine,no_controls,0,5,parked_motor_vehicle,0,22,0,0,1,0,0,0,1,41.789212089,"darkness,_lighted_road",-87.776667116,10,no_indication_of_injury,2,30,no_defects,dry,S MELVINA AVE,no_controls,one-way,clear,0,2017,79697
straight_and_level,2433,not_applicable,no_controls,1,3,pedalcyclist,0,16,0,0,2,0,0,0,4,41.995258879,daylight,-87.655400319,10,no_indication_of_injury,2,30,no_defects,dry,N SHERIDAN RD,no_controls,not_divided,clear,0,2017,130939
straight_and_level,915,unable_to_determine,no_controls,0,2,parked_motor_vehicle,0,12,0,0,1,0,0,0,4,41.837939091,daylight,-87.645963751,10,no_indication_of_injury,2,15,no_defects,dry,W 31ST ST,no_controls,parking_lot,clear,0,2017,81068
straight_and_level,2213,following_too_closely,functioning_properly,0,3,rear_end,1,21,0,0,3,0,0,0,3,41.720678903,darkness,-87.681909285,10,no_indication_of_injury,2,30,no_defects,dry,S WESTERN AVE,traffic_signal,divided_-_w/median_barrier,clear,0,2017,63278
straight_and_level,1511,unable_to_determine,unknown,0,3,other_object,1,9,0,0,1,0,0,0,2,41.891991724,unknown,-87.774895848,10,no_indication_of_injury,1,30,no_defects,wet,W ERIE ST,traffic_signal,not_divided,rain,0,2017,58347
straight_and_level,1623,unable_to_determine,no_controls,0,2,parked_motor_vehicle,0,15,0,0,1,0,0,1,2,41.977396671,daylight,-87.755469629,10,no_indication_of_injury,2,30,no_defects,dry,N ELSTON AVE,no_controls,parking_lot,clear,0,2017,85066
straight_and_level,331,not_applicable,functioning_properly,0,0,pedestrian,1,4,0,0,3,0,2,0,2,41.766818068,darkness,-87.576170828,10,"reported,_not_evident",3,30,no_defects,dry,S JEFFERY BLVD,traffic_signal,not_divided,clear,0,2017,73884
straight_and_level,1831,unable_to_determine,functioning_properly,0,2,sideswipe_same_direction,0,11,0,0,2,0,0,0,4,41.893255329,daylight,-87.637159916,10,no_indication_of_injury,2,30,no_defects,dry,W ONTARIO ST,traffic_signal,one-way,clear,0,2017,64858
straight_and_level,813,failing_to_yield_right-of-way,no_controls,0,5,angle,1,16,0,0,2,0,0,0,4,41.778506353,daylight,-87.733890988,10,no_indication_of_injury,2,30,no_defects,dry,S KENNETH AVE,no_controls,not_divided,clear,0,2017,58634
straight_and_level,1612,improper_lane_usage,no_controls,0,6,sideswipe_same_direction,0,11,0,0,2,0,0,0,2,41.985570364,daylight,-87.806592094,10,no_indication_of_injury,2,30,no_defects,dry,W TALCOTT AVE,no_controls,not_divided,clear,0,2017,60106
curve_on_hillcrest,114,"operating_vehicle_in_erratic,_reckless,_careless,_negligent_or_aggressive_manner",no_controls,0,6,turning,1,23,0,0,2,0,0,0,8,41.884348764,"darkness,_lighted_road",-87.614549778,10,no_indication_of_injury,2,40,no_defects,dry,N LAKE SHORE DR SB,no_controls,divided_-_w/median_barrier,clear,0,2017,64804
straight_and_level,1235,distraction_-_from_inside_vehicle,no_controls,0,5,fixed_object,0,11,0,0,1,0,0,0,1,41.853998736,daylight,-87.65074603,10,no_indication_of_injury,1,30,no_defects,dry,W 21ST ST,no_controls,parking_lot,cloudy/overcast,0,2017,69423
straight_and_level,2211,weather,functioning_properly,0,2,rear_end,0,20,0,0,2,0,0,1,5,41.706282332,"darkness,_lighted_road",-87.681763595,10,no_indication_of_injury,2,35,no_defects,wet,S WESTERN AVE,traffic_signal,center_turn_lane,cloudy/overcast,0,2017,70017
straight_and_level,1225,improper_overtaking/passing,functioning_properly,0,3,sideswipe_same_direction,0,11,0,0,2,0,0,0,2,41.875130979,daylight,-87.676510983,10,no_indication_of_injury,2,30,no_defects,dry,W CONGRESS PKWY,traffic_signal,one-way,clear,0,2017,83690
straight_and_level,821,unable_to_determine,functioning_properly,0,0,angle,1,0,0,0,2,0,0,1,2,41.800746708,"darkness,_lighted_road",-87.7161519,10,no_indication_of_injury,7,30,no_defects,dry,S LAWNDALE AVE,stop_sign/flasher,not_divided,clear,0,2017,75155
straight_and_level,1733,following_too_closely,no_controls,0,4,rear_end,0,10,0,0,2,0,0,0,2,41.949960268,daylight,-87.708056175,10,no_indication_of_injury,2,30,no_defects,dry,N KEDZIE AVE,no_controls,not_divided,clear,0,2017,67437
straight_and_level,612,unable_to_determine,functioning_improperly,0,1,rear_end,0,9,0,0,2,0,0,0,2,41.750608293,daylight,-87.653594638,10,no_indication_of_injury,2,30,no_defects,dry,W 79TH ST,traffic_signal,not_divided,clear,0,2017,61117
straight_and_level,1712,following_too_closely,no_controls,0,5,rear_end,0,11,0,0,3,0,0,0,2,41.968324148,daylight,-87.730543211,10,no_indication_of_injury,3,30,no_defects,dry,W LAWRENCE AVE,no_controls,divided_-_w/median_(not_raised),clear,0,2017,71755
straight_and_level,221,unable_to_determine,no_controls,0,3,parked_motor_vehicle,1,20,0,0,1,0,0,0,2,41.810413589,darkness,-87.611625688,10,no_indication_of_injury,3,30,no_defects,wet,S ST LAWRENCE AVE,no_controls,not_divided,rain,0,2017,70459
straight_and_level,223,following_too_closely,no_controls,0,1,rear_end,0,17,0,0,0,2,1,0,2,41.803208523,daylight,-87.606576969,10,nonincapacitating_injury,2,30,no_defects,dry,S COTTAGE GROVE AVE,no_controls,divided_-_w/median_(not_raised),cloudy/overcast,0,2017,71439
straight_and_level,122,failing_to_yield_right-of-way,functioning_properly,0,5,sideswipe_same_direction,0,16,0,0,2,0,0,0,4,41.881652852,"darkness,_lighted_road",-87.637198985,10,no_indication_of_injury,2,30,no_defects,dry,S LOWER WACKER DR,traffic_signal,other,clear,0,2017,83579
straight_and_level,622,improper_overtaking/passing,no_controls,0,2,turning,0,12,0,0,2,0,0,0,0,41.736380046,daylight,-87.627509219,10,no_indication_of_injury,2,20,no_defects,dry,W 87TH ST,no_controls,parking_lot,clear,0,2017,72695
straight_and_level,1135,following_too_closely,functioning_properly,0,5,rear_end,1,7,0,0,3,0,0,1,4,41.873704115,daylight,-87.700864617,10,no_indication_of_injury,2,30,no_defects,dry,S SACRAMENTO BLVD,traffic_signal,divided_-_w/median_(not_raised),clear,0,2017,64826
straight_and_level,822,weather,functioning_properly,0,3,rear_end,0,10,0,0,2,0,0,0,2,41.78593834,daylight,-87.715875248,10,no_indication_of_injury,2,30,no_defects,wet,W 59TH ST,traffic_signal,divided_-_w/median_(not_raised),rain,0,2017,66391
"curve,_level",1834,unable_to_determine,no_controls,0,2,sideswipe_same_direction,1,10,0,0,2,0,0,0,4,41.890109097,daylight,-87.614091789,10,no_indication_of_injury,2,40,no_defects,wet,N LAKE SHORE DR NB,no_controls,other,rain,0,2017,67041
straight_and_level,2233,improper_overtaking/passing,no_controls,0,4,sideswipe_same_direction,0,22,0,0,3,0,0,0,4,41.694948946,"darkness,_lighted_road",-87.64231341,10,no_indication_of_injury,2,30,no_defects,dry,S HALSTED ST,no_controls,divided_-_w/median_barrier,clear,0,2017,63537
straight_and_level,312,improper_turning/no_signal,no_controls,0,4,parked_motor_vehicle,0,0,0,0,1,0,0,0,1,41.775555482,dusk,-87.6153632,10,no_indication_of_injury,2,35,no_defects,dry,S DR MARTIN LUTHER KING JR DR,no_controls,divided_-_w/median_(not_raised),clear,0,2017,82404
straight_and_level,813,following_too_closely,functioning_properly,0,5,turning,0,7,0,0,2,0,0,1,3,41.789530633,daylight,-87.723207174,10,no_indication_of_injury,2,30,no_defects,dry,S PULASKI RD,traffic_signal,divided_-_w/median_(not_raised),clear,0,2017,67129
straight_and_level,1424,distraction_-_from_outside_vehicle,no_controls,0,0,parked_motor_vehicle,0,9,0,0,1,0,0,0,4,41.904992205,daylight,-87.686932777,10,no_indication_of_injury,3,30,no_defects,dry,N WESTERN AVE,no_controls,not_divided,clear,0,2017,80125
straight_and_level,1512,unable_to_determine,functioning_properly,0,6,rear_end,0,14,0,0,2,0,0,0,2,41.882339282,daylight,-87.76507801,10,no_indication_of_injury,2,30,no_defects,dry,N CENTRAL AVE,traffic_signal,not_divided,clear,0,2017,62568
straight_and_level,2432,failing_to_yield_right-of-way,functioning_properly,0,6,turning,0,17,0,0,4,0,0,1,0,42.001634074,"darkness,_lighted_road",-87.660601432,10,no_indication_of_injury,2,35,no_defects,wet,N SHERIDAN RD,traffic_signal,center_turn_lane,rain,0,2017,74225
straight_and_level,1222,following_too_closely,functioning_properly,0,6,rear_end,0,13,0,0,2,0,0,0,2,41.884743136,daylight,-87.686594606,10,no_indication_of_injury,2,30,no_defects,dry,W LAKE ST,traffic_signal,not_divided,clear,0,2017,65708
straight_and_level,1611,not_applicable,no_controls,0,4,angle,0,21,0,0,3,0,0,0,2,41.992726436,"darkness,_lighted_road",-87.784561066,10,no_indication_of_injury,2,30,no_defects,dry,W HYACINTH ST,no_controls,not_divided,clear,0,2017,79229
straight_and_level,2424,failing_to_yield_right-of-way,functioning_properly,0,5,sideswipe_same_direction,0,14,0,0,3,0,0,0,2,42.01239763,daylight,-87.681984548,10,no_indication_of_injury,2,30,no_defects,dry,W TOUHY AVE,traffic_signal,divided_-_w/median_(not_raised),clear,0,2017,74794
straight_and_level,1121,unable_to_determine,no_controls,0,1,parked_motor_vehicle,1,0,0,0,1,0,0,0,1,41.89103102,darkness,-87.707493289,10,no_indication_of_injury,2,20,no_defects,wet,N SAWYER AVE,no_controls,not_divided,rain,0,2017,70636
curve_on_hillcrest,133,exceeding_authorized_speed_limit,no_controls,0,1,fixed_object,0,21,1,0,0,0,0,1,1,41.847516655,"darkness,_lighted_road",-87.617862668,10,fatal,1,30,no_defects,dry,S DR MARTIN LUTHER KING JR DR,no_controls,one-way,clear,1,2017,80863
straight_on_grade,1632,failing_to_reduce_speed_to_avoid_crash,functioning_properly,0,3,turning,0,8,0,0,4,0,0,0,4,41.953975906,daylight,-87.786741106,10,no_indication_of_injury,2,30,"rut,_holes",dry,N NARRAGANSETT AVE,stop_sign/flasher,divided_-_w/median_(not_raised),cloudy/overcast,0,2017,79737
straight_and_level,434,following_too_closely,functioning_properly,0,5,rear_end,0,12,0,0,2,0,0,0,4,41.702886145,daylight,-87.559396292,10,no_indication_of_injury,2,30,no_defects,dry,E 106TH ST,traffic_signal,not_divided,clear,0,2017,78105
straight_and_level,1623,unable_to_determine,no_controls,0,3,pedestrian,0,17,0,0,5,0,0,0,4,41.970096349,daylight,-87.762516159,10,no_indication_of_injury,2,30,no_defects,dry,N MILWAUKEE AVE,no_controls,divided_-_w/median_barrier,clear,0,2017,79756
straight_and_level,2523,failing_to_reduce_speed_to_avoid_crash,functioning_properly,0,6,head_on,1,17,0,0,3,0,0,1,2,41.931831026,dusk,-87.727126873,10,no_indication_of_injury,2,30,no_defects,wet,N PULASKI RD,traffic_signal,center_turn_lane,rain,0,2017,83413
straight_and_level,2012,unable_to_determine,no_controls,0,6,fixed_object,1,2,0,0,1,0,0,0,4,41.97861544,"darkness,_lighted_road",-87.669534517,10,no_indication_of_injury,3,30,no_defects,wet,N ASHLAND AVE,no_controls,divided_-_w/median_(not_raised),rain,0,2017,85993
straight_on_grade,1831,unable_to_determine,no_controls,0,4,sideswipe_same_direction,1,22,0,0,4,0,0,0,2,41.896365692,"darkness,_lighted_road",-87.642991082,10,no_indication_of_injury,2,25,no_defects,dry,W CHICAGO AVE,no_controls,not_divided,clear,0,2017,74253
straight_and_level,723,improper_turning/no_signal,no_controls,0,5,turning,0,16,0,0,2,0,0,0,4,41.779580626,daylight,-87.64831272,10,no_indication_of_injury,2,30,no_defects,dry,W 63RD ST,no_controls,not_divided,clear,0,2017,85102
"curve,_level",1023,cell_phone_use_other_than_texting,functioning_properly,0,2,sideswipe_same_direction,0,18,0,0,2,0,0,0,4,41.86464673,dawn,-87.686002512,10,no_indication_of_injury,2,30,no_defects,wet,W OGDEN AVE,traffic_signal,divided_-_w/median_(not_raised),rain,0,2017,74080
straight_and_level,113,improper_turning/no_signal,functioning_properly,0,5,sideswipe_same_direction,0,13,0,0,2,0,0,1,2,41.878285886,daylight,-87.627730075,10,no_indication_of_injury,2,30,no_defects,dry,W JACKSON BLVD,traffic_signal,one-way,clear,0,2017,67155
straight_and_level,712,failing_to_yield_right-of-way,no_controls,0,4,angle,1,16,0,0,2,0,0,0,4,41.788802394,daylight,-87.645161756,10,no_indication_of_injury,2,30,no_defects,dry,S HALSTED ST,stop_sign/flasher,divided_-_w/median_(not_raised),clear,0,2017,81351
straight_and_level,2211,following_too_closely,no_controls,0,5,rear_end,0,14,0,0,6,0,0,0,2,41.683908817,daylight,-87.729745158,10,no_indication_of_injury,4,40,no_defects,dry,W 115TH ST,no_controls,not_divided,clear,0,2017,62365
straight_and_level,1223,failing_to_yield_right-of-way,no_controls,0,5,turning,0,9,0,0,2,0,0,0,4,41.88355426,daylight,-87.671953367,10,no_indication_of_injury,2,30,no_defects,dry,N WOOD ST,no_controls,not_divided,clear,0,2017,59280
straight_and_level,235,following_too_closely,no_controls,0,1,rear_end,0,16,0,0,3,0,0,0,2,41.7916359,daylight,-87.588952721,10,no_indication_of_injury,2,30,no_defects,wet,E 57TH ST,no_controls,not_divided,clear,0,2017,76367
straight_and_level,1934,weather,other,0,1,rear_end,0,10,0,0,2,0,0,0,2,41.939959071,daylight,-87.642960981,10,no_indication_of_injury,2,30,no_defects,wet,W BELMONT AVE,yield,not_divided,rain,0,2017,83294
straight_and_level,611,unable_to_determine,unknown,0,4,parked_motor_vehicle,0,21,0,0,1,0,0,0,1,41.748930908,unknown,-87.665977004,10,no_indication_of_injury,2,30,unknown,unknown,S PAULINA ST,no_controls,one-way,unknown,0,2017,82838
straight_and_level,912,not_applicable,unknown,0,1,other_object,0,21,0,0,1,0,0,0,2,41.823536014,darkness,-87.65600773,10,no_indication_of_injury,1,30,no_defects,unknown,W PERSHING RD,no_controls,not_divided,unknown,0,2017,61829
straight_and_level,912,unable_to_determine,functioning_properly,0,2,rear_end,0,14,0,0,2,0,0,0,5,41.831105025,daylight,-87.66572984,10,no_indication_of_injury,2,35,unknown,dry,S ASHLAND AVE,traffic_signal,not_divided,clear,0,2017,83925
straight_and_level,2433,failing_to_reduce_speed_to_avoid_crash,functioning_properly,0,5,pedestrian,0,22,0,0,1,1,0,0,1,41.994490464,"darkness,_lighted_road",-87.658205157,10,nonincapacitating_injury,2,30,no_defects,dry,N WINTHROP AVE,stop_sign/flasher,one-way,clear,0,2017,79122
straight_and_level,821,failing_to_yield_right-of-way,functioning_properly,0,3,angle,0,17,0,0,2,0,0,1,2,41.808027345,daylight,-87.719829565,10,no_indication_of_injury,3,35,no_defects,dry,W 47TH ST,stop_sign/flasher,not_divided,clear,0,2017,60213
straight_and_level,822,improper_lane_usage,functioning_properly,0,0,parked_motor_vehicle,0,2,0,0,1,0,0,0,2,41.798553731,"darkness,_lighted_road",-87.716102741,10,no_indication_of_injury,2,30,no_defects,dry,S LAWNDALE AVE,stop_sign/flasher,divided_-_w/median_(not_raised),clear,0,2017,60032
straight_and_level,731,failing_to_reduce_speed_to_avoid_crash,functioning_properly,0,0,angle,0,13,0,0,2,0,0,1,4,41.758245505,daylight,-87.626521907,10,no_indication_of_injury,2,30,no_defects,dry,S LAFAYETTE AVE,traffic_signal,not_divided,clear,0,2017,62066
straight_and_level,735,failing_to_yield_right-of-way,unknown,0,0,turning,0,16,0,0,1,3,0,1,2,41.7594297,daylight,-87.673462167,10,nonincapacitating_injury,2,30,unknown,dry,W 74TH ST,traffic_signal,divided_-_w/median_(not_raised),clear,0,2017,81244
straight_and_level,612,improper_lane_usage,functioning_properly,0,0,sideswipe_same_direction,0,13,0,0,2,0,0,0,2,41.756139129,daylight,-87.649096263,10,no_indication_of_injury,2,35,no_defects,unknown,W 76TH ST,traffic_signal,not_divided,cloudy/overcast,0,2017,80724
straight_and_level,114,following_too_closely,no_controls,0,4,rear_end,0,7,0,0,2,0,0,0,8,41.869232903,daylight,-87.617020026,10,no_indication_of_injury,2,40,no_defects,dry,S LAKE SHORE DR W,no_controls,divided_-_w/median_barrier,clear,0,2017,80897
straight_and_level,2013,improper_turning/no_signal,no_controls,0,2,turning,0,14,0,0,3,0,0,0,4,41.984173799,daylight,-87.660731186,10,no_indication_of_injury,2,30,no_defects,dry,N RIDGE AVE,no_controls,not_divided,clear,0,2017,69243
straight_and_level,715,following_too_closely,unknown,0,4,rear_end,1,23,0,0,2,0,0,0,3,41.793555476,darkness,-87.664816726,10,no_indication_of_injury,2,30,no_defects,dry,W GARFIELD BLVD,traffic_signal,center_turn_lane,clear,0,2017,70050
straight_and_level,2011,unable_to_determine,no_controls,0,0,parked_motor_vehicle,1,2,0,0,1,0,0,0,2,41.984845913,"darkness,_lighted_road",-87.699362602,10,no_indication_of_injury,2,30,no_defects,wet,N CALIFORNIA AVE,no_controls,not_divided,rain,0,2017,57959
straight_and_level,1411,failing_to_yield_right-of-way,functioning_properly,0,2,sideswipe_same_direction,0,7,0,0,2,0,0,1,4,41.939325873,daylight,-87.707550096,10,no_indication_of_injury,2,30,no_defects,dry,N KEDZIE AVE,traffic_signal,not_divided,clear,0,2017,77373
straight_and_level,512,disregarding_traffic_signals,functioning_improperly,0,2,turning,0,17,0,0,2,0,0,0,4,41.707550333,darkness,-87.594340702,10,no_indication_of_injury,2,30,no_defects,wet,S WOODLAWN AVE,traffic_signal,divided_-_w/median_(not_raised),rain,0,2017,67537
straight_and_level,1111,failing_to_yield_right-of-way,functioning_properly,0,1,angle,0,8,0,0,2,0,0,1,0,41.887740133,daylight,-87.738270117,10,no_indication_of_injury,2,30,no_defects,dry,W KINZIE ST,stop_sign/flasher,other,clear,0,2017,57237
straight_and_level,1834,unable_to_determine,no_controls,0,3,sideswipe_same_direction,0,22,0,0,2,0,0,0,3,41.891133171,"darkness,_lighted_road",-87.619160207,10,no_indication_of_injury,2,30,no_defects,dry,E ILLINOIS ST,no_controls,one-way,clear,0,2017,80368
straight_and_level,1933,unable_to_determine,functioning_properly,0,0,sideswipe_same_direction,0,13,0,0,3,0,0,0,2,41.939259136,daylight,-87.667877763,10,no_indication_of_injury,2,30,unknown,dry,N LINCOLN AVE,traffic_signal,divided_-_w/median_(not_raised),clear,0,2017,65276
straight_and_level,2212,unable_to_determine,no_controls,0,1,fixed_object,0,16,0,0,1,0,0,0,2,41.69884273,daylight,-87.671165885,10,no_indication_of_injury,1,30,no_defects,dry,S LONGWOOD DR,no_controls,not_divided,clear,0,2017,82750
straight_and_level,123,following_too_closely,functioning_properly,0,4,rear_end,0,20,0,0,2,0,0,1,2,41.873310733,"darkness,_lighted_road",-87.630787816,10,no_indication_of_injury,2,35,no_defects,dry,S CLARK ST,traffic_signal,one-way,clear,0,2017,61638
straight_and_level,722,unable_to_determine,no_controls,0,0,pedalcyclist,0,18,0,0,1,1,0,0,2,41.774187661,daylight,-87.628255865,10,nonincapacitating_injury,2,30,no_defects,dry,S PERRY AVE,no_controls,not_divided,clear,0,2017,130888
straight_and_level,2211,following_too_closely,no_controls,0,5,rear_end,0,15,0,0,2,0,0,0,2,41.683991816,daylight,-87.725017276,10,no_indication_of_injury,2,30,no_defects,wet,W 115TH ST,no_controls,divided_-_w/median_(not_raised),clear,0,2017,68077
straight_and_level,1722,not_applicable,no_controls,0,6,parked_motor_vehicle,0,23,0,0,1,0,0,0,1,41.964572192,"darkness,_lighted_road",-87.739870026,10,no_indication_of_injury,2,35,no_defects,dry,W WILSON AVE,no_controls,not_divided,clear,0,2017,79604
straight_and_level,212,unable_to_determine,no_controls,0,5,parked_motor_vehicle,0,1,0,0,1,1,0,0,2,41.828102393,"darkness,_lighted_road",-87.607251275,10,nonincapacitating_injury,2,30,no_defects,dry,E 37TH ST,no_controls,not_divided,clear,0,2017,58632
straight_on_grade,1022,failing_to_yield_right-of-way,functioning_properly,0,2,angle,0,9,0,0,3,0,0,1,4,41.853559689,daylight,-87.705452594,10,no_indication_of_injury,2,30,no_defects,wet,S KEDZIE AVE,stop_sign/flasher,not_divided,rain,0,2017,65374
straight_and_level,1634,unable_to_determine,no_controls,0,4,parked_motor_vehicle,1,2,0,0,1,0,0,0,1,41.948914402,darkness,-87.7516914,10,no_indication_of_injury,3,30,no_defects,dry,W WARWICK AVE,no_controls,one-way,clear,0,2017,81805
straight_and_level,1833,improper_overtaking/passing,no_controls,0,6,parked_motor_vehicle,0,10,0,0,1,0,0,0,2,41.900689272,daylight,-87.624784012,10,no_indication_of_injury,2,35,no_defects,dry,E OAK ST,no_controls,not_divided,clear,0,2017,60300
straight_and_level,1822,"evasive_action_due_to_animal,_object,_nonmotorist",no_controls,0,4,pedalcyclist,0,18,0,1,1,0,0,0,2,41.907586291,"darkness,_lighted_road",-87.648335939,10,incapacitating_injury,2,30,no_defects,dry,N HALSTED ST,no_controls,divided_-_w/median_(not_raised),clear,0,2017,130911
straight_and_level,2524,following_too_closely,functioning_properly,0,0,rear_end,0,21,0,0,2,0,0,0,4,41.924572574,"darkness,_lighted_road",-87.726919111,10,no_indication_of_injury,2,30,no_defects,dry,N PULASKI RD,traffic_signal,not_divided,clear,0,2017,75654
straight_and_level,2533,not_applicable,no_controls,0,0,parked_motor_vehicle,1,16,0,0,1,0,0,0,2,41.909524553,daylight,-87.74543288,10,no_indication_of_injury,2,30,no_defects,dry,W NORTH AVE,no_controls,not_divided,clear,0,2017,81191
straight_and_level,413,unable_to_determine,no_controls,0,1,fixed_object,0,15,0,0,1,0,0,0,2,41.726107915,daylight,-87.567416957,10,no_indication_of_injury,1,25,no_defects,dry,E 93RD ST,no_controls,divided_-_w/median_(not_raised),clear,0,2017,76660
straight_and_level,1434,unable_to_determine,no_controls,0,1,parked_motor_vehicle,1,6,0,0,1,0,0,0,2,41.911997219,unknown,-87.690397318,10,no_indication_of_injury,2,30,unknown,unknown,W WABANSIA AVE,no_controls,not_divided,clear,0,2017,67635
straight_and_level,1914,under_the_influence_of_alcohol/drugs_(use_when_arrest_is_effected),no_controls,0,4,other_object,0,20,0,0,1,0,0,0,2,41.966602794,"darkness,_lighted_road",-87.658077164,10,no_indication_of_injury,1,30,no_defects,dry,N BROADWAY,no_controls,not_divided,clear,1,2017,60029