alignment,beat,contributory_cause,device_condition,dooring,dow,first_crash_type,hit_and_run,hour,injuries_fatal,injuries_incapacitating,injuries_no_indication,injuries_non_incapacitating,injuries_reported_not_evident,intersection_related,lane_count,latitude,lighting_condition,longitude,month,most_severe_injury,num_units,posted_speed_limit,road_defect,roadway_surface_cond,street,traffic_control_device,trafficway_type,weather_condition,work_zone,year,i
straight_and_level,833,improper_turning/no_signal,no_controls,0,0,parked_motor_vehicle,0,9,0,0,1,0,0,1,1,41.767731697,daylight,-87.715252507,10,no_indication_of_injury,3,30,no_defects,dry,W 69TH ST,no_controls,not_divided,clear,0,2017,68067
straight_and_level,111,improper_turning/no_signal,functioning_properly,0,3,turning,0,17,0,0,2,0,0,1,3,41.887395546,dawn,-87.629683818,10,no_indication_of_injury,2,30,no_defects,dry,N DEARBORN ST,traffic_signal,one-way,clear,0,2017,79547
straight_and_level,1814,improper_lane_usage,no_controls,0,5,sideswipe_same_direction,0,15,0,0,2,0,0,0,3,41.912039498,daylight,-87.633303772,10,no_indication_of_injury,2,30,no_defects,dry,N LA SALLE DR,no_controls,other,cloudy/overcast,0,2017,74847
straight_and_level,1923,improper_overtaking/passing,unknown,0,6,turning,0,21,0,0,2,0,0,1,2,41.947304287,"darkness,_lighted_road",-87.656659322,10,no_indication_of_injury,2,30,unknown,wet,W ADDISON ST,traffic_signal,not_divided,rain,0,2017,75853
straight_and_level,1022,equipment_-_vehicle_condition,no_controls,0,4,parked_motor_vehicle,0,7,0,0,1,0,0,0,2,41.855345753,daylight,-87.702574839,10,no_indication_of_injury,2,30,no_defects,dry,W 19TH ST,no_controls,not_divided,cloudy/overcast,0,2017,71082
straight_and_level,1833,not_applicable,no_controls,0,5,parked_motor_vehicle,1,11,0,0,1,0,0,0,2,41.897732524,daylight,-87.621366962,10,no_indication_of_injury,2,30,no_defects,dry,E PEARSON ST,no_controls,not_divided,clear,0,2017,75618
straight_and_level,1524,unable_to_determine,no_controls,0,6,parked_motor_vehicle,1,10,0,0,1,0,0,0,1,41.90093439,daylight,-87.763633649,10,no_indication_of_injury,2,30,unknown,wet,N PINE AVE,no_controls,one-way,cloudy/overcast,0,2017,84603
straight_and_level,234,failing_to_yield_right-of-way,functioning_properly,0,5,pedalcyclist,0,20,0,0,5,1,0,1,1,41.799456861,darkness,-87.591931711,10,nonincapacitating_injury,2,25,no_defects,dry,S DORCHESTER AVE,stop_sign/flasher,one-way,clear,0,2017,130919
straight_and_level,1112,unable_to_determine,no_controls,0,1,parked_motor_vehicle,1,22,0,0,3,0,0,0,1,41.89809022,"darkness,_lighted_road",-87.72508799,10,no_indication_of_injury,3,30,no_defects,dry,N HARDING AVE,no_controls,one-way,clear,0,2017,85941
straight_and_level,1814,following_too_closely,no_controls,0,4,rear_end,0,8,0,0,6,0,0,0,4,41.922120797,daylight,-87.63024326,10,no_indication_of_injury,3,40,no_defects,dry,N LAKE SHORE DR SB,no_controls,divided_-_w/median_barrier,clear,0,2017,76137
straight_and_level,1523,failing_to_yield_right-of-way,other,0,1,angle,1,12,0,0,1,0,1,1,2,41.887829735,daylight,-87.7633534,10,"reported,_not_evident",4,30,no_defects,dry,W LAKE ST,other,divided_-_w/median_barrier,clear,0,2017,77288
straight_and_level,1613,not_applicable,no_controls,0,6,fixed_object,0,4,0,0,1,0,0,0,2,41.97794037,darkness,-87.806853762,10,no_indication_of_injury,1,30,no_defects,dry,N HARLEM AVE,no_controls,not_divided,clear,0,2017,68899
straight_and_level,735,following_too_closely,functioning_properly,0,3,rear_end,0,10,0,0,3,0,0,1,3,41.764696121,daylight,-87.673592785,10,no_indication_of_injury,3,30,no_defects,dry,W 71ST ST,traffic_signal,not_divided,clear,0,2017,77993
straight_and_level,2413,"vision_obscured_(signs,_tree_limbs,_buildings,_etc.)",no_controls,0,1,angle,0,7,0,0,2,0,0,0,1,41.990904226,daylight,-87.700482833,10,no_indication_of_injury,2,25,no_defects,dry,N MOZART ST,no_controls,one-way,clear,0,2017,82706
straight_and_level,1821,unable_to_determine,no_controls,0,1,rear_end,0,21,0,0,2,1,0,0,4,41.909263391,"darkness,_lighted_road",-87.633237048,10,nonincapacitating_injury,2,30,unknown,dry,N LA SALLE DR,no_controls,divided_-_w/median_barrier,clear,0,2017,75816
straight_and_level,114,improper_lane_usage,functioning_properly,0,6,parked_motor_vehicle,0,15,0,0,1,0,0,0,1,41.886392935,daylight,-87.619007249,10,no_indication_of_injury,2,30,no_defects,dry,E SOUTH WATER ST,stop_sign/flasher,one-way,clear,0,2017,70598
straight_and_level,1634,following_too_closely,functioning_properly,0,6,rear_end,0,15,0,0,3,0,0,0,4,41.95318685,daylight,-87.757265735,10,no_indication_of_injury,2,30,no_defects,wet,W IRVING PARK RD,no_controls,not_divided,rain,0,2017,68197
straight_and_level,123,improper_overtaking/passing,no_controls,0,0,parked_motor_vehicle,1,14,0,0,1,0,0,0,2,41.873002552,daylight,-87.626480571,10,no_indication_of_injury,2,30,no_defects,dry,E BALBO AVE,no_controls,not_divided,clear,0,2017,73249
straight_and_level,1211,failing_to_reduce_speed_to_avoid_crash,functioning_properly,0,6,sideswipe_same_direction,1,1,0,0,6,0,0,1,4,41.895704525,"darkness,_lighted_road",-87.702218524,10,no_indication_of_injury,2,30,no_defects,dry,W CHICAGO AVE,traffic_signal,not_divided,clear,0,2017,64067
straight_and_level,321,failing_to_reduce_speed_to_avoid_crash,no_controls,0,2,rear_end,0,16,0,0,3,0,0,0,2,41.766639943,daylight,-87.605757237,10,no_indication_of_injury,3,30,no_defects,dry,S COTTAGE GROVE AVE,no_controls,not_divided,clear,0,2017,64722
straight_and_level,231,improper_overtaking/passing,functioning_properly,0,0,parked_motor_vehicle,0,12,0,0,1,0,0,0,1,41.79837223,daylight,-87.616218143,10,no_indication_of_injury,2,30,no_defects,dry,S DR MARTIN LUTHER KING JR DR,stop_sign/flasher,not_divided,clear,0,2017,71213
straight_and_level,2433,distraction_-_from_inside_vehicle,functioning_properly,0,6,turning,0,13,0,0,2,0,0,0,2,41.990875118,daylight,-87.674563584,10,no_indication_of_injury,2,30,no_defects,wet,W PETERSON AVE,traffic_signal,not_divided,rain,0,2017,75992
straight_and_level,112,failing_to_reduce_speed_to_avoid_crash,functioning_properly,0,0,sideswipe_same_direction,0,2,0,0,3,0,0,0,6,41.883171112,"darkness,_lighted_road",-87.624544017,10,no_indication_of_injury,3,30,no_defects,dry,N MICHIGAN AVE,traffic_signal,divided_-_w/median_barrier,clear,0,2017,77648
straight_and_level,824,unable_to_determine,no_controls,0,0,rear_end,1,0,0,0,2,0,0,0,2,41.786582933,"darkness,_lighted_road",-87.689605466,11,no_indication_of_injury,2,30,no_defects,dry,W 59TH ST,no_controls,not_divided,clear,0,2017,87822
straight_and_level,1713,unable_to_determine,no_controls,0,3,rear_end,0,20,0,0,3,0,0,0,2,41.96853854,darkness,-87.710984233,11,no_indication_of_injury,2,25,no_defects,dry,W LAWRENCE AVE,no_controls,not_divided,clear,0,2017,101348
straight_and_level,2522,improper_lane_usage,no_controls,0,3,parked_motor_vehicle,1,22,0,0,1,0,0,0,1,41.920512566,"darkness,_lighted_road",-87.743246802,11,no_indication_of_injury,2,20,no_defects,dry,W PALMER ST,no_controls,one-way,clear,0,2017,86560
straight_and_level,632,failing_to_yield_right-of-way,other,0,3,angle,0,9,0,0,8,0,0,1,2,41.73823713,daylight,-87.614719741,11,no_indication_of_injury,2,30,no_defects,dry,S DR MARTIN LUTHER KING JR DR,stop_sign/flasher,other,clear,0,2017,94182
straight_and_level,1633,unable_to_determine,no_controls,0,6,parked_motor_vehicle,1,21,0,0,1,0,0,0,1,41.943799961,darkness,-87.779132733,11,no_indication_of_injury,2,20,no_defects,dry,W CORNELIA AVE,no_controls,one-way,clear,0,2017,92189
straight_and_level,223,turning_right_on_red,functioning_properly,0,4,pedestrian,0,11,0,0,2,0,0,1,2,41.809425964,daylight,-87.606373706,11,no_indication_of_injury,2,25,no_defects,dry,E 47TH ST,traffic_signal,not_divided,clear,0,2017,91350
straight_and_level,1925,failing_to_reduce_speed_to_avoid_crash,no_controls,0,0,fixed_object,0,6,0,0,1,0,0,0,4,41.950021058,dawn,-87.644018827,11,no_indication_of_injury,1,40,no_defects,wet,N LAKE SHORE DR NB,no_controls,divided_-_w/median_(not_raised),rain,0,2017,92919
straight_and_level,1833,improper_overtaking/passing,no_controls,0,4,sideswipe_same_direction,0,13,0,0,3,0,0,0,4,41.89682132,daylight,-87.625677074,11,no_indication_of_injury,2,30,no_defects,dry,E CHICAGO AVE,no_controls,not_divided,clear,0,2017,92127
straight_and_level,1113,failing_to_yield_right-of-way,functioning_properly,0,5,turning,0,22,0,0,3,0,0,1,2,41.880718958,"darkness,_lighted_road",-87.735600609,11,no_indication_of_injury,3,30,no_defects,dry,W MADISON ST,traffic_signal,other,clear,0,2017,85327
straight_and_level,215,failing_to_reduce_speed_to_avoid_crash,no_controls,0,4,parked_motor_vehicle,1,18,0,0,4,0,0,0,2,41.810111276,darkness,-87.622713549,11,no_indication_of_injury,2,30,unknown,dry,S MICHIGAN AVE,no_controls,alley,other,0,2017,108899
straight_and_level,1723,unable_to_determine,no_controls,0,5,rear_end,1,17,0,0,2,0,0,0,1,41.966665752,daylight,-87.715817114,11,no_indication_of_injury,2,15,no_defects,dry,W LELAND AVE,no_controls,one-way,clear,0,2017,78236
straight_and_level,622,not_applicable,no_controls,0,4,parked_motor_vehicle,0,7,0,0,1,0,0,0,1,41.738167862,daylight,-87.638663221,11,no_indication_of_injury,2,35,no_defects,dry,S WALLACE ST,no_controls,one-way,clear,0,2017,89976
straight_and_level,1813,equipment_-_vehicle_condition,no_controls,0,0,parked_motor_vehicle,0,10,0,0,1,0,0,0,2,41.913957416,daylight,-87.647100754,11,no_indication_of_injury,2,30,no_defects,wet,W WILLOW ST,no_controls,not_divided,cloudy/overcast,0,2017,109847
straight_and_level,1224,improper_lane_usage,no_controls,0,1,angle,0,20,0,0,2,0,0,0,2,41.884873227,"darkness,_lighted_road",-87.64759639,11,no_indication_of_injury,2,30,no_defects,dry,N HALSTED ST,no_controls,not_divided,clear,0,2017,98889
straight_and_level,1414,disregarding_stop_sign,functioning_properly,0,5,angle,1,21,0,0,6,0,0,1,2,41.923910889,"darkness,_lighted_road",-87.702146,11,no_indication_of_injury,4,30,no_defects,wet,N SACRAMENTO AVE,stop_sign/flasher,not_divided,snow,0,2017,104309
straight_and_level,632,"vision_obscured_(signs,_tree_limbs,_buildings,_etc.)",no_controls,0,1,turning,0,8,0,0,2,0,0,0,1,41.735378137,daylight,-87.604644618,11,no_indication_of_injury,2,20,other,dry,S COTTAGE GROVE AVE,no_controls,alley,clear,0,2017,102291
straight_and_level,611,unable_to_determine,no_controls,0,1,sideswipe_opposite_direction,1,17,0,0,3,0,0,0,2,41.750308469,dusk,-87.675643593,11,no_indication_of_injury,3,30,unknown,dry,W 79TH ST,no_controls,divided_-_w/median_(not_raised),clear,0,2017,110415
straight_and_level,1411,unable_to_determine,no_controls,0,1,parked_motor_vehicle,1,7,0,0,1,0,0,0,1,41.936540179,daylight,-87.699237949,11,no_indication_of_injury,2,30,no_defects,dry,W NELSON ST,no_controls,one-way,clear,0,2017,95683
straight_and_level,824,following_too_closely,no_controls,0,5,rear_end,1,15,0,0,3,0,0,0,2,41.786414107,daylight,-87.68633777,11,no_indication_of_injury,2,30,no_defects,wet,W 59TH ST,no_controls,not_divided,rain,0,2017,86685
straight_and_level,1213,not_applicable,no_controls,0,6,parked_motor_vehicle,0,11,0,0,2,0,0,0,2,41.8961751,daylight,-87.667779246,11,no_indication_of_injury,2,30,no_defects,wet,W CHICAGO AVE,no_controls,not_divided,rain,0,2017,91067
straight_and_level,2512,failing_to_reduce_speed_to_avoid_crash,no_controls,0,0,fixed_object,1,15,0,0,1,0,0,0,1,41.916910609,daylight,-87.794887615,11,no_indication_of_injury,1,30,shoulder_defect,dry,N OAK PARK AVE,no_controls,parking_lot,clear,0,2017,89143
straight_and_level,1513,failing_to_reduce_speed_to_avoid_crash,functioning_properly,0,5,rear_end,1,19,0,0,3,0,0,1,4,41.865708743,"darkness,_lighted_road",-87.764376237,11,no_indication_of_injury,3,35,no_defects,wet,W ROOSEVELT RD,traffic_signal,not_divided,rain,0,2017,101168
straight_and_level,2211,physical_condition_of_driver,other,0,2,fixed_object,0,17,0,0,0,0,1,0,1,41.698600481,darkness,-87.711572097,11,"reported,_not_evident",1,0,no_defects,dry,W 107TH ST,no_controls,driveway,clear,0,2017,105565
straight_and_level,1211,weather,functioning_properly,0,3,rear_end,0,6,0,0,2,0,0,0,4,41.902791242,daylight,-87.701669814,11,no_indication_of_injury,2,30,no_defects,wet,N SACRAMENTO AVE,traffic_signal,not_divided,rain,0,2017,108850
straight_and_level,1224,failing_to_reduce_speed_to_avoid_crash,functioning_properly,0,2,rear_end,0,22,0,0,1,0,2,1,2,41.88165389,"darkness,_lighted_road",-87.661604728,11,"reported,_not_evident",2,30,no_defects,dry,W MADISON ST,traffic_signal,divided_-_w/median_barrier,clear,0,2017,92515
straight_and_level,1623,following_too_closely,no_controls,0,6,rear_end,0,10,0,0,3,0,0,0,2,41.967790796,daylight,-87.757777114,11,no_indication_of_injury,2,30,no_defects,wet,W LAWRENCE AVE,no_controls,divided_-_w/median_(not_raised),rain,0,2017,71754
straight_and_level,912,unable_to_determine,no_controls,0,4,rear_end,1,6,0,0,2,0,0,0,4,41.839402217,daylight,-87.675557142,11,no_indication_of_injury,2,30,no_defects,dry,S DAMEN AVE,no_controls,divided_-_w/median_barrier,clear,0,2017,58837
straight_and_level,911,unable_to_determine,no_controls,0,0,angle,0,13,0,0,2,0,0,0,2,41.823057269,daylight,-87.689874952,11,no_indication_of_injury,2,25,unknown,dry,S ROCKWELL ST,no_controls,not_divided,clear,0,2017,93744
straight_and_level,412,equipment_-_vehicle_condition,functioning_properly,0,4,head_on,0,7,0,0,2,0,0,0,2,41.744299193,daylight,-87.570084335,11,no_indication_of_injury,2,30,no_defects,dry,E 83RD ST,stop_sign/flasher,divided_-_w/median_(not_raised),clear,0,2017,88805
straight_and_level,822,unable_to_determine,no_controls,0,3,angle,1,8,0,0,2,0,0,1,2,41.786155308,daylight,-87.703493141,11,no_indication_of_injury,2,30,unknown,dry,S KEDZIE AVE,no_controls,not_divided,clear,0,2017,109551
straight_and_level,1411,unable_to_determine,no_controls,0,5,fixed_object,0,17,0,0,1,0,0,0,0,41.932067788,"darkness,_lighted_road",-87.687939714,11,no_indication_of_injury,1,0,no_defects,unknown,W DIVERSEY AVE,no_controls,parking_lot,snow,0,2017,104630
straight_and_level,1235,unable_to_determine,no_controls,0,1,parked_motor_vehicle,1,13,0,0,1,0,0,0,1,41.854614759,daylight,-87.651322092,11,no_indication_of_injury,2,5,no_defects,dry,S MORGAN ST,no_controls,parking_lot,clear,0,2017,100555
straight_and_level,825,unable_to_determine,no_controls,0,5,turning,1,13,0,0,2,0,0,0,4,41.779123484,daylight,-87.683783099,11,no_indication_of_injury,2,25,no_defects,dry,S WESTERN AVE,no_controls,divided_-_w/median_(not_raised),clear,0,2017,60987
straight_and_level,434,weather,no_controls,0,6,rear_end,0,19,0,0,4,0,0,0,4,41.660283894,"darkness,_lighted_road",-87.58866624,11,no_indication_of_injury,2,30,no_defects,wet,E 130TH ST,no_controls,divided_-_w/median_(not_raised),rain,0,2017,68601
straight_and_level,2424,failing_to_yield_right-of-way,no_controls,0,3,pedestrian,0,18,0,0,1,1,0,1,2,42.014118211,darkness,-87.683564743,11,nonincapacitating_injury,2,30,no_defects,dry,N RIDGE BLVD,no_controls,not_divided,clear,0,2017,109844
straight_and_level,1212,unable_to_determine,no_controls,0,6,parked_motor_vehicle,0,10,0,0,2,0,0,0,4,41.899276249,daylight,-87.686507172,11,no_indication_of_injury,2,30,no_defects,ice,W AUGUSTA BLVD,no_controls,divided_-_w/median_(not_raised),cloudy/overcast,0,2017,91602
straight_and_level,1233,unable_to_determine,no_controls,0,1,angle,1,16,0,0,1,0,1,1,2,41.866913348,"darkness,_lighted_road",-87.659270236,11,"reported,_not_evident",2,20,no_defects,dry,S THROOP ST,no_controls,not_divided,clear,0,2017,93418
straight_and_level,622,unable_to_determine,unknown,0,2,parked_motor_vehicle,1,7,0,0,1,0,0,0,2,41.746236272,daylight,-87.643766038,11,no_indication_of_injury,2,30,unknown,dry,S HALSTED ST,no_controls,not_divided,clear,0,2017,109303
straight_and_level,2024,unable_to_determine,no_controls,0,4,parked_motor_vehicle,1,18,0,0,1,0,0,0,2,41.976355043,unknown,-87.652272659,11,no_indication_of_injury,2,30,no_defects,unknown,N MARINE DR,no_controls,not_divided,unknown,0,2017,109993
straight_and_level,613,unable_to_determine,functioning_properly,0,1,rear_end,1,9,0,0,2,0,0,1,2,41.743112349,daylight,-87.653305934,11,no_indication_of_injury,2,30,no_defects,dry,W 83RD ST,traffic_signal,divided_-_w/median_(not_raised),clear,0,2017,109595
straight_and_level,1121,unable_to_determine,no_controls,0,6,parked_motor_vehicle,1,0,0,0,1,0,0,0,2,41.8994649,"darkness,_lighted_road",-87.711420404,11,no_indication_of_injury,2,30,no_defects,dry,N HOMAN AVE,no_controls,not_divided,clear,0,2017,100830
straight_and_level,914,improper_turning/no_signal,no_controls,0,1,turning,0,15,0,0,2,0,0,0,2,41.855281704,daylight,-87.631992642,11,no_indication_of_injury,2,30,no_defects,dry,S WENTWORTH AVE,no_controls,alley,clear,0,2017,90654
straight_and_level,2011,improper_turning/no_signal,no_controls,0,3,turning,0,7,0,0,2,0,0,0,2,41.976035681,daylight,-87.692495318,11,no_indication_of_injury,2,30,no_defects,dry,N LINCOLN AVE,no_controls,not_divided,clear,0,2017,110730
straight_and_level,1925,improper_overtaking/passing,no_controls,0,4,sideswipe_same_direction,1,16,0,0,2,0,1,0,2,41.954227869,daylight,-87.644393827,11,"reported,_not_evident",2,30,unknown,wet,N LAKE SHORE DR NB,no_controls,ramp,rain,0,2017,74432
straight_and_level,1831,unable_to_determine,no_controls,0,4,sideswipe_same_direction,1,23,0,0,2,0,0,0,2,41.89165679,"darkness,_lighted_road",-87.636961031,11,no_indication_of_injury,2,25,no_defects,dry,W GRAND AVE,no_controls,one-way,clear,0,2017,107226
straight_and_level,1915,following_too_closely,functioning_properly,0,1,rear_end,0,15,0,0,3,0,0,1,4,41.954490372,daylight,-87.662105594,11,no_indication_of_injury,3,30,no_defects,dry,W IRVING PARK RD,traffic_signal,not_divided,clear,0,2017,92052
straight_and_level,432,unable_to_determine,no_controls,0,6,angle,0,15,0,0,4,0,0,0,2,41.703620539,dusk,-87.53513883,11,no_indication_of_injury,2,30,no_defects,wet,S EWING AVE,no_controls,divided_-_w/median_(not_raised),rain,0,2017,92550
straight_and_level,1033,improper_turning/no_signal,functioning_properly,0,2,turning,0,19,0,0,2,0,0,1,0,41.837385459,"darkness,_lighted_road",-87.702442532,11,no_indication_of_injury,2,30,no_defects,dry,W 31ST ST,traffic_signal,not_divided,clear,0,2017,91733
straight_and_level,2212,unable_to_determine,no_controls,0,5,parked_motor_vehicle,0,12,0,0,1,0,0,0,2,41.680903027,"darkness,_lighted_road",-87.674461791,11,no_indication_of_injury,2,30,no_defects,dry,S LONGWOOD DR,no_controls,not_divided,clear,0,2017,57629
straight_and_level,1632,disregarding_traffic_signals,functioning_properly,0,2,turning,0,7,0,0,2,0,0,1,2,41.938185739,daylight,-87.801290173,11,no_indication_of_injury,2,30,no_defects,dry,W BELMONT AVE,traffic_signal,divided_-_w/median_(not_raised),clear,0,2017,94101
straight_and_level,312,following_too_closely,no_controls,0,3,rear_end,1,9,0,0,1,0,1,0,2,41.780008277,daylight,-87.625522512,11,"reported,_not_evident",2,30,no_defects,wet,S STATE ST,no_controls,divided_-_w/median_barrier,rain,0,2017,110520
straight_and_level,2511,failing_to_yield_right-of-way,functioning_properly,0,4,angle,0,17,0,0,2,0,0,0,2,41.938250184,daylight,-87.786162177,11,no_indication_of_injury,2,30,no_defects,dry,N NARRAGANSETT AVE,traffic_signal,not_divided,clear,0,2017,89136
straight_and_level,131,following_too_closely,functioning_improperly,0,4,rear_end,0,12,0,0,3,0,0,1,4,41.852965144,daylight,-87.625096935,11,no_indication_of_injury,2,30,no_defects,dry,E CERMAK RD,stop_sign/flasher,divided_-_w/median_(not_raised),clear,1,2017,87856
straight_and_level,412,improper_turning/no_signal,functioning_properly,0,1,turning,0,7,0,0,1,1,0,1,2,41.742552782,daylight,-87.566242523,11,nonincapacitating_injury,2,30,no_defects,dry,S YATES BLVD,stop_sign/flasher,not_divided,clear,0,2017,109105
straight_and_level,1224,unable_to_determine,no_controls,0,3,turning,0,13,0,0,3,0,0,0,4,41.88188834,daylight,-87.647321094,11,no_indication_of_injury,2,30,no_defects,dry,W MADISON ST,no_controls,not_divided,clear,0,2017,87392
straight_and_level,1913,unable_to_determine,no_controls,0,4,parked_motor_vehicle,0,21,0,0,3,0,0,0,2,41.964914098,"darkness,_lighted_road",-87.661157739,11,no_indication_of_injury,2,30,no_defects,dry,N MAGNOLIA AVE,no_controls,parking_lot,clear,0,2017,92900
straight_and_level,1135,unable_to_determine,no_controls,0,1,parked_motor_vehicle,1,2,0,0,1,0,0,0,2,41.871132032,darkness,-87.699815019,11,no_indication_of_injury,3,25,no_defects,dry,W POLK ST,no_controls,not_divided,clear,0,2017,96153
straight_and_level,1624,unable_to_determine,no_controls,0,3,rear_end,0,10,0,0,2,0,0,0,2,41.960584428,daylight,-87.750030708,11,no_indication_of_injury,2,35,no_defects,wet,W MONTROSE AVE,no_controls,not_divided,cloudy/overcast,0,2017,88074
straight_and_level,1524,unable_to_determine,no_controls,0,0,fixed_object,0,5,0,0,1,1,0,0,2,41.895029124,"darkness,_lighted_road",-87.757045601,11,nonincapacitating_injury,2,30,no_defects,wet,W CHICAGO AVE,no_controls,divided_-_w/median_(not_raised),rain,0,2017,106390
straight_and_level,1733,not_applicable,no_controls,0,2,other_noncollision,0,9,0,0,1,0,0,0,4,41.946791809,daylight,-87.698094337,11,no_indication_of_injury,1,30,no_defects,dry,W ADDISON ST,no_controls,divided_-_w/median_(not_raised),clear,0,2017,92074
straight_and_level,312,unable_to_determine,functioning_properly,0,6,sideswipe_opposite_direction,0,16,0,0,2,0,0,1,2,41.780008277,dusk,-87.625522512,11,no_indication_of_injury,2,30,no_defects,dry,S STATE ST,traffic_signal,not_divided,clear,1,2017,87385
straight_and_level,1834,improper_backing,no_controls,0,3,rear_end,0,7,0,0,2,0,0,0,2,41.89208965,daylight,-87.626880726,11,no_indication_of_injury,2,30,no_defects,dry,N WABASH AVE,no_controls,not_divided,clear,0,2017,101910
straight_and_level,1022,disregarding_stop_sign,functioning_properly,0,4,pedalcyclist,0,20,0,1,1,0,0,1,2,41.855533524,darkness,-87.695714955,11,incapacitating_injury,2,25,no_defects,wet,S CALIFORNIA AVE,stop_sign/flasher,divided_-_w/median_(not_raised),rain,0,2017,131002
straight_and_level,2413,unable_to_determine,no_controls,0,4,angle,0,4,0,0,2,0,0,0,2,41.993983952,"darkness,_lighted_road",-87.68970095,11,no_indication_of_injury,2,30,no_defects,dry,W GRANVILLE AVE,no_controls,not_divided,clear,0,2017,91572
straight_and_level,222,unable_to_determine,no_controls,0,4,sideswipe_same_direction,0,23,0,0,3,0,0,0,2,41.806170388,daylight,-87.585799573,11,no_indication_of_injury,2,30,no_defects,dry,S CHICAGO BEACH DR,no_controls,not_divided,clear,0,2017,94762
straight_and_level,932,failing_to_yield_right-of-way,no_controls,0,3,angle,0,15,0,0,2,0,0,1,2,41.80120893,daylight,-87.666140561,11,no_indication_of_injury,2,35,no_defects,wet,S MARSHFIELD AVE,no_controls,not_divided,clear,0,2017,88490
straight_and_level,1612,following_too_closely,no_controls,0,3,rear_end,0,5,0,0,2,0,0,0,4,41.99693256,"darkness,_lighted_road",-87.80694863,11,no_indication_of_injury,2,30,no_defects,dry,N HARLEM AVE,no_controls,not_divided,clear,0,2017,93737
straight_and_level,1634,failing_to_yield_right-of-way,functioning_properly,0,6,parked_motor_vehicle,0,11,0,0,2,0,0,0,4,41.93892926,daylight,-87.74702103,11,no_indication_of_injury,2,30,no_defects,wet,N CICERO AVE,traffic_signal,divided_-_w/median_(not_raised),rain,0,2017,102993
straight_and_level,2411,unable_to_determine,no_controls,0,1,sideswipe_same_direction,0,14,0,0,9,0,0,0,4,42.010628298,daylight,-87.690064261,11,no_indication_of_injury,2,30,unknown,unknown,N WESTERN AVE,no_controls,divided_-_w/median_(not_raised),clear,0,2017,110394
straight_and_level,2023,disregarding_stop_sign,functioning_properly,0,0,angle,0,19,0,0,4,0,0,1,2,41.97648449,"darkness,_lighted_road",-87.656383894,11,no_indication_of_injury,2,30,no_defects,dry,W FOSTER AVE,stop_sign/flasher,not_divided,clear,0,2017,95884
straight_and_level,132,distraction_-_from_outside_vehicle,not_functioning,0,2,rear_end,0,23,0,1,1,0,0,0,8,41.860257241,darkness,-87.617710633,11,incapacitating_injury,2,40,no_defects,dry,S LAKE SHORE DR E,no_controls,divided_-_w/median_barrier,clear,0,2017,91737
straight_and_level,833,unable_to_determine,no_controls,0,4,rear_end,0,9,0,0,2,0,0,0,2,41.771336629,daylight,-87.741913433,11,no_indication_of_injury,2,30,unknown,dry,S CICERO AVE,no_controls,not_divided,clear,0,2017,97289
straight_and_level,2223,failing_to_reduce_speed_to_avoid_crash,no_controls,0,3,pedestrian,1,15,0,0,1,1,0,0,4,41.724858012,daylight,-87.643452218,11,nonincapacitating_injury,2,35,unknown,dry,S HALSTED ST,no_controls,divided_-_w/median_(not_raised),clear,0,2017,100576
straight_and_level,2411,following_too_closely,no_controls,0,2,rear_end,0,8,0,0,2,0,0,0,2,42.012057219,daylight,-87.705164904,11,no_indication_of_injury,2,30,unknown,unknown,W TOUHY AVE,no_controls,not_divided,clear,0,2017,100811
straight_and_level,2424,unable_to_determine,no_controls,0,4,fixed_object,1,6,0,0,1,0,0,0,1,42.014592353,daylight,-87.6806364,11,no_indication_of_injury,1,15,no_defects,dry,N DAMEN AVE,no_controls,alley,clear,0,2017,102837
straight_on_grade,1831,weather,functioning_properly,0,5,sideswipe_same_direction,0,10,0,0,2,0,0,0,6,41.887557873,daylight,-87.628153065,11,no_indication_of_injury,2,30,no_defects,snow_or_slush,N STATE ST,traffic_signal,divided_-_w/median_barrier,snow,0,2017,96069
straight_and_level,1935,unable_to_determine,no_controls,0,0,parked_motor_vehicle,1,12,0,0,1,0,0,0,1,41.927073918,daylight,-87.644153087,11,no_indication_of_injury,2,30,no_defects,wet,N GENEVA TER,no_controls,one-way,rain,0,2017,63234
straight_and_level,2223,failing_to_yield_right-of-way,functioning_properly,0,2,angle,0,15,0,0,2,0,0,1,4,41.714013642,daylight,-87.651980145,11,no_indication_of_injury,2,30,no_defects,dry,W 99TH ST,stop_sign/flasher,not_divided,clear,0,2017,107037
straight_and_level,532,unable_to_determine,no_controls,0,6,turning,0,14,0,0,6,0,0,1,2,41.66323253,daylight,-87.61771683,11,no_indication_of_injury,2,30,no_defects,wet,E 127TH ST,stop_sign/flasher,not_divided,rain,0,2017,59911
straight_and_level,622,improper_overtaking/passing,no_controls,0,2,head_on,0,15,0,0,2,0,0,1,2,41.743467706,daylight,-87.629382405,11,no_indication_of_injury,2,30,no_defects,dry,W 83RD ST,no_controls,not_divided,clear,0,2017,108433