alignment,beat,contributory_cause,device_condition,dooring,dow,first_crash_type,hit_and_run,hour,injuries_fatal,injuries_incapacitating,injuries_no_indication,injuries_non_incapacitating,injuries_reported_not_evident,intersection_related,lane_count,latitude,lighting_condition,longitude,month,most_severe_injury,num_units,posted_speed_limit,road_defect,roadway_surface_cond,street,traffic_control_device,trafficway_type,weather_condition,work_zone,year,i
straight_and_level,1232,improper_turning/no_signal,functioning_properly,0,4,turning,0,13,0,0,3,0,0,1,0,41.878947605,daylight,-87.656933896,11,no_indication_of_injury,2,30,no_defects,dry,W ADAMS ST,traffic_signal,one-way,clear,0,2017,96854
straight_and_level,1211,following_too_closely,no_controls,0,5,sideswipe_same_direction,0,10,0,0,2,0,0,0,2,41.899433363,daylight,-87.692676287,11,no_indication_of_injury,2,30,no_defects,dry,W AUGUSTA BLVD,no_controls,divided_-_w/median_(not_raised),clear,0,2017,82276
straight_and_level,912,following_too_closely,functioning_properly,0,2,rear_end,0,14,0,0,2,0,0,1,4,41.831790858,daylight,-87.675129548,11,no_indication_of_injury,2,30,no_defects,dry,S ARCHER AVE,traffic_signal,not_divided,cloudy/overcast,0,2017,99717
straight_and_level,412,weather,no_controls,0,5,rear_end,0,17,0,0,2,0,0,1,2,41.740602115,daylight,-87.57592146,11,no_indication_of_injury,2,30,unknown,ice,S JEFFERY BLVD,no_controls,not_divided,other,0,2017,100955
straight_and_level,213,unable_to_determine,no_controls,0,5,fixed_object,0,8,0,0,2,0,0,0,4,41.823590215,daylight,-87.627531735,11,no_indication_of_injury,1,30,no_defects,dry,W PERSHING RD,no_controls,not_divided,clear,0,2017,79174
straight_and_level,412,following_too_closely,functioning_properly,0,5,rear_end,0,22,0,0,2,0,0,0,2,41.736844788,"darkness,_lighted_road",-87.598638264,11,no_indication_of_injury,2,25,unknown,dry,E 87TH ST,traffic_signal,not_divided,clear,0,2017,76708
straight_and_level,1833,unable_to_determine,no_controls,0,6,sideswipe_same_direction,0,13,0,0,2,0,0,0,4,41.898126368,daylight,-87.617723727,11,no_indication_of_injury,2,30,no_defects,dry,N LAKE SHORE DR NB,no_controls,not_divided,clear,0,2017,92014
straight_and_level,1522,unable_to_determine,no_controls,0,2,parked_motor_vehicle,0,15,0,0,1,0,0,0,0,41.871127705,daylight,-87.757434047,11,no_indication_of_injury,2,30,no_defects,dry,W LEXINGTON ST,no_controls,parking_lot,clear,0,2017,104111
straight_and_level,2212,unable_to_determine,no_controls,0,5,parked_motor_vehicle,1,10,0,0,1,0,0,0,1,41.691381642,unknown,-87.668635398,11,no_indication_of_injury,2,5,unknown,unknown,S ESMOND ST,no_controls,not_divided,clear,0,2017,102814
straight_and_level,1234,unable_to_determine,no_controls,0,1,parked_motor_vehicle,1,9,0,0,1,0,0,0,2,41.856716997,unknown,-87.683174521,11,no_indication_of_injury,2,25,no_defects,dry,S OAKLEY AVE,no_controls,not_divided,clear,0,2017,92404
straight_and_level,1814,failing_to_yield_right-of-way,no_controls,0,2,angle,1,10,0,0,2,0,0,0,2,41.912096887,daylight,-87.634886475,11,no_indication_of_injury,2,30,no_defects,dry,N WELLS ST,no_controls,not_divided,clear,0,2017,101581
straight_and_level,1433,"distraction_-_other_electronic_device_(navigation_device,_dvd_player,_etc.)",functioning_properly,0,2,turning,0,22,0,0,2,0,0,1,5,41.907034481,"darkness,_lighted_road",-87.667737902,11,no_indication_of_injury,2,30,no_defects,dry,N ASHLAND AVE,traffic_signal,center_turn_lane,clear,0,2017,89723
straight_and_level,2531,weather,no_controls,0,6,rear_end,0,14,0,0,6,0,0,0,2,41.913451908,daylight,-87.76579173,11,no_indication_of_injury,3,30,unknown,wet,N CENTRAL AVE,no_controls,not_divided,rain,0,2017,65177
straight_and_level,2523,unable_to_determine,no_controls,0,6,sideswipe_opposite_direction,1,12,0,0,1,0,3,0,2,41.938329906,dusk,-87.717511788,11,"reported,_not_evident",2,30,no_defects,wet,N CENTRAL PARK AVE,no_controls,divided_-_w/median_(not_raised),rain,0,2017,73429
straight_and_level,1832,under_the_influence_of_alcohol/drugs_(use_when_arrest_is_effected),functioning_properly,0,5,angle,0,2,0,0,2,0,0,1,0,41.892485454,"darkness,_lighted_road",-87.62982444,11,no_indication_of_injury,2,30,no_defects,dry,N DEARBORN ST,traffic_signal,one-way,clear,0,2017,106699
straight_and_level,834,following_too_closely,no_controls,0,5,sideswipe_same_direction,0,14,0,0,2,1,1,0,2,41.749552179,daylight,-87.712037361,11,nonincapacitating_injury,3,35,no_defects,wet,S CENTRAL PARK AVE,no_controls,divided_-_w/median_barrier,rain,0,2017,101333
straight_and_level,631,failing_to_reduce_speed_to_avoid_crash,functioning_properly,0,4,rear_end,0,19,0,0,2,0,0,0,4,41.743758628,"darkness,_lighted_road",-87.624749698,11,no_indication_of_injury,2,30,no_defects,dry,W 83RD ST,traffic_signal,divided_-_w/median_(not_raised),clear,0,2017,90319
straight_and_level,1834,unable_to_determine,functioning_properly,0,0,turning,1,17,0,0,2,0,0,0,4,41.894841873,"darkness,_lighted_road",-87.615480401,11,no_indication_of_injury,2,30,other,dry,N LAKE SHORE DR NB,other,not_divided,clear,0,2017,65097
straight_and_level,424,improper_backing,no_controls,0,4,rear_end,1,13,0,0,2,0,0,0,2,41.741973333,daylight,-87.551371477,11,no_indication_of_injury,2,0,no_defects,dry,S COMMERCIAL AVE,no_controls,divided_-_w/median_(not_raised),clear,0,2017,84929
straight_and_level,634,not_applicable,functioning_properly,0,6,rear_end,1,23,0,0,2,0,0,0,2,41.728930723,"darkness,_lighted_road",-87.625382756,11,no_indication_of_injury,2,30,no_defects,dry,S LAFAYETTE AVE,traffic_signal,one-way,clear,0,2017,110356
straight_and_level,2533,improper_overtaking/passing,functioning_properly,0,3,sideswipe_same_direction,0,8,0,0,2,0,0,0,4,41.909481181,daylight,-87.748777359,11,no_indication_of_injury,2,35,no_defects,dry,W NORTH AVE,traffic_signal,divided_-_w/median_(not_raised),clear,0,2017,96999
straight_and_level,1624,not_applicable,no_controls,0,1,parked_motor_vehicle,0,19,0,0,1,0,0,0,2,41.953350049,darkness,-87.762202543,11,no_indication_of_injury,2,30,no_defects,dry,W IRVING PARK RD,no_controls,not_divided,clear,0,2017,101627
straight_and_level,814,unable_to_determine,no_controls,0,0,rear_end,1,1,0,0,2,0,0,0,3,41.796606075,darkness,-87.743004026,11,no_indication_of_injury,2,30,unknown,wet,S CICERO AVE,no_controls,not_divided,rain,0,2017,65455
straight_and_level,624,improper_turning/no_signal,functioning_properly,0,6,turning,1,11,0,0,2,0,0,0,4,41.751194338,daylight,-87.605367326,11,no_indication_of_injury,2,30,no_defects,wet,S COTTAGE GROVE AVE,traffic_signal,not_divided,rain,0,2017,108349
straight_and_level,1222,"operating_vehicle_in_erratic,_reckless,_careless,_negligent_or_aggressive_manner",no_controls,0,0,parked_motor_vehicle,0,6,0,0,2,0,0,0,2,41.887355503,daylight,-87.699066208,11,no_indication_of_injury,4,30,no_defects,wet,N FRANCISCO AVE,no_controls,divided_-_w/median_(not_raised),cloudy/overcast,0,2017,94661
straight_and_level,1623,failing_to_reduce_speed_to_avoid_crash,no_controls,0,5,rear_end,0,13,0,0,2,0,0,0,2,41.982508222,daylight,-87.768205204,11,no_indication_of_injury,2,30,no_defects,wet,N CENTRAL AVE,no_controls,divided_-_w/median_(not_raised),snow,0,2017,96997
straight_and_level,413,following_too_closely,no_controls,0,6,rear_end,0,15,0,0,2,0,0,0,2,41.727727438,daylight,-87.585594309,11,no_indication_of_injury,2,30,no_defects,dry,S STONY ISLAND AVE,no_controls,not_divided,clear,0,2017,98450
straight_and_level,122,unable_to_determine,no_controls,0,0,fixed_object,0,8,0,0,1,0,0,0,2,41.885292964,daylight,-87.634064611,11,no_indication_of_injury,1,30,no_defects,wet,N WELLS ST,no_controls,one-way,clear,0,2017,91347
straight_and_level,1723,failing_to_yield_right-of-way,functioning_properly,0,3,angle,0,12,0,0,4,0,0,1,2,41.959357224,daylight,-87.713233973,11,no_indication_of_injury,4,30,no_defects,wet,N KIMBALL AVE,stop_sign/flasher,divided_-_w/median_(not_raised),cloudy/overcast,0,2017,92525
straight_and_level,2234,disregarding_road_markings,functioning_properly,0,4,turning,1,5,0,0,2,0,0,0,3,41.689374453,"darkness,_lighted_road",-87.660909125,11,no_indication_of_injury,2,30,no_defects,dry,S HAMLET AVE,traffic_signal,one-way,clear,0,2017,100386
straight_and_level,434,failing_to_yield_right-of-way,no_controls,0,3,turning,0,15,0,1,2,1,0,0,2,41.707763501,daylight,-87.580582843,11,incapacitating_injury,2,30,no_defects,dry,E 103RD ST,no_controls,divided_-_w/median_(not_raised),clear,0,2017,105756
straight_and_level,2524,following_too_closely,no_controls,0,2,rear_end,0,14,0,0,2,0,0,0,2,41.924520407,daylight,-87.732954725,11,no_indication_of_injury,2,30,no_defects,dry,W FULLERTON AVE,no_controls,not_divided,clear,0,2017,110668
straight_and_level,1934,improper_lane_usage,functioning_properly,0,2,turning,0,7,0,0,2,0,0,1,4,41.940072631,daylight,-87.639093508,11,no_indication_of_injury,2,30,no_defects,dry,W BELMONT AVE,lane_use_marking,not_divided,clear,0,2017,97714
straight_and_level,1133,exceeding_safe_speed_for_conditions,no_controls,0,5,parked_motor_vehicle,1,18,0,0,1,0,0,0,1,41.871881401,darkness,-87.714562937,11,no_indication_of_injury,2,30,no_defects,ice,W LEXINGTON ST,no_controls,one-way,snow,0,2017,90497
straight_and_level,411,distraction_-_from_inside_vehicle,functioning_properly,0,5,rear_end,0,8,0,0,3,1,4,0,1,41.75706451,daylight,-87.585165382,11,nonincapacitating_injury,2,25,no_defects,dry,E 76TH ST,traffic_signal,not_divided,clear,0,2017,89215
straight_and_level,1213,failing_to_yield_right-of-way,no_controls,0,5,angle,1,10,0,0,2,0,0,0,2,41.898335293,daylight,-87.651400121,11,no_indication_of_injury,2,30,no_defects,wet,W CHESTNUT ST,no_controls,not_divided,snow,0,2017,92161
straight_and_level,735,improper_backing,no_controls,0,5,parked_motor_vehicle,0,17,0,0,1,0,0,0,0,41.764859382,"darkness,_lighted_road",-87.663940176,11,no_indication_of_injury,2,10,no_defects,dry,S ASHLAND AVE,no_controls,other,clear,0,2017,87883
straight_and_level,532,unable_to_determine,functioning_properly,0,1,fixed_object,0,19,0,0,0,1,0,1,2,41.685271223,"darkness,_lighted_road",-87.620947158,11,nonincapacitating_injury,1,30,no_defects,dry,S MICHIGAN AVE,traffic_signal,not_divided,clear,0,2017,93255
straight_and_level,1624,physical_condition_of_driver,no_controls,0,5,parked_motor_vehicle,0,4,0,0,1,0,0,0,2,41.958111739,darkness,-87.784433796,11,no_indication_of_injury,2,20,no_defects,dry,N MOBILE AVE,no_controls,not_divided,clear,0,2017,106304
straight_and_level,1935,weather,no_controls,0,5,parked_motor_vehicle,1,11,0,0,1,0,0,0,4,41.929263666,daylight,-87.645445223,11,no_indication_of_injury,2,30,no_defects,snow_or_slush,W WRIGHTWOOD AVE,no_controls,not_divided,snow,0,2017,94355
straight_and_level,1021,disregarding_traffic_signals,functioning_properly,0,0,angle,0,16,0,0,2,0,0,1,6,41.856350538,daylight,-87.710375249,11,no_indication_of_injury,2,30,no_defects,dry,W OGDEN AVE,traffic_signal,divided_-_w/median_barrier,clear,0,2017,92116
straight_and_level,1211,improper_turning/no_signal,functioning_properly,0,3,turning,0,9,0,0,2,0,0,1,4,41.896508308,daylight,-87.702379082,11,no_indication_of_injury,2,30,no_defects,dry,N SACRAMENTO BLVD,traffic_signal,divided_-_w/median_(not_raised),cloudy/overcast,0,2017,65042
straight_and_level,124,unable_to_determine,functioning_properly,0,5,pedestrian,0,18,0,0,4,0,1,1,0,41.863598756,"darkness,_lighted_road",-87.639273257,11,"reported,_not_evident",2,35,no_defects,dry,S CANAL ST,traffic_signal,divided_-_w/median_(not_raised),clear,0,2017,93184
straight_and_level,2515,unable_to_determine,no_controls,0,2,parked_motor_vehicle,1,8,0,0,1,0,0,0,1,41.92053422,daylight,-87.769660577,11,no_indication_of_injury,2,30,no_defects,dry,N MANGO AVE,no_controls,one-way,clear,0,2017,107730
straight_and_level,1024,improper_backing,no_controls,0,0,rear_end,0,10,0,0,2,0,0,0,2,41.853668466,daylight,-87.711352405,11,no_indication_of_injury,2,30,no_defects,wet,W 21ST ST,no_controls,not_divided,clear,0,2017,110274
straight_and_level,913,failing_to_yield_right-of-way,functioning_properly,0,3,turning,0,6,0,0,3,0,0,1,4,41.844590064,dawn,-87.651635525,11,no_indication_of_injury,2,30,no_defects,dry,S ARCHER AVE,stop_sign/flasher,not_divided,clear,0,2017,87415
straight_and_level,726,failing_to_yield_right-of-way,functioning_properly,0,4,turning,0,20,0,1,1,0,0,0,4,41.772030915,dusk,-87.673859538,11,incapacitating_injury,2,30,no_defects,dry,S DAMEN AVE,traffic_signal,center_turn_lane,clear,0,2017,90101
straight_and_level,1921,improper_overtaking/passing,functioning_properly,0,4,sideswipe_same_direction,0,7,0,0,2,0,0,0,4,41.953913903,daylight,-87.687728904,11,no_indication_of_injury,2,25,no_defects,snow_or_slush,W IRVING PARK RD,traffic_signal,unknown,clear,0,2017,107657
straight_and_level,732,following_too_closely,no_controls,0,3,parked_motor_vehicle,1,15,0,0,1,0,0,0,2,41.764149176,dawn,-87.637219934,11,no_indication_of_injury,2,30,no_defects,dry,S NORMAL BLVD,no_controls,not_divided,clear,0,2017,100779
straight_and_level,1911,unable_to_determine,functioning_properly,0,1,rear_end,0,15,0,0,4,0,0,0,4,41.964914282,"darkness,_lighted_road",-87.688645877,11,no_indication_of_injury,2,30,no_defects,dry,N WESTERN AVE,traffic_signal,divided_-_w/median_(not_raised),clear,0,2017,90427
straight_and_level,2023,following_too_closely,functioning_properly,0,2,sideswipe_same_direction,0,16,0,0,2,0,0,0,5,41.983250232,daylight,-87.65991099,11,no_indication_of_injury,2,30,no_defects,dry,N BROADWAY,traffic_signal,center_turn_lane,clear,0,2017,89653
straight_and_level,1911,failing_to_yield_right-of-way,functioning_properly,0,4,turning,1,11,0,0,2,0,0,0,2,41.96841572,daylight,-87.699711721,11,no_indication_of_injury,2,30,no_defects,dry,W LAWRENCE AVE,stop_sign/flasher,not_divided,clear,0,2017,86008
straight_and_level,811,not_applicable,no_controls,0,5,rear_end,0,17,0,0,6,0,0,0,4,41.791129747,"darkness,_lighted_road",-87.801347148,11,no_indication_of_injury,4,30,no_defects,dry,S HARLEM AVE,no_controls,divided_-_w/median_(not_raised),clear,0,2017,94603
straight_and_level,2023,following_too_closely,functioning_properly,0,5,rear_end,0,22,0,0,2,0,0,1,2,41.976541732,"darkness,_lighted_road",-87.65265764,11,no_indication_of_injury,2,30,no_defects,wet,W FOSTER AVE,traffic_signal,divided_-_w/median_(not_raised),rain,0,2017,110564
straight_and_level,1622,improper_turning/no_signal,functioning_properly,0,2,turning,0,8,0,0,2,0,0,1,4,41.982074556,daylight,-87.787604479,11,no_indication_of_injury,2,30,no_defects,dry,N NAGLE AVE,traffic_signal,not_divided,clear,0,2017,88194
straight_and_level,111,unable_to_determine,no_controls,0,1,turning,0,13,0,0,2,0,0,0,2,41.885861337,daylight,-87.628313743,11,no_indication_of_injury,2,30,no_defects,dry,W LAKE ST,no_controls,one-way,clear,0,2017,93035
straight_and_level,923,improper_overtaking/passing,functioning_properly,0,2,sideswipe_same_direction,0,13,0,0,2,0,0,1,4,41.801257492,daylight,-87.684281116,11,no_indication_of_injury,2,30,no_defects,dry,W 51ST ST,traffic_signal,divided_-_w/median_(not_raised),cloudy/overcast,0,2017,102119
straight_and_level,2232,improper_turning/no_signal,functioning_properly,0,0,turning,0,0,0,0,2,0,0,1,3,41.714323337,"darkness,_lighted_road",-87.643066714,11,no_indication_of_injury,2,35,no_defects,dry,W 99TH ST,traffic_signal,center_turn_lane,clear,0,2017,101035
straight_and_level,421,unable_to_determine,no_controls,0,3,parked_motor_vehicle,0,4,0,0,2,0,0,0,1,41.755849376,"darkness,_lighted_road",-87.552384739,11,no_indication_of_injury,2,0,no_defects,dry,S SOUTH SHORE DR,no_controls,driveway,clear,0,2017,61415
straight_and_level,423,unable_to_determine,no_controls,0,3,angle,1,9,0,0,2,0,0,0,1,41.741274136,daylight,-87.556207125,11,no_indication_of_injury,2,30,no_defects,dry,S BURNHAM AVE,no_controls,alley,clear,0,2017,97476
straight_and_level,1913,not_applicable,no_controls,0,5,sideswipe_same_direction,0,14,0,0,2,0,0,0,2,41.965496029,daylight,-87.65848068,11,no_indication_of_injury,2,30,no_defects,dry,W WILSON AVE,no_controls,not_divided,clear,0,2017,71019
straight_on_grade,825,unable_to_determine,unknown,0,6,rear_end,1,21,0,0,2,0,0,0,1,41.779840307,"darkness,_lighted_road",-87.68502554,11,no_indication_of_injury,2,30,no_defects,dry,S ARTESIAN AVE,no_controls,one-way,clear,0,2017,93680
straight_and_level,131,driving_skills/knowledge/experience,functioning_properly,0,1,sideswipe_same_direction,0,8,0,0,2,0,0,1,1,41.867329538,daylight,-87.627272324,11,no_indication_of_injury,2,30,no_defects,dry,S STATE ST,traffic_signal,divided_-_w/median_barrier,clear,0,2017,93672
straight_and_level,1611,following_too_closely,no_controls,0,4,rear_end,0,18,0,0,2,0,0,0,4,41.998083252,"darkness,_lighted_road",-87.808397703,11,no_indication_of_injury,2,30,no_defects,wet,N NORTHWEST HWY,no_controls,not_divided,rain,0,2017,78669
straight_and_level,1222,equipment_-_vehicle_condition,no_controls,0,2,sideswipe_opposite_direction,0,6,0,0,2,0,0,0,4,41.884970163,daylight,-87.686683718,11,no_indication_of_injury,3,30,shoulder_defect,dry,N WESTERN AVE,no_controls,divided_-_w/median_(not_raised),clear,0,2017,98818
straight_and_level,2523,improper_backing,no_controls,0,5,head_on,0,16,0,0,2,0,0,0,2,41.931893559,darkness,-87.727407579,11,no_indication_of_injury,2,15,unknown,wet,W DIVERSEY AVE,no_controls,alley,rain,0,2017,95307
straight_and_level,1034,following_too_closely,no_controls,0,6,rear_end,0,19,0,0,3,0,0,0,2,41.849791261,"darkness,_lighted_road",-87.675631317,11,no_indication_of_injury,2,30,no_defects,wet,S DAMEN AVE,no_controls,not_divided,rain,0,2017,63157
straight_and_level,225,failing_to_yield_right-of-way,functioning_properly,0,3,turning,0,7,0,0,2,0,0,0,2,41.800380687,daylight,-87.625704643,11,no_indication_of_injury,2,30,no_defects,dry,S STATE ST,traffic_signal,not_divided,clear,0,2017,95132
straight_and_level,2232,failing_to_yield_right-of-way,functioning_properly,0,2,angle,0,16,0,0,2,0,0,0,4,41.706800764,dusk,-87.645408075,11,no_indication_of_injury,2,30,no_defects,dry,S PEORIA ST,stop_sign/flasher,not_divided,clear,0,2017,100666
straight_and_level,123,improper_lane_usage,no_controls,0,2,sideswipe_same_direction,0,16,0,0,2,0,0,0,3,41.875537119,dusk,-87.627423241,11,no_indication_of_injury,2,30,unknown,dry,E CONGRESS PKWY,no_controls,one-way,clear,0,2017,94289
straight_and_level,1135,"evasive_action_due_to_animal,_object,_nonmotorist",no_controls,0,3,overturned,0,23,0,0,0,3,0,0,2,41.868238651,"darkness,_lighted_road",-87.696100158,11,nonincapacitating_injury,1,30,no_defects,dry,S CALIFORNIA AVE,no_controls,not_divided,clear,0,2017,89214
straight_and_level,832,following_too_closely,no_controls,0,1,rear_end,0,17,0,0,2,0,0,0,2,41.77186388,darkness,-87.684806926,11,no_indication_of_injury,2,30,unknown,dry,S ARTESIAN AVE,no_controls,not_divided,clear,0,2017,92291
straight_and_level,1433,failing_to_yield_right-of-way,no_controls,0,0,angle,0,16,0,0,2,0,0,0,4,41.90891862,dusk,-87.667791366,11,no_indication_of_injury,2,30,no_defects,dry,N ASHLAND AVE,no_controls,not_divided,clear,0,2017,107574
straight_and_level,1032,improper_overtaking/passing,functioning_properly,0,6,angle,0,14,0,0,2,1,0,0,2,41.838114152,daylight,-87.704994465,11,nonincapacitating_injury,2,30,no_defects,wet,S KEDZIE AVE,traffic_signal,center_turn_lane,rain,0,2017,107974
straight_and_level,1831,improper_turning/no_signal,functioning_properly,0,4,turning,0,16,0,0,3,0,0,1,4,41.89145847,dusk,-87.635497133,11,no_indication_of_injury,2,30,unknown,wet,W GRAND AVE,traffic_signal,not_divided,rain,0,2017,93959
straight_and_level,2513,unable_to_determine,no_controls,0,2,fixed_object,0,2,0,0,1,0,0,0,4,41.909045685,"darkness,_lighted_road",-87.801815585,11,no_indication_of_injury,1,30,no_defects,dry,W NORTH AVE,no_controls,divided_-_w/median_barrier,clear,0,2017,101965
straight_and_level,121,improper_lane_usage,functioning_properly,0,6,sideswipe_same_direction,0,18,0,0,2,0,0,1,3,41.884372136,"darkness,_lighted_road",-87.642585247,11,no_indication_of_injury,2,30,unknown,wet,N JEFFERSON ST,traffic_signal,one-way,cloudy/overcast,0,2017,60677
straight_and_level,1221,failing_to_reduce_speed_to_avoid_crash,no_controls,0,2,fixed_object,0,23,0,0,1,0,0,0,4,41.890719365,"darkness,_lighted_road",-87.686842996,11,no_indication_of_injury,1,30,other,dry,N WESTERN AVE,no_controls,not_divided,clear,0,2017,89695
straight_and_level,1914,disregarding_traffic_signals,functioning_properly,0,3,angle,0,22,0,0,2,0,0,1,2,41.965534246,"darkness,_lighted_road",-87.650167169,11,no_indication_of_injury,2,30,no_defects,wet,N CLARENDON AVE,traffic_signal,not_divided,rain,0,2017,80756
straight_and_level,1833,failing_to_yield_right-of-way,functioning_properly,0,4,sideswipe_same_direction,0,6,0,0,2,0,0,0,2,41.898494249,daylight,-87.624180176,11,no_indication_of_injury,2,30,no_defects,dry,E CHESTNUT ST,traffic_signal,not_divided,clear,0,2017,108763
straight_and_level,2432,distraction_-_from_outside_vehicle,no_controls,0,1,fixed_object,0,12,0,0,1,0,0,0,2,42.000443496,daylight,-87.660859351,11,no_indication_of_injury,1,25,no_defects,dry,N SHERIDAN RD,traffic_signal,divided_-_w/median_(not_raised),clear,0,2017,90969
straight_and_level,511,unable_to_determine,no_controls,0,6,rear_end,0,22,0,0,2,0,0,0,1,41.720437299,"darkness,_lighted_road",-87.628778683,11,no_indication_of_injury,2,25,no_defects,wet,S WENTWORTH AVE,no_controls,not_divided,rain,0,2017,90620
straight_and_level,1712,failing_to_yield_right-of-way,no_controls,0,4,angle,0,7,0,0,2,0,0,0,1,41.970312321,daylight,-87.715328603,12,no_indication_of_injury,2,25,no_defects,dry,W AINSLIE ST,no_controls,one-way,clear,0,2017,99916
straight_and_level,1611,following_too_closely,no_controls,0,2,rear_end,0,18,0,0,2,1,0,0,2,42.016385615,"darkness,_lighted_road",-87.806727036,12,nonincapacitating_injury,3,30,no_defects,dry,N HARLEM AVE,no_controls,not_divided,clear,0,2017,105841
straight_and_level,912,unable_to_determine,functioning_properly,0,5,rear_end,0,17,0,0,2,0,0,0,4,41.83183073,"darkness,_lighted_road",-87.675527192,12,no_indication_of_injury,2,25,unknown,wet,S ARCHER AVE,traffic_signal,not_divided,snow,0,2017,105001
straight_and_level,1622,exceeding_safe_speed_for_conditions,functioning_properly,0,6,turning,0,18,0,0,5,0,2,1,4,41.976252132,"darkness,_lighted_road",-87.787714158,12,"reported,_not_evident",4,30,no_defects,dry,N NAGLE AVE,traffic_signal,divided_-_w/median_(not_raised),clear,0,2017,98976
straight_and_level,1123,following_too_closely,no_controls,0,6,rear_end,0,12,0,0,3,0,0,0,2,41.887570091,daylight,-87.711083892,12,no_indication_of_injury,2,30,no_defects,dry,W CARROLL AVE,no_controls,divided_-_w/median_(not_raised),clear,0,2017,108488
straight_and_level,234,weather,no_controls,0,0,rear_end,0,18,0,0,2,0,0,0,2,41.801066029,"darkness,_lighted_road",-87.590329457,12,no_indication_of_injury,2,35,no_defects,wet,S BLACKSTONE AVE,no_controls,one-way,snow,0,2017,89730
straight_and_level,2514,unable_to_determine,no_controls,0,0,parked_motor_vehicle,1,12,0,0,1,0,0,0,1,41.932872558,unknown,-87.772230791,12,no_indication_of_injury,2,30,no_defects,unknown,N MONITOR AVE,no_controls,one-way,unknown,0,2017,104787
straight_and_level,233,unable_to_determine,no_controls,0,1,sideswipe_same_direction,0,12,0,0,2,0,0,0,4,41.794385064,daylight,-87.615887636,12,no_indication_of_injury,2,30,no_defects,dry,E GARFIELD BLVD,no_controls,not_divided,clear,0,2017,108679
straight_and_level,1533,improper_turning/no_signal,functioning_properly,0,5,turning,0,19,0,0,3,2,0,1,10,41.871288733,darkness,-87.745073203,12,nonincapacitating_injury,3,30,no_defects,dry,S CICERO AVE,traffic_signal,divided_-_w/median_(not_raised),clear,0,2017,89761
straight_on_grade,1421,unable_to_determine,unknown,0,6,parked_motor_vehicle,1,1,0,0,1,0,0,0,1,41.910870527,darkness,-87.699249507,12,no_indication_of_injury,3,25,no_defects,snow_or_slush,N FRANCISCO AVE,no_controls,one-way,snow,0,2017,99760
straight_and_level,1834,improper_lane_usage,functioning_properly,0,4,turning,0,18,0,0,2,0,0,0,6,41.890897722,"darkness,_lighted_road",-87.620014173,12,no_indication_of_injury,2,30,unknown,unknown,E ILLINOIS ST,traffic_signal,not_divided,clear,0,2017,108931
straight_and_level,1814,unable_to_determine,no_controls,0,6,rear_end,0,12,0,0,3,0,0,0,1,41.911195419,daylight,-87.634858884,12,no_indication_of_injury,2,25,no_defects,dry,N WELLS ST,traffic_signal,not_divided,clear,0,2017,87456
straight_and_level,1633,failing_to_yield_right-of-way,no_controls,0,4,angle,0,8,0,0,2,0,0,0,2,41.939155906,unknown,-87.764212094,12,no_indication_of_injury,2,30,unknown,unknown,N LINDER AVE,no_controls,divided_-_w/median_(not_raised),unknown,0,2017,111046
straight_and_level,1711,unable_to_determine,functioning_improperly,0,5,rear_end,0,18,0,0,2,0,0,1,2,41.990263911,"darkness,_lighted_road",-87.728808711,12,no_indication_of_injury,2,30,no_defects,dry,N PULASKI RD,traffic_signal,not_divided,clear,0,2017,101564
straight_and_level,1834,failing_to_yield_right-of-way,functioning_properly,0,3,sideswipe_same_direction,1,18,0,0,5,0,0,0,2,41.88945828,"darkness,_lighted_road",-87.620368376,12,no_indication_of_injury,2,30,no_defects,dry,E LOWER NORTH WATER ST,stop_sign/flasher,not_divided,clear,0,2017,86506
straight_and_level,2022,unable_to_determine,functioning_improperly,0,0,rear_end,0,11,0,0,2,0,0,0,2,41.983773677,daylight,-87.659925866,12,no_indication_of_injury,2,30,unknown,wet,N BROADWAY,traffic_signal,divided_-_w/median_(not_raised),snow,0,2017,97605
straight_and_level,1431,improper_overtaking/passing,unknown,0,1,sideswipe_same_direction,0,19,0,0,2,0,0,0,4,41.924964154,unknown,-87.692545352,12,no_indication_of_injury,2,30,unknown,unknown,W FULLERTON AVE,unknown,divided_-_w/median_(not_raised),unknown,0,2017,90636
straight_and_level,835,weather,no_controls,0,3,fixed_object,0,18,0,0,0,3,0,0,2,41.749906093,dawn,-87.707223349,12,nonincapacitating_injury,1,35,unknown,snow_or_slush,W 79TH ST,no_controls,divided_-_w/median_(not_raised),snow,0,2017,86589
straight_and_level,2031,improper_overtaking/passing,unknown,0,0,sideswipe_same_direction,0,18,0,0,3,0,0,0,4,41.968640727,unknown,-87.689054241,12,no_indication_of_injury,2,30,unknown,unknown,N WESTERN AVE,traffic_signal,divided_-_w/median_(not_raised),unknown,0,2017,102465