alignment,beat,contributory_cause,device_condition,dooring,dow,first_crash_type,hit_and_run,hour,injuries_fatal,injuries_incapacitating,injuries_no_indication,injuries_non_incapacitating,injuries_reported_not_evident,intersection_related,lane_count,latitude,lighting_condition,longitude,month,most_severe_injury,num_units,posted_speed_limit,road_defect,roadway_surface_cond,street,traffic_control_device,trafficway_type,weather_condition,work_zone,year,i
straight_and_level,1215,improper_turning/no_signal,no_controls,0,4,turning,0,11,0,0,2,0,0,0,3,41.892884381,daylight,-87.657282557,12,no_indication_of_injury,2,30,unknown,dry,N RACINE AVE,no_controls,divided_-_w/median_barrier,clear,0,2017,95619
straight_and_level,2031,weather,no_controls,0,0,parked_motor_vehicle,0,19,0,0,1,0,0,0,1,41.969537594,"darkness,_lighted_road",-87.696127561,12,no_indication_of_injury,3,25,no_defects,snow_or_slush,N WASHTENAW AVE,no_controls,one-way,snow,0,2017,100917
straight_and_level,921,not_applicable,functioning_properly,0,2,sideswipe_same_direction,0,14,0,0,2,0,0,0,2,41.817111198,daylight,-87.702873571,12,no_indication_of_injury,2,30,no_defects,dry,W 42ND ST,stop_sign/flasher,one-way,clear,0,2017,89379
straight_and_level,914,not_applicable,no_controls,0,3,pedestrian,0,15,0,1,1,0,0,0,2,41.854691982,daylight,-87.630785924,12,incapacitating_injury,2,30,no_defects,dry,S ARCHER AVE,no_controls,divided_-_w/median_(not_raised),clear,0,2017,106009
straight_and_level,1624,unable_to_determine,no_controls,0,0,parked_motor_vehicle,1,10,0,0,1,0,0,0,4,41.953320153,daylight,-87.764666198,12,no_indication_of_injury,2,30,no_defects,snow_or_slush,W IRVING PARK RD,no_controls,not_divided,snow,0,2017,106078
straight_and_level,1421,failing_to_yield_right-of-way,unknown,0,6,sideswipe_same_direction,0,14,0,0,2,0,0,0,4,41.910350984,daylight,-87.694682583,12,no_indication_of_injury,2,30,no_defects,dry,W NORTH AVE,yield,other,clear,0,2017,94761
straight_on_grade,624,improper_lane_usage,functioning_properly,0,2,turning,0,17,0,0,2,0,0,0,4,41.751940503,"darkness,_lighted_road",-87.605368082,12,no_indication_of_injury,2,30,no_defects,dry,S COTTAGE GROVE AVE,traffic_signal,divided_-_w/median_(not_raised),clear,0,2017,90696
straight_and_level,1532,equipment_-_vehicle_condition,functioning_properly,0,4,rear_end,0,9,0,0,2,0,0,1,4,41.886851263,daylight,-87.74565352,12,no_indication_of_injury,2,30,no_defects,dry,N CICERO AVE,traffic_signal,not_divided,cloudy/overcast,0,2017,103430
straight_and_level,1432,following_too_closely,functioning_properly,0,5,rear_end,0,19,0,0,1,0,1,1,2,41.924919281,"darkness,_lighted_road",-87.677667941,12,"reported,_not_evident",2,30,no_defects,dry,W FULLERTON AVE,traffic_signal,divided_-_w/median_(not_raised),clear,0,2017,88158
straight_and_level,1611,failing_to_yield_right-of-way,functioning_properly,0,5,pedalcyclist,1,17,0,0,1,0,1,1,4,41.997891581,"darkness,_lighted_road",-87.806180534,12,"reported,_not_evident",2,30,no_defects,dry,W DEVON AVE,stop_sign/flasher,not_divided,clear,0,2017,131124
straight_and_level,2221,distraction_-_from_inside_vehicle,no_controls,0,6,rear_end,0,12,0,0,3,0,0,0,4,41.721339962,daylight,-87.661527605,12,no_indication_of_injury,3,30,no_defects,dry,W 95TH ST,no_controls,divided_-_w/median_(not_raised),cloudy/overcast,0,2017,89661
straight_and_level,823,improper_backing,no_controls,0,5,angle,0,14,0,0,2,0,0,0,0,41.781772476,daylight,-87.72270147,12,no_indication_of_injury,2,0,no_defects,snow_or_slush,S PULASKI RD,no_controls,parking_lot,snow,0,2017,98978
straight_and_level,331,unable_to_determine,functioning_properly,0,0,head_on,0,2,0,2,0,4,0,0,4,41.791533917,"darkness,_lighted_road",-87.580208735,12,incapacitating_injury,2,45,unknown,dry,S LAKE SHORE DR,traffic_signal,divided_-_w/median_barrier,clear,0,2017,102728
straight_and_level,1533,following_too_closely,no_controls,0,6,rear_end,0,12,0,0,2,0,0,0,2,41.865881354,daylight,-87.753100833,12,no_indication_of_injury,2,30,no_defects,dry,W ROOSEVELT RD,no_controls,divided_-_w/median_(not_raised),clear,0,2017,105902
straight_and_level,1034,unable_to_determine,unknown,0,0,fixed_object,0,3,0,0,1,0,0,0,2,41.842427838,"darkness,_lighted_road",-87.69500152,12,no_indication_of_injury,1,30,no_defects,dry,S CALIFORNIA AVE,unknown,not_divided,clear,0,2017,97282
straight_and_level,1523,following_too_closely,no_controls,0,6,rear_end,0,14,0,0,2,0,0,0,2,41.888251786,daylight,-87.755501071,12,no_indication_of_injury,2,30,no_defects,dry,N LARAMIE AVE,no_controls,not_divided,clear,0,2017,104633
straight_and_level,2022,driving_skills/knowledge/experience,no_controls,0,1,head_on,0,8,0,0,2,0,0,0,2,41.983768913,daylight,-87.657938604,12,no_indication_of_injury,2,25,no_defects,wet,W BRYN MAWR AVE,no_controls,not_divided,cloudy/overcast,0,2017,93891
straight_and_level,724,following_too_closely,no_controls,0,3,rear_end,0,12,0,0,4,0,0,0,2,41.772311366,daylight,-87.649599279,12,no_indication_of_injury,2,30,no_defects,dry,S MORGAN ST,no_controls,not_divided,clear,0,2017,110016
straight_and_level,824,failing_to_yield_right-of-way,no_controls,0,3,angle,1,17,0,0,5,0,0,0,2,41.791600266,daylight,-87.702849126,12,no_indication_of_injury,2,35,no_defects,dry,W 56TH ST,no_controls,not_divided,clear,0,2017,102958
straight_and_level,1733,improper_lane_usage,no_controls,0,5,sideswipe_same_direction,0,18,0,0,3,0,0,0,4,41.953851512,"darkness,_lighted_road",-87.700835019,12,no_indication_of_injury,2,30,no_defects,dry,W IRVING PARK RD,no_controls,divided_-_w/median_(not_raised),clear,0,2017,95248
straight_and_level,813,unable_to_determine,no_controls,0,4,parked_motor_vehicle,0,17,0,0,1,0,0,0,1,41.785888494,"darkness,_lighted_road",-87.723106591,12,no_indication_of_injury,2,25,no_defects,dry,S PULASKI RD,no_controls,parking_lot,clear,0,2017,89197
straight_and_level,1811,unable_to_determine,no_controls,0,5,rear_end,0,8,0,0,3,0,0,0,2,41.921510282,daylight,-87.663231953,12,no_indication_of_injury,2,30,no_defects,other,W WEBSTER AVE,no_controls,not_divided,snow,0,2017,86308
straight_and_level,1222,not_applicable,no_controls,0,2,other_object,0,10,0,0,2,0,0,0,2,41.887306771,daylight,-87.686736327,12,no_indication_of_injury,2,30,unknown,dry,N WESTERN AVE,no_controls,divided_-_w/median_(not_raised),clear,0,2017,109587
straight_on_grade,1832,improper_lane_usage,functioning_properly,0,1,turning,1,13,0,0,2,0,0,1,3,41.896718103,daylight,-87.63314478,12,no_indication_of_injury,2,30,shoulder_defect,dry,W CHICAGO AVE,traffic_signal,not_divided,clear,0,2017,91117
straight_and_level,1421,had_been_drinking_(use_when_arrest_is_not_made),functioning_properly,0,0,rear_end,1,6,0,0,2,0,0,0,2,41.915769004,daylight,-87.7021868,12,no_indication_of_injury,2,30,no_defects,dry,N HUMBOLDT BLVD,stop_sign/flasher,divided_-_w/median_(not_raised),clear,0,2017,86505
straight_and_level,1912,improper_overtaking/passing,no_controls,0,1,parked_motor_vehicle,0,19,0,0,2,0,0,0,2,41.955883008,darkness,-87.678084764,12,no_indication_of_injury,2,20,worn_surface,dry,W BELLE PLAINE AVE,no_controls,alley,cloudy/overcast,0,2017,93180
straight_and_level,632,improper_lane_usage,no_controls,0,3,rear_end,1,12,0,0,2,0,0,1,2,41.73668597,daylight,-87.608672866,12,no_indication_of_injury,2,30,no_defects,dry,S CHAMPLAIN AVE,no_controls,not_divided,clear,0,2017,104491
straight_and_level,1214,unable_to_determine,no_controls,0,3,parked_motor_vehicle,1,10,0,0,1,0,0,0,4,41.896384683,"darkness,_lighted_road",-87.647597483,12,no_indication_of_injury,2,30,no_defects,dry,N HALSTED ST,no_controls,not_divided,clear,0,2017,93114
straight_and_level,1731,"operating_vehicle_in_erratic,_reckless,_careless,_negligent_or_aggressive_manner",no_controls,0,5,angle,0,17,0,0,3,0,0,0,1,41.951795372,"darkness,_lighted_road",-87.739075254,12,no_indication_of_injury,2,30,no_defects,dry,N KENNETH AVE,no_controls,parking_lot,clear,0,2017,102316
straight_and_level,122,unable_to_determine,functioning_properly,0,2,sideswipe_same_direction,0,16,0,0,2,0,0,1,2,41.881848081,dusk,-87.637165388,12,no_indication_of_injury,2,30,no_defects,dry,S WACKER DR,traffic_signal,not_divided,clear,0,2017,97379
straight_and_level,114,improper_lane_usage,functioning_properly,0,6,sideswipe_same_direction,0,22,0,0,2,0,0,0,4,41.885811162,"darkness,_lighted_road",-87.62436627,12,no_indication_of_injury,2,30,no_defects,dry,N MICHIGAN AVE,traffic_signal,not_divided,clear,0,2017,96876
straight_and_level,1922,unable_to_determine,no_controls,0,2,parked_motor_vehicle,0,17,0,0,2,0,0,0,4,41.939739573,dusk,-87.668810056,12,no_indication_of_injury,2,25,no_defects,dry,N ASHLAND AVE,no_controls,not_divided,clear,0,2017,96988
straight_and_level,1431,failing_to_yield_right-of-way,functioning_properly,0,5,turning,1,12,0,0,4,0,0,1,0,41.917663369,daylight,-87.689887077,12,no_indication_of_injury,2,30,no_defects,dry,W ARMITAGE AVE,stop_sign/flasher,divided_-_w/median_(not_raised),clear,0,2017,86303
straight_and_level,1925,failing_to_reduce_speed_to_avoid_crash,no_controls,0,4,sideswipe_same_direction,0,8,0,0,4,0,0,0,3,41.953140763,daylight,-87.645162942,12,no_indication_of_injury,2,30,no_defects,dry,N LAKE SHORE DR,no_controls,not_divided,clear,0,2017,103722
straight_and_level,1014,failing_to_yield_right-of-way,functioning_properly,0,6,angle,0,14,0,0,2,0,0,1,2,41.853373164,daylight,-87.724653461,12,no_indication_of_injury,2,30,no_defects,dry,S PULASKI RD,stop_sign/flasher,not_divided,clear,0,2017,101229
straight_and_level,1132,unable_to_determine,no_controls,0,6,parked_motor_vehicle,1,9,0,0,1,0,0,0,2,41.871944872,daylight,-87.726491831,12,no_indication_of_injury,2,30,no_defects,dry,W LEXINGTON ST,no_controls,not_divided,clear,0,2017,96239
straight_and_level,131,improper_overtaking/passing,no_controls,0,2,parked_motor_vehicle,1,12,0,0,1,0,0,0,2,41.866856339,daylight,-87.628651244,12,no_indication_of_injury,2,30,no_defects,dry,S PLYMOUTH CT,no_controls,not_divided,clear,0,2017,98710
straight_and_level,1731,disregarding_stop_sign,functioning_properly,0,4,angle,0,8,0,0,2,0,0,0,4,41.950716351,daylight,-87.747092636,12,no_indication_of_injury,2,30,no_defects,dry,N CICERO AVE,stop_sign/flasher,divided_-_w/median_(not_raised),clear,0,2017,92662
straight_and_level,323,following_too_closely,functioning_properly,0,0,rear_end,0,23,0,0,2,0,1,0,4,41.765393608,"darkness,_lighted_road",-87.625050475,12,"reported,_not_evident",2,35,no_defects,dry,S STATE ST,traffic_signal,center_turn_lane,clear,0,2017,100210
straight_and_level,1111,improper_lane_usage,no_controls,0,5,sideswipe_same_direction,0,13,0,0,2,0,0,0,4,41.895741415,daylight,-87.726239348,12,no_indication_of_injury,2,30,no_defects,dry,N PULASKI RD,no_controls,divided_-_w/median_(not_raised),clear,0,2017,102166
straight_and_level,423,not_applicable,no_controls,0,1,parked_motor_vehicle,1,11,0,0,1,0,0,0,1,41.732908871,unknown,-87.555326281,12,no_indication_of_injury,2,35,no_defects,snow_or_slush,S MUSKEGON AVE,no_controls,one-way,snow,0,2017,90218
straight_and_level,834,improper_backing,functioning_properly,0,1,sideswipe_same_direction,0,13,0,0,2,0,0,0,4,41.749065056,daylight,-87.741203904,12,no_indication_of_injury,2,30,unknown,dry,S CICERO AVE,traffic_signal,divided_-_w/median_(not_raised),clear,0,2017,93817
straight_and_level,132,unable_to_determine,functioning_properly,0,0,rear_end,0,11,0,0,2,0,0,0,2,41.864026665,daylight,-87.622620427,12,no_indication_of_injury,2,20,no_defects,snow_or_slush,S INDIANA AVE,stop_sign/flasher,divided_-_w/median_barrier,snow,0,2017,99206
straight_and_level,1732,failing_to_yield_right-of-way,no_controls,0,3,angle,0,14,0,0,2,0,0,0,0,41.944881074,"darkness,_lighted_road",-87.712805089,12,no_indication_of_injury,2,15,no_defects,dry,N KIMBALL AVE,no_controls,parking_lot,clear,0,2017,109774
straight_and_level,2534,unable_to_determine,functioning_properly,0,5,rear_end,0,18,0,0,3,0,0,0,4,41.909887591,daylight,-87.734602022,12,no_indication_of_injury,2,30,no_defects,dry,W NORTH AVE,traffic_signal,not_divided,clear,0,2017,86587
straight_and_level,1033,improper_lane_usage,no_controls,0,3,sideswipe_same_direction,0,8,0,0,3,0,0,0,4,41.83741577,daylight,-87.700888884,12,no_indication_of_injury,2,30,no_defects,dry,W 31ST ST,no_controls,not_divided,clear,0,2017,89497
straight_and_level,632,unable_to_determine,functioning_properly,0,6,rear_end,0,20,0,0,5,0,0,0,4,41.740299958,"darkness,_lighted_road",-87.605074144,12,no_indication_of_injury,2,30,no_defects,dry,S COTTAGE GROVE AVE,traffic_signal,divided_-_w/median_(not_raised),clear,0,2017,92770
straight_and_level,511,improper_lane_usage,no_controls,0,3,parked_motor_vehicle,0,15,0,0,1,0,0,0,4,41.721687693,"darkness,_lighted_road",-87.619697569,12,no_indication_of_injury,2,30,no_defects,dry,E 95TH ST,no_controls,not_divided,clear,0,2017,105217
straight_and_level,1624,improper_overtaking/passing,functioning_properly,0,6,turning,1,2,0,0,2,0,0,0,6,41.95346817,"darkness,_lighted_road",-87.752305934,12,no_indication_of_injury,2,30,no_defects,dry,W IRVING PARK RD,traffic_signal,divided_-_w/median_barrier,clear,0,2017,111096
straight_and_level,411,improper_overtaking/passing,functioning_properly,0,2,turning,1,10,0,0,5,0,0,0,2,41.751845308,daylight,-87.586148235,12,no_indication_of_injury,2,30,no_defects,dry,S STONY ISLAND AVE,traffic_signal,divided_-_w/median_barrier,clear,0,2017,86818
straight_and_level,2011,failing_to_reduce_speed_to_avoid_crash,functioning_properly,0,6,rear_end,0,14,0,0,4,0,0,0,4,41.990358576,daylight,-87.694958628,12,no_indication_of_injury,2,35,no_defects,snow_or_slush,W PETERSON AVE,traffic_signal,not_divided,sleet/hail,0,2017,110977
straight_and_level,833,unable_to_determine,no_controls,0,1,parked_motor_vehicle,0,13,0,0,1,0,0,0,1,41.756876395,daylight,-87.722321738,12,no_indication_of_injury,2,30,no_defects,dry,S PULASKI RD,no_controls,parking_lot,clear,0,2017,110597
straight_and_level,424,"operating_vehicle_in_erratic,_reckless,_careless,_negligent_or_aggressive_manner",no_controls,0,1,angle,1,17,0,0,2,0,0,0,3,41.744535937,daylight,-87.552358447,12,no_indication_of_injury,2,30,no_defects,snow_or_slush,E 83RD ST,no_controls,other,clear,0,2017,91512
straight_and_level,2232,failing_to_reduce_speed_to_avoid_crash,no_controls,0,4,sideswipe_same_direction,0,15,0,0,2,0,0,0,2,41.708248845,dusk,-87.643014536,12,no_indication_of_injury,2,35,no_defects,dry,S HALSTED ST,no_controls,divided_-_w/median_barrier,clear,0,2017,104785
straight_and_level,815,failing_to_yield_right-of-way,functioning_properly,0,1,angle,0,12,0,0,2,1,0,0,4,41.802172408,daylight,-87.733363133,12,nonincapacitating_injury,3,30,no_defects,wet,S KOSTNER AVE,stop_sign/flasher,not_divided,clear,0,2017,88472
straight_and_level,1922,unable_to_determine,no_controls,0,2,sideswipe_same_direction,1,22,0,0,3,0,0,0,4,41.946840491,"darkness,_lighted_road",-87.669001818,12,no_indication_of_injury,2,30,unknown,dry,N ASHLAND AVE,no_controls,not_divided,clear,0,2017,102058
straight_and_level,1222,unable_to_determine,no_controls,0,1,rear_end,0,8,0,0,2,0,0,0,2,41.886533254,daylight,-87.701507932,12,no_indication_of_injury,2,30,no_defects,wet,N SACRAMENTO BLVD,no_controls,divided_-_w/median_(not_raised),clear,0,2017,98919
straight_and_level,122,following_too_closely,no_controls,0,0,rear_end,0,17,0,0,2,0,0,0,2,41.879509584,"darkness,_lighted_road",-87.632366854,12,no_indication_of_injury,2,35,no_defects,dry,W ADAMS ST,no_controls,one-way,clear,0,2017,91281
straight_and_level,1824,failing_to_yield_right-of-way,no_controls,0,6,turning,0,12,0,0,3,0,0,0,2,41.900674411,daylight,-87.630490226,12,no_indication_of_injury,3,30,no_defects,wet,W OAK ST,no_controls,not_divided,clear,0,2017,97439
straight_and_level,915,improper_backing,no_controls,0,4,angle,0,13,0,0,2,0,0,0,2,41.838089239,daylight,-87.634582008,12,no_indication_of_injury,2,30,no_defects,wet,W 31ST ST,no_controls,not_divided,clear,0,2017,104730
straight_and_level,413,improper_backing,no_controls,0,5,parked_motor_vehicle,0,7,0,0,1,0,0,0,4,41.726329231,daylight,-87.567270908,12,no_indication_of_injury,2,30,no_defects,dry,E 93RD ST,no_controls,divided_-_w/median_(not_raised),clear,0,2017,88529
straight_and_level,113,improper_overtaking/passing,functioning_properly,0,5,turning,0,10,0,0,2,0,0,1,2,41.878107732,daylight,-87.628896466,12,no_indication_of_injury,2,30,no_defects,dry,S PLYMOUTH CT,stop_sign/flasher,not_divided,clear,0,2017,87051
straight_and_level,621,physical_condition_of_driver,no_controls,0,0,parked_motor_vehicle,0,7,0,1,0,0,0,0,2,41.752112026,daylight,-87.64393489,12,incapacitating_injury,2,30,no_defects,dry,S HALSTED ST,no_controls,not_divided,clear,0,2017,92856
straight_and_level,1225,improper_turning/no_signal,no_controls,0,3,turning,0,14,0,0,2,0,0,0,2,41.874783255,daylight,-87.674200354,12,no_indication_of_injury,2,30,no_defects,dry,W OGDEN AVE,no_controls,not_divided,clear,0,2017,95584
straight_and_level,814,unable_to_determine,no_controls,0,3,sideswipe_same_direction,0,13,0,0,2,0,0,0,3,41.792982022,daylight,-87.753506362,12,no_indication_of_injury,2,35,no_defects,wet,W 55TH ST,no_controls,not_divided,clear,0,2017,107515
straight_and_level,1722,improper_turning/no_signal,no_controls,0,4,parked_motor_vehicle,0,12,0,0,2,0,0,0,0,41.967327202,daylight,-87.738785471,12,no_indication_of_injury,2,0,no_defects,dry,N ELSTON AVE,no_controls,parking_lot,clear,0,2017,93600
straight_and_level,222,failing_to_yield_right-of-way,functioning_properly,0,6,turning,0,14,0,0,2,0,0,1,4,41.809534781,daylight,-87.592450223,12,no_indication_of_injury,2,30,no_defects,dry,S LAKE PARK AVE,traffic_signal,not_divided,clear,0,2017,104983
straight_and_level,234,"operating_vehicle_in_erratic,_reckless,_careless,_negligent_or_aggressive_manner",no_controls,0,5,sideswipe_same_direction,0,19,0,0,4,0,0,0,4,41.799572553,"darkness,_lighted_road",-87.58141101,12,no_indication_of_injury,2,45,no_defects,dry,S LAKE SHORE DR NB,no_controls,other,clear,0,2017,93920
straight_and_level,1834,failing_to_reduce_speed_to_avoid_crash,functioning_properly,0,3,rear_end,0,13,0,0,1,2,0,0,4,41.890237658,daylight,-87.620443143,12,nonincapacitating_injury,2,30,no_defects,dry,N COLUMBUS DR,traffic_signal,not_divided,clear,0,2017,102875
straight_and_level,1932,failing_to_yield_right-of-way,functioning_properly,0,6,angle,0,19,0,0,6,0,0,1,4,41.925422392,darkness,-87.653760569,12,no_indication_of_injury,2,30,unknown,unknown,N SHEFFIELD AVE,traffic_signal,not_divided,clear,0,2017,92293
straight_and_level,1733,unable_to_determine,no_controls,0,1,sideswipe_same_direction,0,18,0,0,2,0,0,0,2,41.943596146,"darkness,_lighted_road",-87.704652766,12,no_indication_of_injury,2,30,no_defects,dry,N ELSTON AVE,no_controls,divided_-_w/median_(not_raised),clear,0,2017,86966
straight_and_level,1424,failing_to_yield_right-of-way,functioning_properly,0,5,pedestrian,0,16,0,0,1,0,1,0,4,41.90322168,darkness,-87.681794142,12,"reported,_not_evident",2,30,no_defects,dry,W DIVISION ST,lane_use_marking,center_turn_lane,clear,0,2017,100269
straight_and_level,114,improper_lane_usage,functioning_properly,0,1,sideswipe_same_direction,0,13,0,0,2,0,0,0,3,41.873296412,daylight,-87.622374632,12,no_indication_of_injury,2,30,no_defects,dry,E BALBO DR,traffic_signal,not_divided,clear,0,2017,88014
straight_and_level,1424,unable_to_determine,no_controls,0,2,parked_motor_vehicle,0,10,0,0,1,0,0,0,2,41.90321812,daylight,-87.682020949,12,no_indication_of_injury,2,30,no_defects,dry,W DIVISION ST,no_controls,not_divided,clear,0,2017,108340
straight_and_level,2211,failing_to_reduce_speed_to_avoid_crash,no_controls,0,0,rear_end,0,16,0,0,3,1,0,0,2,41.713556891,daylight,-87.682349534,12,nonincapacitating_injury,3,25,no_defects,wet,W 99TH ST,no_controls,not_divided,clear,0,2017,97051
straight_and_level,935,unable_to_determine,no_controls,0,2,parked_motor_vehicle,1,19,0,0,1,0,0,0,1,41.796412338,"darkness,_lighted_road",-87.643847404,12,no_indication_of_injury,2,25,no_defects,dry,S EMERALD AVE,no_controls,one-way,clear,0,2017,98369
straight_and_level,433,unable_to_determine,no_controls,0,0,rear_end,0,9,0,0,4,0,0,0,2,41.685794381,daylight,-87.54027403,12,no_indication_of_injury,2,30,no_defects,snow_or_slush,S AVENUE O,no_controls,not_divided,snow,0,2017,96980
straight_and_level,1621,following_too_closely,no_controls,0,3,rear_end,0,9,0,0,1,1,0,0,4,41.997210927,daylight,-87.757969111,12,nonincapacitating_injury,2,35,no_defects,wet,W DEVON AVE,no_controls,divided_-_w/median_barrier,clear,0,2017,87617
curve_on_grade,114,failing_to_yield_right-of-way,other,0,3,head_on,0,9,0,0,3,0,0,0,2,41.88689202,daylight,-87.622515866,12,no_indication_of_injury,2,35,no_defects,dry,N LOWER STETSON AVE,stop_sign/flasher,divided_-_w/median_(not_raised),clear,0,2017,103755
straight_and_level,2534,unable_to_determine,no_controls,0,4,parked_motor_vehicle,1,18,0,0,1,0,0,0,1,41.910676151,unknown,-87.72894953,12,no_indication_of_injury,2,30,no_defects,snow_or_slush,N KARLOV AVE,no_controls,one-way,snow,0,2017,90159
straight_and_level,1821,following_too_closely,no_controls,0,3,rear_end,0,15,0,0,2,0,0,1,4,41.909263391,daylight,-87.633237048,12,no_indication_of_injury,2,30,no_defects,dry,N LA SALLE DR,no_controls,divided_-_w/median_(not_raised),clear,0,2017,108327
straight_and_level,1231,failing_to_yield_right-of-way,functioning_properly,0,6,pedalcyclist,0,9,0,0,1,1,0,0,2,41.866971116,daylight,-87.666509744,12,nonincapacitating_injury,2,35,no_defects,dry,W ROOSEVELT RD,traffic_signal,divided_-_w/median_(not_raised),clear,0,2017,131119
straight_and_level,111,failing_to_reduce_speed_to_avoid_crash,no_controls,0,2,rear_end,0,19,0,0,2,0,0,0,3,41.885684739,darkness,-87.624652918,12,no_indication_of_injury,2,30,no_defects,dry,N MICHIGAN AVE,no_controls,not_divided,clear,0,2017,110533
straight_and_level,1823,driving_skills/knowledge/experience,no_controls,0,3,parked_motor_vehicle,0,9,0,0,1,0,0,0,4,41.89667663,daylight,-87.636160967,12,no_indication_of_injury,2,25,no_defects,dry,W CHICAGO AVE,no_controls,not_divided,clear,0,2017,99781
straight_and_level,1512,improper_overtaking/passing,no_controls,0,6,sideswipe_same_direction,0,18,0,0,2,0,0,0,1,41.885806566,darkness,-87.766462596,12,no_indication_of_injury,2,25,unknown,snow_or_slush,W FULTON ST,no_controls,one-way,clear,0,2017,102972
straight_and_level,1633,improper_lane_usage,no_controls,0,3,sideswipe_same_direction,0,8,0,0,2,0,0,0,2,41.938838482,daylight,-87.785928133,12,no_indication_of_injury,2,30,unknown,dry,N NARRAGANSETT AVE,no_controls,not_divided,clear,0,2017,108696
straight_and_level,1933,under_the_influence_of_alcohol/drugs_(use_when_arrest_is_effected),no_controls,0,6,sideswipe_opposite_direction,1,21,0,0,2,0,0,0,2,41.939339565,"darkness,_lighted_road",-87.654233415,12,no_indication_of_injury,2,30,no_defects,dry,N SHEFFIELD AVE,lane_use_marking,not_divided,clear,0,2017,87968
straight_and_level,2515,following_too_closely,no_controls,0,3,rear_end,0,17,0,0,3,0,0,0,4,41.923996902,dusk,-87.771926954,12,no_indication_of_injury,2,25,no_defects,dry,W FULLERTON AVE,no_controls,divided_-_w/median_(not_raised),clear,0,2017,96108
straight_and_level,1834,not_applicable,functioning_properly,0,4,pedestrian,0,20,0,0,1,1,0,1,2,41.894977713,"darkness,_lighted_road",-87.620173373,12,nonincapacitating_injury,2,30,no_defects,wet,N FAIRBANKS CT,traffic_signal,not_divided,snow,0,2017,91674
straight_and_level,815,improper_turning/no_signal,functioning_properly,0,4,turning,0,22,0,0,2,0,0,1,4,41.807731526,"darkness,_lighted_road",-87.723728497,12,no_indication_of_injury,2,35,no_defects,dry,S PULASKI RD,traffic_signal,not_divided,clear,0,2017,88932
straight_and_level,1112,not_applicable,no_controls,0,3,parked_motor_vehicle,1,8,0,0,1,0,0,0,1,41.897359509,daylight,-87.719699594,12,no_indication_of_injury,2,25,no_defects,snow_or_slush,W IOWA ST,no_controls,one-way,clear,0,2017,99655
straight_and_level,2212,failing_to_reduce_speed_to_avoid_crash,functioning_properly,0,1,rear_end,1,7,0,0,1,1,0,0,5,41.684418087,daylight,-87.680778268,12,nonincapacitating_injury,2,30,no_defects,dry,S WESTERN AVE,traffic_signal,divided_-_w/median_(not_raised),clear,0,2017,100472
straight_and_level,812,failing_to_yield_right-of-way,no_controls,0,0,turning,0,15,0,0,2,0,0,1,2,41.776193292,dusk,-87.761797966,12,no_indication_of_injury,2,30,no_defects,snow_or_slush,S CENTRAL AVE,stop_sign/flasher,other,snow,0,2017,101141
straight_and_level,1123,disregarding_stop_sign,functioning_properly,0,4,angle,1,22,0,0,3,1,0,1,4,41.878274187,"darkness,_lighted_road",-87.711072037,12,nonincapacitating_injury,2,30,no_defects,dry,S HOMAN AVE,stop_sign/flasher,divided_-_w/median_(not_raised),clear,0,2017,106049
straight_and_level,1915,physical_condition_of_driver,other,0,0,fixed_object,0,1,0,1,1,0,0,0,4,41.954513378,"darkness,_lighted_road",-87.660540222,12,incapacitating_injury,1,30,no_defects,dry,W IRVING PARK RD,lane_use_marking,divided_-_w/median_(not_raised),clear,0,2017,93336
straight_and_level,312,improper_backing,no_controls,0,2,parked_motor_vehicle,1,13,0,0,1,0,0,0,1,41.777414386,daylight,-87.613289356,12,no_indication_of_injury,2,30,no_defects,dry,S EBERHART AVE,no_controls,one-way,clear,0,2017,94724
straight_and_level,1522,failing_to_reduce_speed_to_avoid_crash,no_controls,0,2,rear_end,0,9,0,0,2,0,0,0,2,41.876684266,daylight,-87.76106302,12,no_indication_of_injury,2,30,no_defects,dry,W JACKSON BLVD,no_controls,not_divided,clear,0,2017,98422
straight_and_level,911,failing_to_yield_right-of-way,no_controls,0,6,turning,1,17,0,0,2,0,0,0,2,41.826349067,"darkness,_lighted_road",-87.684472401,12,no_indication_of_injury,2,30,no_defects,dry,S ARCHER AVE,no_controls,not_divided,clear,0,2017,104432
straight_and_level,212,not_applicable,no_controls,0,0,fixed_object,0,22,0,0,1,0,0,0,4,41.828203772,unknown,-87.617233743,12,no_indication_of_injury,1,30,unknown,unknown,S DR MARTIN LUTHER KING JR DR,no_controls,divided_-_w/median_(not_raised),unknown,0,2017,103178
straight_and_level,1935,improper_lane_usage,functioning_properly,0,0,turning,0,14,0,0,2,0,0,0,2,41.92911852,daylight,-87.65367651,12,no_indication_of_injury,2,30,no_defects,dry,W WRIGHTWOOD AVE,traffic_signal,other,clear,0,2017,96109