alignment,beat,contributory_cause,device_condition,dooring,dow,first_crash_type,hit_and_run,hour,injuries_fatal,injuries_incapacitating,injuries_no_indication,injuries_non_incapacitating,injuries_reported_not_evident,intersection_related,lane_count,latitude,lighting_condition,longitude,month,most_severe_injury,num_units,posted_speed_limit,road_defect,roadway_surface_cond,street,traffic_control_device,trafficway_type,weather_condition,work_zone,year,i
straight_and_level,1022,unable_to_determine,no_controls,0,5,parked_motor_vehicle,1,16,0,0,1,0,0,0,2,41.855369737,daylight,-87.700941408,12,no_indication_of_injury,2,20,no_defects,dry,W 19TH ST,no_controls,not_divided,clear,0,2017,98265
straight_and_level,821,disregarding_road_markings,functioning_properly,0,6,turning,0,17,0,0,3,0,0,1,4,41.815107007,"darkness,_lighted_road",-87.72371188,12,no_indication_of_injury,2,30,no_defects,dry,S PULASKI RD,traffic_signal,not_divided,clear,0,2017,93840
straight_and_level,814,unable_to_determine,unknown,0,6,rear_end,0,14,0,0,2,0,0,0,4,41.817237404,daylight,-87.743562519,12,no_indication_of_injury,2,30,unknown,dry,S CICERO AVE,traffic_signal,divided_-_w/median_(not_raised),clear,0,2017,89467
straight_and_level,2223,unable_to_determine,no_controls,0,5,parked_motor_vehicle,1,5,0,0,1,0,0,0,2,41.721492639,"darkness,_lighted_road",-87.647003834,12,no_indication_of_injury,2,20,no_defects,dry,S SANGAMON ST,no_controls,one-way,clear,0,2017,87133
straight_and_level,1511,"operating_vehicle_in_erratic,_reckless,_careless,_negligent_or_aggressive_manner",functioning_properly,0,0,sideswipe_same_direction,1,1,0,0,4,0,0,1,2,41.894605595,"darkness,_lighted_road",-87.774909299,12,no_indication_of_injury,3,30,"rut,_holes",dry,W CHICAGO AVE,traffic_signal,center_turn_lane,clear,0,2017,98366
straight_and_level,334,weather,no_controls,0,0,turning,0,12,0,0,0,2,0,0,2,41.764268433,daylight,-87.560996835,12,nonincapacitating_injury,2,35,no_defects,wet,S SOUTH SHORE DR,no_controls,divided_-_w/median_(not_raised),snow,0,2017,95676
straight_and_level,1724,"operating_vehicle_in_erratic,_reckless,_careless,_negligent_or_aggressive_manner",no_controls,0,6,parked_motor_vehicle,0,7,0,0,1,0,0,0,4,41.954071454,daylight,-87.700745235,12,no_indication_of_injury,2,35,no_defects,dry,W IRVING PARK RD,no_controls,not_divided,clear,0,2017,95219
straight_and_level,2431,"vision_obscured_(signs,_tree_limbs,_buildings,_etc.)",no_controls,0,2,parked_motor_vehicle,0,12,0,0,2,0,0,0,4,42.006243617,daylight,-87.660974525,12,no_indication_of_injury,2,30,no_defects,dry,N SHERIDAN RD,no_controls,not_divided,clear,0,2017,107672
straight_and_level,1232,unable_to_determine,no_controls,0,6,parked_motor_vehicle,1,13,0,0,1,0,0,0,2,41.871878267,unknown,-87.652139745,12,no_indication_of_injury,2,30,no_defects,unknown,S MILLER ST,no_controls,not_divided,unknown,0,2017,110609
straight_and_level,2515,unable_to_determine,unknown,0,3,parked_motor_vehicle,1,5,0,0,1,0,0,0,2,41.926700879,unknown,-87.761311489,12,no_indication_of_injury,2,30,no_defects,unknown,N LONG AVE,no_controls,not_divided,unknown,0,2017,111082
straight_and_level,1121,unable_to_determine,unknown,0,5,fixed_object,0,17,0,0,3,0,0,0,1,41.895611716,"darkness,_lighted_road",-87.711956135,12,no_indication_of_injury,1,30,no_defects,dry,W CHICAGO AVE,unknown,unknown,clear,0,2017,95103
straight_and_level,1631,improper_turning/no_signal,no_controls,0,2,parked_motor_vehicle,0,10,0,0,2,0,0,0,2,41.949384081,daylight,-87.807296899,12,no_indication_of_injury,2,30,no_defects,dry,N HARLEM AVE,no_controls,not_divided,clear,0,2017,86917
straight_and_level,2411,improper_turning/no_signal,functioning_properly,0,3,turning,0,13,0,0,4,0,0,0,4,42.012388731,daylight,-87.69045122,12,no_indication_of_injury,4,30,no_defects,dry,W TOUHY AVE,traffic_signal,not_divided,clear,0,2017,102528
straight_and_level,1225,following_too_closely,functioning_properly,0,2,rear_end,0,8,0,0,2,0,0,1,4,41.872534136,daylight,-87.676561196,12,no_indication_of_injury,2,30,no_defects,dry,S DAMEN AVE,traffic_signal,divided_-_w/median_(not_raised),clear,0,2017,97754
straight_and_level,1131,under_the_influence_of_alcohol/drugs_(use_when_arrest_is_effected),no_controls,0,0,fixed_object,0,0,0,0,1,0,0,0,4,41.874614605,"darkness,_lighted_road",-87.735407855,12,no_indication_of_injury,1,30,no_defects,dry,S KOSTNER AVE,no_controls,not_divided,clear,0,2017,107314
straight_and_level,1823,physical_condition_of_driver,functioning_properly,0,5,rear_end,0,16,0,0,3,5,0,0,5,41.896586797,"darkness,_lighted_road",-87.642872349,12,nonincapacitating_injury,4,30,no_defects,snow_or_slush,W CHICAGO AVE,traffic_signal,not_divided,snow,0,2017,101321
straight_and_level,1212,failing_to_yield_right-of-way,functioning_properly,0,2,turning,0,18,0,0,2,0,0,1,2,41.903121053,"darkness,_lighted_road",-87.674769527,12,no_indication_of_injury,2,30,no_defects,dry,W DIVISION ST,stop_sign/flasher,divided_-_w/median_(not_raised),clear,0,2017,87576
straight_and_level,623,failing_to_yield_right-of-way,functioning_properly,0,1,turning,1,21,0,0,2,0,0,1,2,41.751118141,darkness,-87.621307332,12,no_indication_of_injury,2,35,no_defects,wet,E 79TH ST,stop_sign/flasher,not_divided,clear,0,2017,97820
straight_and_level,733,unable_to_determine,functioning_properly,0,0,sideswipe_opposite_direction,0,0,0,0,3,0,0,1,2,41.765109432,"darkness,_lighted_road",-87.644556952,12,no_indication_of_injury,3,30,no_defects,dry,S HALSTED ST,traffic_signal,divided_-_w/median_(not_raised),clear,0,2017,90893
straight_and_level,923,improper_backing,no_controls,0,4,angle,0,14,0,0,2,0,0,0,2,41.79923116,daylight,-87.695320515,12,no_indication_of_injury,2,25,no_defects,dry,S MOZART ST,no_controls,not_divided,clear,0,2017,102023
straight_and_level,1433,failing_to_yield_right-of-way,no_controls,0,6,turning,0,12,0,0,2,0,0,1,2,41.910655783,daylight,-87.658527236,12,no_indication_of_injury,2,30,no_defects,dry,W NORTH AVE,no_controls,not_divided,clear,0,2017,109384
straight_and_level,2221,unable_to_determine,functioning_properly,0,5,angle,0,13,0,0,2,0,0,1,0,41.72274128,daylight,-87.677420678,12,no_indication_of_injury,2,25,no_defects,dry,S LEAVITT ST,stop_sign/flasher,divided_-_w/median_(not_raised),clear,0,2017,87035
straight_and_level,431,driving_skills/knowledge/experience,functioning_properly,0,4,turning,0,22,0,0,2,0,0,1,4,41.708276611,"darkness,_lighted_road",-87.559726215,12,no_indication_of_injury,2,30,no_defects,snow_or_slush,E 103RD ST,traffic_signal,not_divided,snow,0,2017,107050
straight_and_level,433,disregarding_traffic_signals,functioning_properly,0,2,angle,0,12,0,0,1,1,0,1,2,41.653569114,daylight,-87.540029796,12,nonincapacitating_injury,2,40,no_defects,snow_or_slush,S AVENUE O,traffic_signal,not_divided,snow,0,2017,95845
straight_and_level,432,unable_to_determine,functioning_properly,0,6,parked_motor_vehicle,1,21,0,0,1,0,0,0,1,41.721217299,unknown,-87.536894161,12,no_indication_of_injury,2,25,no_defects,unknown,E 96TH ST,stop_sign/flasher,one-way,unknown,0,2017,101914
"curve,_level",911,exceeding_safe_speed_for_conditions,functioning_properly,0,5,sideswipe_same_direction,0,17,0,0,1,0,1,0,4,41.83672432,"darkness,_lighted_road",-87.68487391,12,"reported,_not_evident",3,35,no_defects,snow_or_slush,S WESTERN AVE,stop_sign/flasher,not_divided,snow,0,2017,103636
straight_and_level,1724,unable_to_determine,no_controls,0,3,sideswipe_same_direction,0,18,0,0,2,0,0,0,4,41.954076633,"darkness,_lighted_road",-87.699603736,12,no_indication_of_injury,2,30,no_defects,dry,W IRVING PARK RD,no_controls,divided_-_w/median_(not_raised),clear,0,2017,101918
straight_and_level,1831,distraction_-_from_inside_vehicle,functioning_properly,0,6,angle,0,16,0,0,4,0,0,1,4,41.89391225,"darkness,_lighted_road",-87.63695554,12,no_indication_of_injury,2,30,no_defects,snow_or_slush,N ORLEANS ST,traffic_signal,not_divided,clear,0,2017,105576
straight_and_level,413,unable_to_determine,no_controls,0,0,sideswipe_same_direction,1,10,0,0,3,0,0,0,3,41.722374362,daylight,-87.585276274,12,no_indication_of_injury,2,30,worn_surface,dry,S STONY ISLAND AVE,no_controls,divided_-_w/median_barrier,clear,0,2017,105460
straight_and_level,1935,unable_to_determine,no_controls,0,4,sideswipe_same_direction,0,11,0,0,2,0,0,0,2,41.92558218,daylight,-87.647525736,12,no_indication_of_injury,2,25,no_defects,dry,W FULLERTON AVE,no_controls,not_divided,clear,0,2017,108334
straight_and_level,313,following_too_closely,functioning_properly,0,4,rear_end,0,16,0,0,2,0,0,0,4,41.781291069,dusk,-87.606097639,12,no_indication_of_injury,2,30,no_defects,dry,S COTTAGE GROVE AVE,traffic_signal,not_divided,clear,0,2017,109117
"curve,_level",1814,improper_turning/no_signal,functioning_properly,0,4,turning,0,7,0,0,2,0,0,1,4,41.913094592,daylight,-87.632968223,12,no_indication_of_injury,2,30,no_defects,dry,N CLARK ST,traffic_signal,not_divided,clear,0,2017,92937
straight_and_level,2514,failing_to_yield_right-of-way,functioning_properly,0,5,angle,0,14,0,0,6,0,0,1,2,41.933188997,daylight,-87.766459619,12,no_indication_of_injury,2,30,no_defects,dry,N CENTRAL AVE,stop_sign/flasher,not_divided,clear,0,2017,102707
straight_and_level,624,unable_to_determine,no_controls,0,3,parked_motor_vehicle,1,15,0,0,1,0,0,0,0,41.751049951,daylight,-87.612438388,12,no_indication_of_injury,2,30,no_defects,dry,E 79TH ST,no_controls,parking_lot,clear,0,2017,95723
straight_and_level,1412,disregarding_traffic_signals,functioning_properly,0,0,angle,1,10,0,0,4,0,1,1,2,41.939221049,daylight,-87.707714602,12,"reported,_not_evident",2,30,no_defects,dry,W BELMONT AVE,traffic_signal,not_divided,clear,0,2017,94907
straight_and_level,2515,improper_overtaking/passing,no_controls,0,5,parked_motor_vehicle,1,21,0,0,1,0,0,0,1,41.923831671,"darkness,_lighted_road",-87.768478844,12,no_indication_of_injury,2,30,no_defects,snow_or_slush,W FULLERTON AVE,no_controls,parking_lot,snow,0,2017,106581
straight_and_level,623,following_too_closely,no_controls,0,3,rear_end,0,8,0,0,2,0,0,0,2,41.750969469,daylight,-87.629799305,12,no_indication_of_injury,2,30,no_defects,dry,W 79TH ST,no_controls,not_divided,clear,0,2017,90839
straight_and_level,634,failing_to_yield_right-of-way,no_controls,0,0,sideswipe_same_direction,0,14,0,0,2,0,0,0,1,41.728930723,daylight,-87.625382756,12,no_indication_of_injury,2,30,no_defects,snow_or_slush,S LAFAYETTE AVE,no_controls,one-way,snow,0,2017,87886
straight_and_level,523,unable_to_determine,functioning_properly,0,1,rear_end,1,14,0,0,2,0,0,0,2,41.663182101,daylight,-87.641565265,12,no_indication_of_injury,2,30,unknown,dry,S HALSTED ST,stop_sign/flasher,not_divided,clear,0,2017,100938
straight_and_level,2424,failing_to_yield_right-of-way,functioning_properly,0,3,angle,0,10,0,0,5,0,0,1,0,42.016843818,daylight,-87.683147814,12,no_indication_of_injury,2,25,no_defects,dry,N HOYNE AVE,stop_sign/flasher,not_divided,cloudy/overcast,0,2017,104269
straight_and_level,2212,weather,functioning_properly,0,6,rear_end,0,11,0,0,2,0,0,0,4,41.691618194,daylight,-87.687236844,12,no_indication_of_injury,2,30,no_defects,wet,W 111TH ST,traffic_signal,not_divided,snow,0,2017,106933
straight_and_level,921,failing_to_yield_right-of-way,no_controls,0,0,turning,0,13,0,0,2,0,0,1,2,41.819030696,daylight,-87.699613602,12,no_indication_of_injury,2,30,unknown,dry,S SACRAMENTO AVE,stop_sign/flasher,not_divided,clear,0,2017,92697
straight_and_level,122,following_too_closely,functioning_properly,0,1,rear_end,0,5,0,0,2,0,0,0,4,41.879293588,daylight,-87.631995512,12,no_indication_of_injury,2,30,no_defects,dry,W ADAMS ST,traffic_signal,one-way,clear,0,2017,101794
straight_and_level,1722,disregarding_traffic_signals,functioning_properly,0,1,turning,0,5,0,0,1,1,0,1,2,41.955505861,"darkness,_lighted_road",-87.732676161,12,nonincapacitating_injury,2,30,no_defects,wet,N KEELER AVE,traffic_signal,not_divided,rain,0,2017,93210
straight_and_level,1833,following_too_closely,functioning_properly,0,6,turning,0,0,0,0,2,0,0,0,3,41.896790572,"darkness,_lighted_road",-87.624380655,12,no_indication_of_injury,2,35,no_defects,snow_or_slush,N MICHIGAN AVE,traffic_signal,divided_-_w/median_(not_raised),snow,0,2017,97593
straight_and_level,511,failing_to_reduce_speed_to_avoid_crash,functioning_properly,0,3,rear_end,1,6,0,0,5,0,0,0,6,41.722257273,daylight,-87.585275565,12,no_indication_of_injury,2,35,no_defects,dry,S STONY ISLAND AVE,traffic_signal,divided_-_w/median_barrier,clear,0,2017,100176
straight_and_level,835,exceeding_safe_speed_for_conditions,functioning_properly,0,1,rear_end,0,18,0,0,2,0,0,0,4,41.749789208,"darkness,_lighted_road",-87.703300603,12,no_indication_of_injury,2,30,no_defects,snow_or_slush,W COLUMBUS AVE,traffic_signal,divided_-_w/median_(not_raised),snow,0,2017,91842
straight_and_level,1422,failing_to_yield_right-of-way,functioning_properly,0,6,turning,0,8,0,0,2,0,0,0,3,41.91371539,daylight,-87.716513743,12,no_indication_of_injury,2,30,no_defects,dry,N CENTRAL PARK AVE,stop_sign/flasher,not_divided,clear,0,2017,87861
straight_and_level,2523,following_too_closely,functioning_properly,0,3,rear_end,0,18,0,0,2,0,0,0,2,41.93200817,"darkness,_lighted_road",-87.718122912,12,no_indication_of_injury,2,30,no_defects,dry,W DIVERSEY AVE,stop_sign/flasher,not_divided,clear,0,2017,104445
straight_on_grade,1915,improper_backing,no_controls,0,2,rear_end,0,17,0,0,2,0,0,0,2,41.956807123,dusk,-87.646117502,12,no_indication_of_injury,2,30,unknown,dry,N MARINE DR,no_controls,not_divided,clear,0,2017,103641
straight_and_level,913,failing_to_reduce_speed_to_avoid_crash,unknown,0,0,parked_motor_vehicle,0,2,0,0,1,0,0,0,2,41.836996267,"darkness,_lighted_road",-87.653411812,12,no_indication_of_injury,3,25,no_defects,other,S ABERDEEN ST,no_controls,not_divided,fog/smoke/haze,0,2017,104874
straight_and_level,2514,failing_to_yield_right-of-way,no_controls,0,2,rear_end,1,18,0,0,3,0,0,0,0,41.927946325,"darkness,_lighted_road",-87.765980583,12,no_indication_of_injury,2,15,no_defects,dry,N CENTRAL AVE,no_controls,other,clear,0,2017,100905
straight_and_level,1824,following_too_closely,functioning_properly,0,5,rear_end,0,23,0,0,2,0,0,1,4,41.90378983,"darkness,_lighted_road",-87.631515429,12,no_indication_of_injury,2,30,no_defects,dry,W DIVISION ST,traffic_signal,divided_-_w/median_(not_raised),clear,0,2017,95090
straight_and_level,821,failing_to_reduce_speed_to_avoid_crash,functioning_properly,0,6,angle,0,18,0,0,2,0,0,0,5,41.807679545,"darkness,_lighted_road",-87.723433318,12,no_indication_of_injury,2,35,no_defects,dry,S PULASKI RD,traffic_signal,divided_-_w/median_(not_raised),clear,0,2017,107536
straight_and_level,2012,unable_to_determine,no_controls,0,2,parked_motor_vehicle,0,8,0,0,1,0,0,0,2,41.978976861,daylight,-87.685324663,12,no_indication_of_injury,2,20,no_defects,dry,N BOWMANVILLE AVE,no_controls,not_divided,clear,0,2017,107715
straight_and_level,825,unable_to_determine,no_controls,0,6,parked_motor_vehicle,0,12,0,0,1,0,0,0,1,41.779091629,daylight,-87.682444045,12,no_indication_of_injury,2,30,no_defects,ice,S CLAREMONT AVE,no_controls,one-way,snow,0,2017,106419
straight_and_level,2424,following_too_closely,no_controls,0,3,rear_end,0,10,0,0,1,1,0,0,2,42.010239781,daylight,-87.68220066,12,nonincapacitating_injury,2,25,no_defects,dry,N RIDGE BLVD,no_controls,not_divided,clear,0,2017,87652
straight_and_level,2011,failing_to_yield_right-of-way,no_controls,0,0,sideswipe_same_direction,0,11,0,0,2,0,0,0,1,41.987175156,daylight,-87.690930169,12,no_indication_of_injury,2,20,"rut,_holes",snow_or_slush,N ARTESIAN AVE,no_controls,one-way,clear,0,2017,97865
straight_and_level,735,weather,no_controls,0,6,fixed_object,0,15,0,0,1,0,0,0,2,41.767045643,daylight,-87.663994157,12,no_indication_of_injury,1,30,no_defects,ice,S ASHLAND AVE,no_controls,not_divided,snow,0,2017,109555
straight_and_level,124,driving_skills/knowledge/experience,no_controls,0,2,parked_motor_vehicle,0,17,0,0,1,0,0,0,2,41.86376977,"darkness,_lighted_road",-87.639204419,12,no_indication_of_injury,2,25,no_defects,dry,W 14TH ST,no_controls,not_divided,clear,0,2017,102761
straight_on_grade,122,failing_to_reduce_speed_to_avoid_crash,functioning_properly,0,2,rear_end,0,7,0,0,1,1,0,0,1,41.875671902,daylight,-87.635165146,12,nonincapacitating_injury,2,30,no_defects,dry,W EISENHOWER EXPY IB,stop_sign/flasher,ramp,clear,0,2017,89916
straight_and_level,122,improper_backing,no_controls,0,2,parked_motor_vehicle,0,11,0,0,1,0,0,0,6,41.883880033,daylight,-87.632277738,12,no_indication_of_injury,2,30,no_defects,dry,N LA SALLE ST,no_controls,divided_-_w/median_barrier,clear,0,2017,108058
straight_and_level,1533,exceeding_authorized_speed_limit,no_controls,0,0,parked_motor_vehicle,1,1,0,0,1,0,0,0,2,41.876857163,"darkness,_lighted_road",-87.74803554,12,no_indication_of_injury,4,30,no_defects,dry,W JACKSON BLVD,no_controls,not_divided,clear,0,2017,103238
straight_and_level,1731,improper_backing,no_controls,0,5,rear_end,0,7,0,0,2,0,0,0,2,41.949446107,daylight,-87.7351688,12,no_indication_of_injury,2,30,no_defects,dry,N KILDARE AVE,no_controls,not_divided,clear,0,2017,86909
straight_and_level,2534,exceeding_authorized_speed_limit,functioning_properly,0,2,turning,1,9,0,0,3,0,0,0,2,41.902851187,daylight,-87.726455856,1,no_indication_of_injury,2,30,no_defects,dry,N PULASKI RD,traffic_signal,divided_-_w/median_(not_raised),clear,0,2018,107611
straight_and_level,2411,unable_to_determine,no_controls,0,5,sideswipe_same_direction,0,8,0,0,3,0,0,0,4,42.019438999,daylight,-87.690322022,1,no_indication_of_injury,2,30,no_defects,dry,N WESTERN AVE,no_controls,not_divided,clear,0,2018,91664
straight_and_level,1931,not_applicable,functioning_properly,0,5,fixed_object,0,16,0,0,1,0,0,0,2,41.931347827,daylight,-87.678059054,1,no_indication_of_injury,1,35,no_defects,dry,N DAMEN AVE,traffic_signal,not_divided,cloudy/overcast,0,2018,104302
straight_and_level,1724,failing_to_yield_right-of-way,no_controls,0,6,turning,1,0,0,0,4,0,0,0,2,41.964611762,"darkness,_lighted_road",-87.708499442,1,no_indication_of_injury,2,15,unknown,dry,N KEDZIE AVE,no_controls,parking_lot,clear,0,2018,105003
straight_on_grade,1621,improper_backing,no_controls,0,6,sideswipe_opposite_direction,0,10,0,0,2,0,0,0,1,41.997860014,daylight,-87.763445799,1,no_indication_of_injury,2,15,no_defects,dry,N CENTRAL AVE,no_controls,parking_lot,clear,0,2018,90288
straight_and_level,1523,improper_lane_usage,no_controls,0,6,sideswipe_opposite_direction,0,20,0,0,2,0,0,0,2,41.888640826,"darkness,_lighted_road",-87.755516016,1,no_indication_of_injury,2,30,no_defects,dry,N LARAMIE AVE,no_controls,not_divided,clear,0,2018,96292
straight_and_level,1533,improper_turning/no_signal,functioning_properly,0,4,turning,0,16,0,0,2,0,0,1,4,41.86586532,daylight,-87.754275086,1,no_indication_of_injury,2,30,no_defects,dry,W ROOSEVELT RD,traffic_signal,not_divided,clear,0,2018,95475
straight_and_level,1912,unable_to_determine,functioning_properly,0,3,pedestrian,1,17,0,0,2,0,0,0,2,41.961582671,darkness,-87.676152349,1,no_indication_of_injury,2,25,no_defects,wet,N WOLCOTT AVE,traffic_signal,not_divided,cloudy/overcast,0,2018,107760
straight_and_level,815,following_too_closely,no_controls,0,5,rear_end,0,8,0,0,2,0,0,0,2,41.815039853,daylight,-87.74329462,1,no_indication_of_injury,2,25,no_defects,dry,W 43RD ST,traffic_signal,not_divided,clear,0,2018,107737
straight_and_level,914,failing_to_yield_right-of-way,functioning_properly,0,4,angle,0,20,0,0,6,0,0,1,2,41.845523309,"darkness,_lighted_road",-87.640037159,1,no_indication_of_injury,3,30,no_defects,dry,W 26TH ST,stop_sign/flasher,not_divided,clear,0,2018,88936
straight_and_level,1232,following_too_closely,no_controls,0,1,rear_end,0,17,0,0,2,0,0,0,2,41.869319723,"darkness,_lighted_road",-87.655916627,1,no_indication_of_injury,2,30,no_defects,snow_or_slush,W TAYLOR ST,no_controls,not_divided,clear,0,2018,105081
straight_and_level,822,failing_to_reduce_speed_to_avoid_crash,no_controls,0,2,fixed_object,1,10,0,0,1,0,0,0,1,41.79334579,daylight,-87.720646104,1,no_indication_of_injury,1,2,no_defects,snow_or_slush,W 55TH ST,no_controls,alley,snow,0,2018,86544
straight_and_level,2534,exceeding_safe_speed_for_conditions,no_controls,0,3,parked_motor_vehicle,1,18,0,0,1,0,0,0,1,41.914708012,"darkness,_lighted_road",-87.731214641,1,no_indication_of_injury,2,30,no_defects,dry,N KEELER AVE,no_controls,one-way,clear,0,2018,100112
straight_and_level,634,unable_to_determine,no_controls,0,6,rear_end,1,22,0,0,5,0,0,0,4,41.735935871,"darkness,_lighted_road",-87.629826578,1,no_indication_of_injury,4,30,no_defects,dry,W 87TH ST,no_controls,divided_-_w/median_(not_raised),clear,0,2018,105875
straight_and_level,815,failing_to_yield_right-of-way,functioning_properly,0,1,turning,0,6,0,0,2,0,0,1,2,41.799157172,darkness,-87.740574693,1,no_indication_of_injury,2,30,no_defects,wet,S ARCHER AVE,no_controls,divided_-_w/median_(not_raised),rain,0,2018,92643
straight_and_level,1232,unable_to_determine,functioning_properly,0,5,rear_end,0,11,0,0,3,0,0,0,4,41.867039564,daylight,-87.647244964,1,no_indication_of_injury,3,25,no_defects,dry,W ROOSEVELT RD,traffic_signal,divided_-_w/median_barrier,clear,0,2018,97586
straight_and_level,1925,improper_overtaking/passing,no_controls,0,1,rear_end,0,10,0,0,2,0,0,0,1,41.954578571,daylight,-87.644661981,1,no_indication_of_injury,2,30,no_defects,wet,N LAKE SHORE DR SB,no_controls,ramp,clear,0,2018,91460
straight_and_level,431,weather,no_controls,0,1,parked_motor_vehicle,1,3,0,0,1,0,0,0,2,41.721652799,darkness,-87.551210626,1,no_indication_of_injury,3,30,unknown,snow_or_slush,S COMMERCIAL AVE,no_controls,not_divided,snow,0,2018,97609
straight_and_level,2213,not_applicable,no_controls,0,0,fixed_object,1,6,0,0,1,0,0,0,4,41.720851422,"darkness,_lighted_road",-87.680589406,1,no_indication_of_injury,1,30,no_defects,dry,W 95TH ST,no_controls,divided_-_w/median_barrier,clear,0,2018,94035
straight_and_level,2411,unable_to_determine,no_controls,0,2,pedestrian,0,13,0,1,1,0,0,0,4,42.018184653,daylight,-87.690335548,1,incapacitating_injury,2,30,no_defects,dry,N WESTERN AVE,no_controls,not_divided,clear,0,2018,106081
straight_and_level,1235,disregarding_traffic_signals,functioning_properly,0,3,turning,0,7,0,1,1,0,0,1,0,41.85246585,daylight,-87.651493037,1,incapacitating_injury,2,30,no_defects,wet,W CERMAK RD,traffic_signal,divided_-_w/median_(not_raised),clear,0,2018,96957
straight_and_level,2424,unable_to_determine,unknown,0,2,turning,0,22,0,0,2,0,0,1,1,42.01251803,"darkness,_lighted_road",-87.678036744,1,no_indication_of_injury,2,30,unknown,unknown,N WOLCOTT AVE,stop_sign/flasher,not_divided,clear,0,2018,104605
straight_and_level,1622,improper_overtaking/passing,no_controls,0,5,sideswipe_same_direction,0,8,0,0,2,0,0,0,1,41.975565419,daylight,-87.773398971,1,no_indication_of_injury,2,30,no_defects,dry,W FOSTER AVE,no_controls,other,clear,0,2018,107649
straight_and_level,815,failing_to_reduce_speed_to_avoid_crash,functioning_properly,0,4,rear_end,0,8,0,0,2,0,0,0,2,41.807686168,daylight,-87.731068112,1,no_indication_of_injury,2,30,no_defects,dry,S KILDARE AVE,traffic_signal,not_divided,clear,0,2018,95682
straight_and_level,331,driving_skills/knowledge/experience,no_controls,0,4,parked_motor_vehicle,0,8,0,0,1,0,0,0,1,41.776653672,daylight,-87.57082461,1,no_indication_of_injury,2,15,no_defects,wet,S PROMONTORY DR,no_controls,not_divided,rain,0,2018,105087
straight_and_level,814,failing_to_yield_right-of-way,functioning_properly,0,3,turning,0,15,0,0,3,0,0,1,4,41.797331471,daylight,-87.752608586,1,no_indication_of_injury,2,30,no_defects,wet,S ARCHER AVE,traffic_signal,divided_-_w/median_(not_raised),rain,0,2018,97305
straight_and_level,912,unable_to_determine,functioning_properly,0,4,rear_end,0,7,0,0,2,0,0,0,4,41.837622344,daylight,-87.665887181,1,no_indication_of_injury,2,30,no_defects,dry,S ASHLAND AVE,traffic_signal,divided_-_w/median_(not_raised),clear,0,2018,90731
straight_and_level,2033,failing_to_yield_right-of-way,no_controls,0,1,angle,0,18,0,0,3,0,0,0,1,41.972145658,"darkness,_lighted_road",-87.664862032,1,no_indication_of_injury,2,15,no_defects,dry,N GLENWOOD AVE,no_controls,parking_lot,clear,0,2018,93116
straight_and_level,1915,following_too_closely,functioning_properly,0,4,rear_end,0,20,0,0,1,0,1,0,2,41.961688293,"darkness,_lighted_road",-87.653272255,1,"reported,_not_evident",2,30,no_defects,wet,W MONTROSE AVE,traffic_signal,not_divided,clear,0,2018,91148
straight_and_level,835,improper_lane_usage,no_controls,0,3,sideswipe_same_direction,0,16,0,0,2,0,0,0,5,41.750702046,"darkness,_lighted_road",-87.702586048,1,no_indication_of_injury,2,30,no_defects,snow_or_slush,S KEDZIE AVE,no_controls,not_divided,clear,0,2018,86764
straight_and_level,1613,following_too_closely,no_controls,0,0,rear_end,0,12,0,0,3,0,0,0,6,41.97449737,daylight,-87.806918737,1,no_indication_of_injury,2,30,no_defects,dry,N HARLEM AVE,no_controls,divided_-_w/median_(not_raised),clear,0,2018,101683
straight_and_level,1832,following_too_closely,functioning_properly,0,1,turning,1,2,0,0,2,0,0,1,3,41.893235481,"darkness,_lighted_road",-87.628265053,1,no_indication_of_injury,2,30,unknown,dry,N STATE ST,traffic_signal,one-way,clear,0,2018,54841
straight_and_level,1414,unable_to_determine,no_controls,0,2,turning,0,17,0,0,2,0,0,0,4,41.923111907,"darkness,_lighted_road",-87.707017858,1,no_indication_of_injury,2,30,no_defects,wet,N KEDZIE BLVD,no_controls,divided_-_w/median_(not_raised),clear,0,2018,101033
curve_on_grade,1925,following_too_closely,no_controls,0,4,rear_end,0,16,0,0,2,0,0,0,2,41.940502512,"darkness,_lighted_road",-87.638443671,1,no_indication_of_injury,2,40,no_defects,wet,N LAKE SHORE DR NB,no_controls,ramp,rain,0,2018,95988
straight_and_level,1931,unable_to_determine,functioning_properly,0,5,rear_end,0,18,0,0,2,0,0,0,2,41.93218943,"darkness,_lighted_road",-87.676977328,1,no_indication_of_injury,2,30,no_defects,dry,W DIVERSEY PKWY,traffic_signal,divided_-_w/median_(not_raised),clear,0,2018,103626
straight_and_level,1821,improper_overtaking/passing,no_controls,0,1,parked_motor_vehicle,1,22,0,0,1,0,0,0,4,41.908977678,"darkness,_lighted_road",-87.634789122,1,no_indication_of_injury,2,30,no_defects,ice,N WELLS ST,no_controls,not_divided,clear,0,2018,103110