alignment,beat,contributory_cause,device_condition,dooring,dow,first_crash_type,hit_and_run,hour,injuries_fatal,injuries_incapacitating,injuries_no_indication,injuries_non_incapacitating,injuries_reported_not_evident,intersection_related,lane_count,latitude,lighting_condition,longitude,month,most_severe_injury,num_units,posted_speed_limit,road_defect,roadway_surface_cond,street,traffic_control_device,trafficway_type,weather_condition,work_zone,year,i
straight_and_level,2213,failing_to_yield_right-of-way,functioning_properly,0,5,angle,0,15,0,0,2,0,0,1,4,41.713619906,daylight,-87.678062101,1,no_indication_of_injury,2,30,no_defects,dry,S BELL AVE,stop_sign/flasher,not_divided,clear,0,2018,102686
straight_and_level,2012,unable_to_determine,functioning_properly,0,0,pedalcyclist,0,17,0,0,2,0,0,0,2,41.985438362,darkness,-87.669330506,1,no_indication_of_injury,2,30,no_defects,snow_or_slush,N CLARK ST,stop_sign/flasher,not_divided,sleet/hail,0,2018,68720
straight_and_level,2523,unable_to_determine,no_controls,0,5,parked_motor_vehicle,0,15,0,0,1,0,0,0,2,41.93478999,daylight,-87.726915456,1,no_indication_of_injury,3,30,no_defects,dry,N PULASKI RD,no_controls,not_divided,clear,0,2018,95893
straight_on_grade,323,disregarding_stop_sign,functioning_properly,0,3,angle,0,7,0,0,2,0,0,1,4,41.758762582,daylight,-87.597974118,1,no_indication_of_injury,2,30,no_defects,dry,E 75TH ST,stop_sign/flasher,not_divided,clear,0,2018,91647
straight_and_level,823,unable_to_determine,no_controls,0,5,parked_motor_vehicle,1,21,0,0,1,0,0,0,4,41.779042156,"darkness,_lighted_road",-87.705684671,1,no_indication_of_injury,2,30,no_defects,dry,W 63RD ST,no_controls,not_divided,clear,0,2018,108603
straight_and_level,1223,disregarding_traffic_signals,functioning_properly,0,4,angle,0,10,0,0,1,0,2,1,4,41.882183695,daylight,-87.676808664,1,"reported,_not_evident",2,30,no_defects,dry,N DAMEN AVE,traffic_signal,other,clear,0,2018,94018
straight_and_level,1034,unable_to_determine,no_controls,0,6,parked_motor_vehicle,1,15,0,0,1,0,0,0,2,41.851122923,daylight,-87.678066969,1,no_indication_of_injury,2,30,no_defects,dry,W 22ND PL,no_controls,not_divided,clear,0,2018,111048
straight_and_level,624,failing_to_yield_right-of-way,no_controls,0,5,angle,1,15,0,0,2,0,0,1,1,41.756622225,daylight,-87.607938006,1,no_indication_of_injury,2,30,no_defects,dry,S LANGLEY AVE,stop_sign/flasher,divided_-_w/median_(not_raised),clear,0,2018,109694
straight_and_level,1433,unable_to_determine,functioning_properly,0,5,rear_end,0,16,0,0,3,0,0,0,4,41.907236492,daylight,-87.667743162,1,no_indication_of_injury,2,30,no_defects,dry,N ASHLAND AVE,traffic_signal,not_divided,clear,0,2018,101997
straight_and_level,1524,failing_to_reduce_speed_to_avoid_crash,functioning_properly,0,0,rear_end,0,0,0,0,4,0,0,0,2,41.897012629,"darkness,_lighted_road",-87.755797994,1,no_indication_of_injury,2,30,unknown,dry,N LARAMIE AVE,stop_sign/flasher,divided_-_w/median_(not_raised),clear,0,2018,101946
straight_and_level,123,unable_to_determine,no_controls,0,3,sideswipe_same_direction,0,12,0,0,2,0,0,0,4,41.871464337,daylight,-87.627369086,1,no_indication_of_injury,2,30,no_defects,dry,S STATE ST,no_controls,not_divided,clear,0,2018,92048
straight_and_level,832,following_too_closely,functioning_properly,0,4,rear_end,1,18,0,0,1,1,0,0,3,41.772088596,"darkness,_lighted_road",-87.683380925,1,nonincapacitating_injury,2,25,no_defects,dry,W MARQUETTE RD,traffic_signal,center_turn_lane,clear,0,2018,108632
straight_and_level,621,unable_to_determine,no_controls,0,2,parked_motor_vehicle,1,16,0,0,1,0,0,0,1,41.747802937,daylight,-87.645319039,1,no_indication_of_injury,2,25,no_defects,dry,S GREEN ST,no_controls,one-way,clear,0,2018,109598
straight_and_level,1214,improper_overtaking/passing,no_controls,0,6,parked_motor_vehicle,1,18,0,0,1,0,0,0,2,41.891918502,"darkness,_lighted_road",-87.648492224,1,no_indication_of_injury,2,30,no_defects,dry,N MILWAUKEE AVE,no_controls,divided_-_w/median_(not_raised),clear,0,2018,101619
straight_and_level,1232,driving_skills/knowledge/experience,no_controls,0,6,turning,0,15,0,0,2,0,0,0,4,41.881626937,daylight,-87.649751942,1,no_indication_of_injury,2,30,no_defects,dry,W MADISON ST,no_controls,not_divided,clear,0,2018,110405
straight_and_level,1134,unable_to_determine,no_controls,0,6,sideswipe_same_direction,1,0,0,0,2,0,0,0,2,41.870387958,darkness,-87.710524619,1,no_indication_of_injury,2,30,no_defects,dry,S HOMAN AVE,no_controls,not_divided,clear,0,2018,102093
straight_and_level,2212,following_too_closely,no_controls,0,5,rear_end,0,7,0,0,4,0,0,0,2,41.677361034,daylight,-87.677229084,1,no_indication_of_injury,3,30,no_defects,dry,W 119TH ST,no_controls,not_divided,clear,0,2018,94983
straight_and_level,1411,following_too_closely,no_controls,0,2,rear_end,0,8,0,0,2,0,1,0,2,41.932822972,daylight,-87.688973062,1,"reported,_not_evident",2,30,no_defects,snow_or_slush,N ELSTON AVE,no_controls,not_divided,snow,0,2018,105608
straight_and_level,922,failing_to_reduce_speed_to_avoid_crash,functioning_properly,0,4,sideswipe_same_direction,0,8,0,0,4,0,0,1,4,41.813641687,daylight,-87.694514538,1,no_indication_of_injury,4,30,no_defects,wet,S CALIFORNIA AVE,stop_sign/flasher,divided_-_w/median_(not_raised),clear,0,2018,91522
straight_and_level,215,disregarding_stop_sign,functioning_improperly,0,2,angle,0,11,0,1,1,3,0,1,3,41.811013851,daylight,-87.621338208,1,incapacitating_injury,2,30,no_defects,wet,E 46TH ST,stop_sign/flasher,other,clear,0,2018,100901
straight_and_level,1912,unable_to_determine,no_controls,0,3,parked_motor_vehicle,0,10,0,0,1,0,0,0,2,41.955275853,daylight,-87.67864109,1,no_indication_of_injury,2,30,no_defects,dry,N DAMEN AVE,no_controls,not_divided,clear,0,2018,97877
straight_and_level,2222,failing_to_yield_right-of-way,functioning_properly,0,3,angle,0,17,0,0,2,0,0,1,2,41.734021815,"darkness,_lighted_road",-87.653431206,1,no_indication_of_injury,2,30,no_defects,dry,S RACINE AVE,stop_sign/flasher,divided_-_w/median_(not_raised),clear,0,2018,92758
straight_and_level,2432,unable_to_determine,functioning_properly,0,1,rear_end,0,11,0,0,2,0,0,0,4,41.998700569,daylight,-87.660242771,1,no_indication_of_injury,2,30,no_defects,dry,N SHERIDAN RD,traffic_signal,divided_-_w/median_barrier,clear,0,2018,100632
straight_and_level,1232,unable_to_determine,no_controls,0,2,parked_motor_vehicle,0,16,0,0,2,0,0,0,0,41.869526468,"darkness,_lighted_road",-87.656683202,1,no_indication_of_injury,2,30,no_defects,snow_or_slush,W TAYLOR ST,no_controls,parking_lot,clear,0,2018,99572
straight_and_level,1225,failing_to_yield_right-of-way,no_controls,0,4,turning,0,15,0,0,2,1,0,0,2,41.877585506,daylight,-87.67770896,1,nonincapacitating_injury,2,30,no_defects,wet,W JACKSON BLVD,no_controls,not_divided,rain,0,2018,105804
straight_and_level,422,distraction_-_from_outside_vehicle,no_controls,0,6,sideswipe_opposite_direction,0,18,0,0,4,0,0,0,1,41.750351432,"darkness,_lighted_road",-87.561506877,1,no_indication_of_injury,2,30,no_defects,wet,S COLFAX AVE,no_controls,one-way,clear,0,2018,93671
straight_and_level,234,not_applicable,unknown,0,0,pedestrian,0,16,0,0,2,0,0,0,2,41.799653784,daylight,-87.589048953,1,no_indication_of_injury,2,30,no_defects,dry,E 53RD ST,stop_sign/flasher,not_divided,clear,0,2018,94183
straight_and_level,2212,following_too_closely,no_controls,0,5,rear_end,0,13,0,0,2,0,0,0,2,41.691804147,daylight,-87.672868429,1,no_indication_of_injury,2,30,unknown,dry,W 111TH ST,traffic_signal,center_turn_lane,clear,0,2018,94007
straight_and_level,833,improper_backing,no_controls,0,1,head_on,0,17,0,0,2,0,0,0,2,41.765881286,daylight,-87.722587158,1,no_indication_of_injury,2,20,no_defects,dry,S PULASKI RD,no_controls,not_divided,clear,0,2018,105351
straight_and_level,2422,improper_turning/no_signal,functioning_properly,0,1,turning,0,14,0,0,2,0,0,1,2,42.016180568,daylight,-87.675213513,1,no_indication_of_injury,2,25,no_defects,dry,N ROGERS AVE,traffic_signal,not_divided,clear,0,2018,103854
straight_on_hillcrest,1614,failing_to_reduce_speed_to_avoid_crash,functioning_properly,0,4,rear_end,0,18,0,0,4,0,0,0,4,41.981086779,dusk,-87.846287205,1,no_indication_of_injury,4,35,no_defects,dry,N EAST RIVER RD,lane_use_marking,divided_-_w/median_barrier,clear,0,2018,107415
straight_and_level,815,exceeding_safe_speed_for_conditions,functioning_properly,0,3,rear_end,0,23,0,0,2,1,0,1,3,41.807138862,"darkness,_lighted_road",-87.742994016,1,nonincapacitating_injury,3,30,no_defects,wet,S CICERO AVE,traffic_signal,divided_-_w/median_(not_raised),rain,0,2018,99763
straight_and_level,1832,disregarding_other_traffic_signs,functioning_properly,0,2,angle,0,12,0,0,2,0,0,1,2,41.892445282,daylight,-87.632755374,1,no_indication_of_injury,2,30,no_defects,dry,N LA SALLE DR,traffic_signal,divided_-_w/median_barrier,clear,0,2018,68512
straight_and_level,324,unable_to_determine,functioning_properly,0,2,rear_end,1,2,0,0,2,0,0,0,2,41.765861501,"darkness,_lighted_road",-87.586401312,1,no_indication_of_injury,2,30,no_defects,dry,E 71ST ST,traffic_signal,divided_-_w/median_barrier,clear,0,2018,89339
straight_and_level,2412,distraction_-_from_inside_vehicle,no_controls,0,2,fixed_object,0,20,0,0,1,0,0,0,2,41.999455208,"darkness,_lighted_road",-87.689781503,1,no_indication_of_injury,1,30,no_defects,ice,N WESTERN AVE,no_controls,not_divided,clear,0,2018,90110
straight_and_level,1034,failing_to_reduce_speed_to_avoid_crash,no_controls,0,3,rear_end,0,17,0,0,1,0,2,0,2,41.847227074,"darkness,_lighted_road",-87.690263432,1,"reported,_not_evident",2,30,worn_surface,dry,S ROCKWELL ST,no_controls,not_divided,clear,0,2018,96091
straight_and_level,1212,improper_turning/no_signal,no_controls,0,6,turning,0,2,0,0,2,0,0,0,2,41.9023326,"darkness,_lighted_road",-87.677379358,1,no_indication_of_injury,2,30,no_defects,snow_or_slush,N DAMEN AVE,no_controls,not_divided,sleet/hail,0,2018,94215
straight_and_level,2013,distraction_-_from_outside_vehicle,functioning_properly,0,3,pedestrian,0,17,0,0,1,1,0,0,4,41.985439163,"darkness,_lighted_road",-87.663259855,1,nonincapacitating_injury,2,30,no_defects,wet,N RIDGE AVE,traffic_signal,divided_-_w/median_(not_raised),clear,0,2018,90669
straight_and_level,1132,following_too_closely,no_controls,0,4,rear_end,0,9,0,0,2,0,0,0,4,41.871638777,daylight,-87.7252259,1,no_indication_of_injury,2,35,no_defects,dry,S PULASKI RD,no_controls,not_divided,clear,0,2018,92370
straight_and_level,2535,"evasive_action_due_to_animal,_object,_nonmotorist",no_controls,0,5,parked_motor_vehicle,0,7,0,0,1,0,0,0,4,41.910015328,daylight,-87.724727851,1,no_indication_of_injury,2,30,no_defects,dry,W NORTH AVE,no_controls,divided_-_w/median_(not_raised),clear,0,2018,103676
straight_and_level,114,improper_turning/no_signal,functioning_properly,0,6,turning,0,15,0,0,3,0,0,1,4,41.867623429,daylight,-87.620332399,1,no_indication_of_injury,2,30,no_defects,dry,E ROOSEVELT DR,traffic_signal,divided_-_w/median_barrier,clear,0,2018,108098
straight_and_level,114,following_too_closely,functioning_properly,0,6,rear_end,1,20,0,0,3,0,0,1,6,41.878440698,"darkness,_lighted_road",-87.617348797,1,no_indication_of_injury,3,45,unknown,dry,S LAKE SHORE DR NB,traffic_signal,divided_-_w/median_barrier,clear,0,2018,92488
straight_and_level,1933,unable_to_determine,no_controls,0,6,rear_end,0,17,0,0,2,0,0,0,2,41.9327877,dusk,-87.651501852,1,no_indication_of_injury,2,30,no_defects,dry,W DIVERSEY PKWY,no_controls,not_divided,clear,0,2018,90858
straight_and_level,1821,failing_to_yield_right-of-way,no_controls,0,2,parked_motor_vehicle,0,15,0,0,1,0,0,0,2,41.910987238,daylight,-87.640865963,1,no_indication_of_injury,2,30,no_defects,wet,N CLEVELAND AVE,no_controls,not_divided,clear,0,2018,91707
straight_and_level,2413,following_too_closely,functioning_properly,0,3,rear_end,0,19,0,0,3,0,0,1,1,41.994023019,"darkness,_lighted_road",-87.703307231,1,no_indication_of_injury,2,30,no_defects,dry,N RICHMOND ST,stop_sign/flasher,one-way,clear,0,2018,102620
straight_and_level,523,unable_to_determine,no_controls,0,3,parked_motor_vehicle,0,8,0,0,1,0,0,0,2,41.675605048,dawn,-87.625140174,1,no_indication_of_injury,2,25,no_defects,snow_or_slush,S PERRY AVE,no_controls,not_divided,snow,0,2018,95311
straight_and_level,1115,disregarding_stop_sign,functioning_properly,0,2,angle,0,16,0,0,4,0,0,1,2,41.877168304,dusk,-87.727878134,1,no_indication_of_injury,2,30,no_defects,wet,W JACKSON BLVD,stop_sign/flasher,not_divided,clear,0,2018,100076
straight_and_level,1115,failing_to_yield_right-of-way,functioning_properly,0,0,pedestrian,1,19,0,0,1,1,0,1,4,41.880707763,"darkness,_lighted_road",-87.7328807,1,nonincapacitating_injury,2,30,no_defects,wet,N KILDARE AVE,traffic_signal,not_divided,fog/smoke/haze,0,2018,101962
straight_and_level,1834,unable_to_determine,no_controls,0,4,angle,1,7,0,0,2,0,0,0,2,41.891801286,daylight,-87.613637523,1,no_indication_of_injury,2,30,no_defects,dry,E GRAND AVE,no_controls,one-way,clear,0,2018,95395
straight_and_level,834,unable_to_determine,no_controls,0,5,sideswipe_same_direction,0,17,0,0,5,0,0,0,4,41.749410668,"darkness,_lighted_road",-87.73654351,1,no_indication_of_injury,2,30,no_defects,unknown,W 79TH ST,no_controls,not_divided,snow,0,2018,91748
straight_and_level,1022,disregarding_other_traffic_signs,no_controls,0,1,fixed_object,0,19,0,0,1,0,0,0,2,41.853026079,"darkness,_lighted_road",-87.705438593,1,no_indication_of_injury,1,30,no_defects,wet,S KEDZIE AVE,no_controls,divided_-_w/median_(not_raised),rain,0,2018,98357
straight_and_level,432,unable_to_determine,no_controls,0,6,parked_motor_vehicle,1,20,0,0,1,0,0,0,2,41.709554847,"darkness,_lighted_road",-87.536341959,1,no_indication_of_injury,2,30,no_defects,dry,S AVENUE L,no_controls,not_divided,clear,0,2018,102455
straight_and_level,413,exceeding_authorized_speed_limit,functioning_properly,0,6,rear_end,0,19,0,0,2,0,0,0,2,41.72273739,"darkness,_lighted_road",-87.575508032,1,no_indication_of_injury,2,30,no_defects,dry,S JEFFERY AVE,traffic_signal,divided_-_w/median_(not_raised),clear,0,2018,103882
straight_and_level,122,improper_turning/no_signal,functioning_properly,0,3,pedestrian,1,17,0,0,2,0,0,0,2,41.877123785,"darkness,_lighted_road",-87.631930131,1,no_indication_of_injury,2,30,no_defects,dry,S LA SALLE ST,traffic_signal,not_divided,clear,0,2018,108635
straight_and_level,1423,weather,no_controls,0,0,parked_motor_vehicle,0,22,0,0,2,0,1,0,1,41.910161251,darkness,-87.693467075,1,"reported,_not_evident",2,30,no_defects,snow_or_slush,N TALMAN AVE,no_controls,one-way,snow,0,2018,106314
straight_and_level,1234,distraction_-_from_inside_vehicle,no_controls,0,3,rear_end,0,6,0,0,2,0,0,0,2,41.85786568,"darkness,_lighted_road",-87.66868422,1,no_indication_of_injury,2,30,no_defects,dry,W 18TH ST,no_controls,divided_-_w/median_(not_raised),clear,0,2018,103329
straight_on_hillcrest,821,road_construction/maintenance,no_controls,0,1,other_noncollision,0,15,0,0,1,0,0,0,4,41.81905229,daylight,-87.723819222,1,no_indication_of_injury,1,30,"rut,_holes",dry,S PULASKI RD,no_controls,not_divided,clear,0,2018,104469
straight_and_level,132,failing_to_yield_right-of-way,no_controls,0,0,turning,0,0,0,0,2,0,0,1,1,41.865106252,"darkness,_lighted_road",-87.618197138,1,no_indication_of_injury,2,30,no_defects,dry,E MC FETRIDGE DR,no_controls,other,clear,0,2018,109363
straight_and_level,811,unable_to_determine,no_controls,0,5,parked_motor_vehicle,1,21,0,0,1,0,0,0,1,41.784477156,"darkness,_lighted_road",-87.767936421,1,no_indication_of_injury,2,25,no_defects,dry,S MONITOR AVE,no_controls,not_divided,clear,0,2018,107599
straight_and_level,1614,following_too_closely,no_controls,0,2,rear_end,0,19,0,0,4,0,0,0,2,41.987815605,darkness,-87.847021814,1,no_indication_of_injury,2,30,no_defects,dry,W HIGGINS RD,no_controls,not_divided,clear,0,2018,86661
straight_and_level,1524,exceeding_safe_speed_for_conditions,no_controls,0,0,parked_motor_vehicle,1,3,0,0,1,0,0,1,2,41.901984264,darkness,-87.763672298,1,no_indication_of_injury,3,30,no_defects,dry,N PINE AVE,no_controls,not_divided,clear,0,2018,102370
straight_and_level,1113,improper_overtaking/passing,functioning_properly,0,4,turning,0,16,0,0,5,0,0,1,4,41.880718958,dusk,-87.735600609,1,no_indication_of_injury,2,30,no_defects,dry,W MADISON ST,traffic_signal,not_divided,clear,0,2018,99482
straight_and_level,1614,improper_overtaking/passing,no_controls,0,2,parked_motor_vehicle,0,10,0,0,1,0,0,0,1,41.973631544,daylight,-87.844041726,1,no_indication_of_injury,2,30,no_defects,dry,W FOSTER AVE,no_controls,not_divided,clear,0,2018,96043
straight_and_level,1622,following_too_closely,functioning_properly,0,0,rear_end,0,19,0,0,3,0,0,0,2,41.9830329,"darkness,_lighted_road",-87.768490105,1,no_indication_of_injury,2,30,no_defects,snow_or_slush,N CENTRAL AVE,traffic_signal,not_divided,snow,0,2018,95594
straight_and_level,411,under_the_influence_of_alcohol/drugs_(use_when_arrest_is_effected),no_controls,0,0,fixed_object,0,2,0,0,0,1,0,1,4,41.745928258,"darkness,_lighted_road",-87.58599491,1,nonincapacitating_injury,1,30,no_defects,dry,S STONY ISLAND AVE,no_controls,divided_-_w/median_barrier,clear,0,2018,49014
straight_and_level,222,following_too_closely,functioning_properly,0,3,turning,0,17,0,0,2,0,0,0,2,41.810219586,"darkness,_lighted_road",-87.590301989,1,no_indication_of_injury,2,30,no_defects,dry,S CORNELL AVE,stop_sign/flasher,not_divided,clear,0,2018,109923
straight_and_level,113,unable_to_determine,functioning_properly,0,5,turning,0,16,0,0,2,0,0,1,2,41.878101119,daylight,-87.629443885,1,no_indication_of_injury,2,30,no_defects,dry,S DEARBORN ST,traffic_signal,divided_-_w/median_(not_raised),clear,0,2018,96002
straight_and_level,1034,improper_lane_usage,no_controls,0,5,sideswipe_same_direction,0,11,0,0,4,0,0,0,4,41.844809561,daylight,-87.694814875,1,no_indication_of_injury,2,30,no_defects,dry,W 26TH ST,no_controls,not_divided,clear,0,2018,94161
straight_and_level,2223,unable_to_determine,unknown,0,0,sideswipe_same_direction,1,20,0,0,3,0,0,0,2,41.734222631,unknown,-87.64371259,1,no_indication_of_injury,2,30,unknown,unknown,S HALSTED ST,unknown,divided_-_w/median_(not_raised),unknown,0,2018,97397
straight_and_level,1911,unable_to_determine,no_controls,0,4,angle,0,12,0,0,3,0,0,0,2,41.968637802,daylight,-87.679836449,1,no_indication_of_injury,2,30,no_defects,dry,W LAWRENCE AVE,no_controls,not_divided,clear,0,2018,99066
straight_and_level,1923,exceeding_safe_speed_for_conditions,no_controls,0,1,rear_end,0,15,0,0,3,1,0,0,2,41.954435421,"darkness,_lighted_road",-87.650686687,1,nonincapacitating_injury,2,30,no_defects,wet,W IRVING PARK RD,no_controls,not_divided,snow,0,2018,101715
straight_and_level,2513,unable_to_determine,no_controls,0,3,sideswipe_same_direction,0,20,0,0,2,0,0,0,4,41.909257073,"darkness,_lighted_road",-87.785056593,1,no_indication_of_injury,2,35,no_defects,wet,W NORTH AVE,no_controls,not_divided,clear,0,2018,100143
straight_and_level,622,not_applicable,functioning_properly,0,2,angle,0,12,0,0,2,0,0,0,2,41.743504558,daylight,-87.636662798,1,no_indication_of_injury,2,30,no_defects,snow_or_slush,S VINCENNES AVE,traffic_signal,not_divided,clear,0,2018,89227
straight_and_level,2223,failing_to_yield_right-of-way,not_functioning,0,0,angle,1,13,0,0,1,2,0,1,4,41.721585723,daylight,-87.642063396,1,nonincapacitating_injury,2,30,no_defects,dry,W 95TH ST,stop_sign/flasher,not_divided,clear,0,2018,98543
straight_and_level,725,unable_to_determine,functioning_properly,0,2,rear_end,0,6,0,0,2,0,0,1,4,41.77937222,daylight,-87.664365347,1,no_indication_of_injury,2,30,unknown,wet,S ASHLAND AVE,traffic_signal,divided_-_w/median_(not_raised),snow,0,2018,104993
straight_and_level,1112,unable_to_determine,other,0,5,parked_motor_vehicle,1,8,0,0,1,0,0,0,1,41.895000873,daylight,-87.717667105,1,no_indication_of_injury,2,30,no_defects,dry,N MONTICELLO AVE,no_controls,one-way,clear,0,2018,97721
straight_and_level,2524,failing_to_yield_right-of-way,no_controls,0,5,turning,0,19,0,0,4,0,0,0,4,41.924465217,"darkness,_lighted_road",-87.737337646,1,no_indication_of_injury,2,35,unknown,unknown,W FULLERTON AVE,no_controls,divided_-_w/median_(not_raised),unknown,0,2018,103864
straight_and_level,124,following_too_closely,no_controls,0,2,turning,0,6,0,0,2,0,0,1,0,41.867362693,dawn,-87.639293195,1,no_indication_of_injury,2,30,no_defects,dry,W ROOSEVELT RD,traffic_signal,not_divided,clear,0,2018,97310
straight_and_level,2423,unable_to_determine,functioning_properly,0,6,rear_end,1,20,0,0,3,0,0,0,2,42.010297116,"darkness,_lighted_road",-87.661640933,1,no_indication_of_injury,2,30,no_defects,dry,W GREENLEAF AVE,traffic_signal,not_divided,clear,0,2018,95734
straight_and_level,634,unable_to_determine,no_controls,0,0,rear_end,1,18,0,0,4,0,0,0,2,41.73586838,"darkness,_lighted_road",-87.632413342,1,no_indication_of_injury,2,30,unknown,snow_or_slush,W 87TH ST,no_controls,divided_-_w/median_(not_raised),snow,0,2018,103768
straight_and_level,1732,failing_to_reduce_speed_to_avoid_crash,no_controls,0,1,rear_end,0,10,0,0,1,1,0,0,2,41.944223158,daylight,-87.727186124,1,nonincapacitating_injury,2,30,no_defects,dry,N PULASKI RD,no_controls,divided_-_w/median_(not_raised),clear,0,2018,97845
straight_and_level,814,following_too_closely,functioning_properly,0,5,rear_end,1,13,0,0,2,0,0,0,4,41.795918388,daylight,-87.761780789,1,no_indication_of_injury,2,30,unknown,snow_or_slush,S ARCHER AVE,traffic_signal,not_divided,clear,0,2018,90167
straight_and_level,211,failing_to_yield_right-of-way,functioning_properly,0,2,pedestrian,1,16,0,0,1,1,0,1,0,41.83279038,"darkness,_lighted_road",-87.623443143,1,nonincapacitating_injury,2,30,no_defects,snow_or_slush,S MICHIGAN AVE,stop_sign/flasher,one-way,clear,0,2018,98344
straight_and_level,1832,following_too_closely,no_controls,0,1,rear_end,0,2,0,0,3,0,0,0,4,41.893251198,"darkness,_lighted_road",-87.632493012,1,no_indication_of_injury,2,30,no_defects,dry,N LA SALLE DR,no_controls,divided_-_w/median_(not_raised),clear,0,2018,89558
straight_and_level,2523,failing_to_yield_right-of-way,no_controls,0,5,parked_motor_vehicle,0,16,0,0,2,0,0,0,2,41.936775823,"darkness,_lighted_road",-87.727266923,1,no_indication_of_injury,2,30,no_defects,dry,N PULASKI RD,no_controls,not_divided,clear,0,2018,105134
straight_and_level,1111,unable_to_determine,no_controls,0,6,parked_motor_vehicle,1,11,0,0,1,0,0,0,2,41.896697932,daylight,-87.729672391,1,no_indication_of_injury,2,30,no_defects,dry,N KEDVALE AVE,no_controls,not_divided,clear,0,2018,103789
straight_and_level,812,failing_to_reduce_speed_to_avoid_crash,no_controls,0,4,rear_end,0,15,0,0,0,2,0,0,2,41.777638456,daylight,-87.777458967,1,nonincapacitating_injury,3,35,unknown,dry,W 63RD ST,no_controls,divided_-_w/median_(not_raised),clear,0,2018,92159
straight_and_level,2521,unable_to_determine,no_controls,0,6,rear_end,0,19,0,0,2,0,0,0,2,41.931720711,"darkness,_lighted_road",-87.740667901,1,no_indication_of_injury,2,30,unknown,unknown,W DIVERSEY AVE,no_controls,not_divided,unknown,0,2018,96983
straight_and_level,413,unable_to_determine,functioning_properly,0,6,rear_end,0,15,0,0,1,0,2,1,2,41.72622626,daylight,-87.575387753,1,"reported,_not_evident",2,30,no_defects,dry,E 93RD ST,traffic_signal,divided_-_w/median_(not_raised),clear,0,2018,99865
straight_and_level,122,improper_overtaking/passing,no_controls,0,2,sideswipe_same_direction,0,7,0,0,4,0,0,0,3,41.879506802,daylight,-87.6326408,1,no_indication_of_injury,2,30,no_defects,wet,W ADAMS ST,no_controls,one-way,rain,0,2018,100378
straight_and_level,915,unable_to_determine,no_controls,0,4,parked_motor_vehicle,1,16,0,0,1,0,0,0,2,41.831277524,dusk,-87.641391717,1,no_indication_of_injury,2,30,no_defects,wet,S WALLACE ST,no_controls,not_divided,clear,0,2018,107385
straight_and_level,1611,failing_to_yield_right-of-way,no_controls,0,1,angle,0,11,0,0,2,0,0,0,2,42.011558142,daylight,-87.81671823,1,no_indication_of_injury,2,30,no_defects,wet,W TOUHY AVE,no_controls,divided_-_w/median_(not_raised),snow,0,2018,88907
straight_and_level,423,unable_to_determine,functioning_properly,0,3,rear_end,0,15,0,0,2,0,0,0,2,41.722759508,daylight,-87.560683728,1,no_indication_of_injury,2,30,no_defects,dry,E 95TH ST,traffic_signal,not_divided,clear,0,2018,102387
straight_and_level,1533,failing_to_reduce_speed_to_avoid_crash,functioning_properly,0,4,rear_end,0,23,0,0,6,0,0,0,4,41.871282983,"darkness,_lighted_road",-87.74508757,1,no_indication_of_injury,5,35,no_defects,wet,W LEXINGTON ST,traffic_signal,one-way,clear,0,2018,91217
straight_and_level,533,unable_to_determine,functioning_properly,0,4,turning,0,20,0,0,2,0,0,1,4,41.658178799,darkness,-87.596241464,1,no_indication_of_injury,2,30,no_defects,wet,S GREENWOOD AVE,traffic_signal,not_divided,rain,0,2018,89218
straight_and_level,1834,failing_to_yield_right-of-way,no_controls,0,1,sideswipe_same_direction,0,7,0,0,2,0,0,0,2,41.89357131,daylight,-87.615947477,1,no_indication_of_injury,2,25,no_defects,other,E ONTARIO ST,no_controls,one-way,other,0,2018,88827
straight_and_level,411,not_applicable,no_controls,0,3,rear_end,0,1,0,0,2,0,0,0,4,41.751460603,daylight,-87.585971993,1,no_indication_of_injury,2,30,unknown,unknown,S STONY ISLAND AVE,no_controls,not_divided,clear,0,2018,98628
straight_and_level,1622,exceeding_safe_speed_for_conditions,no_controls,0,0,parked_motor_vehicle,0,6,0,0,0,2,0,0,2,41.960411265,"darkness,_lighted_road",-87.780626105,1,nonincapacitating_injury,2,30,no_defects,dry,W MONTROSE AVE,no_controls,divided_-_w/median_(not_raised),clear,0,2018,94368
straight_and_level,1912,physical_condition_of_driver,no_controls,0,6,parked_motor_vehicle,0,1,0,0,1,0,0,0,6,41.962080408,"darkness,_lighted_road",-87.669126175,1,no_indication_of_injury,3,30,no_defects,dry,N ASHLAND AVE,no_controls,divided_-_w/median_(not_raised),clear,0,2018,92096
straight_and_level,821,driving_on_wrong_side/wrong_way,no_controls,0,2,head_on,0,16,1,0,0,1,0,0,2,41.816007189,"darkness,_lighted_road",-87.704434346,1,fatal,2,35,no_defects,wet,S KEDZIE AVE,no_controls,not_divided,other,0,2018,95557
straight_and_level,2524,failing_to_yield_right-of-way,no_controls,0,0,turning,0,19,0,0,2,0,0,1,2,41.927813509,"darkness,_lighted_road",-87.727013034,1,no_indication_of_injury,2,30,no_defects,wet,N PULASKI RD,no_controls,divided_-_w/median_(not_raised),rain,0,2018,88232