alignment,beat,contributory_cause,device_condition,dooring,dow,first_crash_type,hit_and_run,hour,injuries_fatal,injuries_incapacitating,injuries_no_indication,injuries_non_incapacitating,injuries_reported_not_evident,intersection_related,lane_count,latitude,lighting_condition,longitude,month,most_severe_injury,num_units,posted_speed_limit,road_defect,roadway_surface_cond,street,traffic_control_device,trafficway_type,weather_condition,work_zone,year,i
straight_and_level,131,unable_to_determine,no_controls,0,2,parked_motor_vehicle,0,7,0,0,10,0,0,0,4,41.84876181,daylight,-87.62384799,1,no_indication_of_injury,2,20,no_defects,snow_or_slush,S MICHIGAN AVE,no_controls,not_divided,snow,0,2018,95112
straight_and_level,531,failing_to_yield_right-of-way,no_controls,0,1,rear_end,0,9,0,0,2,0,0,0,0,41.692422827,daylight,-87.598868291,1,no_indication_of_injury,2,30,no_defects,snow_or_slush,E 111TH ST,other,parking_lot,snow,0,2018,96844
straight_and_level,1411,unable_to_determine,functioning_properly,0,3,rear_end,1,14,0,0,3,0,0,0,2,41.932120719,daylight,-87.6977653,1,no_indication_of_injury,2,30,no_defects,dry,N CALIFORNIA AVE,traffic_signal,not_divided,clear,0,2018,95202
straight_and_level,1824,exceeding_safe_speed_for_conditions,no_controls,0,3,fixed_object,0,21,0,1,0,0,0,0,4,41.900752974,"darkness,_lighted_road",-87.624235,1,incapacitating_injury,1,30,no_defects,wet,N LAKE SHORE DR,no_controls,divided_-_w/median_barrier,rain,0,2018,96391
straight_and_level,1233,improper_overtaking/passing,functioning_properly,0,5,sideswipe_same_direction,1,8,0,0,2,0,0,0,6,41.861876676,daylight,-87.666108743,1,no_indication_of_injury,2,30,no_defects,dry,S ASHLAND AVE,traffic_signal,divided_-_w/median_(not_raised),clear,0,2018,89350
straight_and_level,1921,following_too_closely,unknown,0,1,rear_end,0,19,0,0,3,0,0,0,4,41.939586505,darkness,-87.686166231,1,no_indication_of_injury,2,30,unknown,snow_or_slush,W BELMONT AVE,unknown,divided_-_w/median_(not_raised),snow,0,2018,97302
straight_and_level,1831,unable_to_determine,functioning_properly,0,5,rear_end,0,23,0,0,2,0,0,1,4,41.891478117,"darkness,_lighted_road",-87.63399221,1,no_indication_of_injury,2,30,no_defects,unknown,W GRAND AVE,traffic_signal,one-way,snow,0,2018,96382
straight_and_level,1433,improper_backing,no_controls,0,5,fixed_object,0,10,0,0,1,0,0,0,1,41.908115374,daylight,-87.667763834,1,no_indication_of_injury,1,30,no_defects,ice,N ASHLAND AVE,no_controls,alley,clear,0,2018,102059
straight_and_level,1922,failing_to_yield_right-of-way,no_controls,0,2,sideswipe_same_direction,0,15,0,0,3,0,0,0,4,41.95332563,daylight,-87.6688743,1,no_indication_of_injury,2,30,unknown,dry,N ASHLAND AVE,no_controls,divided_-_w/median_barrier,clear,0,2018,110812
straight_and_level,724,failing_to_yield_right-of-way,no_controls,0,3,angle,0,13,0,0,2,0,0,0,1,41.777697797,daylight,-87.654594351,1,no_indication_of_injury,2,20,no_defects,dry,S RACINE AVE,stop_sign/flasher,not_divided,clear,0,2018,110030
straight_and_level,1622,failing_to_yield_right-of-way,no_controls,0,4,angle,0,16,0,1,0,0,2,1,0,41.974417964,"darkness,_lighted_road",-87.78172155,1,incapacitating_injury,2,30,no_defects,wet,W HIGGINS AVE,stop_sign/flasher,other,rain,0,2018,90021
straight_and_level,233,distraction_-_from_outside_vehicle,no_controls,0,1,sideswipe_same_direction,0,18,0,0,2,0,0,0,2,41.800847763,darkness,-87.596821865,1,no_indication_of_injury,2,30,no_defects,wet,S WOODLAWN AVE,no_controls,not_divided,clear,0,2018,41111
straight_and_level,1912,road_construction/maintenance,functioning_properly,0,1,fixed_object,0,20,0,0,1,0,0,0,1,41.968279399,darkness,-87.674012835,1,no_indication_of_injury,1,30,"rut,_holes",snow_or_slush,N RAVENSWOOD AVE,traffic_signal,one-way,snow,0,2018,95631
straight_and_level,1723,failing_to_yield_right-of-way,no_controls,0,3,sideswipe_same_direction,0,19,0,0,3,0,0,0,2,41.962234812,"darkness,_lighted_road",-87.727713718,1,no_indication_of_injury,2,30,no_defects,dry,N PULASKI RD,no_controls,not_divided,clear,0,2018,88823
straight_and_level,831,weather,functioning_properly,0,0,rear_end,0,22,0,0,2,0,0,0,2,41.771646217,"darkness,_lighted_road",-87.702820434,1,no_indication_of_injury,2,30,no_defects,snow_or_slush,S KEDZIE AVE,traffic_signal,other,snow,0,2018,92962
straight_and_level,833,failing_to_reduce_speed_to_avoid_crash,no_controls,0,4,rear_end,0,13,0,1,3,0,0,0,4,41.770886041,daylight,-87.722416675,1,incapacitating_injury,3,30,no_defects,dry,S PULASKI RD,no_controls,divided_-_w/median_(not_raised),clear,0,2018,105437
straight_and_level,2011,following_too_closely,no_controls,0,2,rear_end,0,8,0,0,2,0,0,0,2,41.981464333,daylight,-87.689515656,1,no_indication_of_injury,2,30,no_defects,dry,N WESTERN AVE,no_controls,divided_-_w/median_(not_raised),clear,0,2018,106056
straight_and_level,121,failing_to_yield_right-of-way,functioning_properly,0,3,pedestrian,0,16,0,0,1,1,0,1,3,41.880640373,"darkness,_lighted_road",-87.644011119,1,nonincapacitating_injury,2,30,no_defects,snow_or_slush,W MONROE ST,traffic_signal,one-way,clear,0,2018,89886
straight_on_hillcrest,1031,unable_to_determine,no_controls,0,2,sideswipe_opposite_direction,1,16,0,0,2,0,0,0,2,41.836841624,daylight,-87.737753863,1,no_indication_of_injury,2,30,unknown,unknown,W 31ST ST OVERPASS,no_controls,not_divided,unknown,0,2018,88128
straight_and_level,2533,improper_turning/no_signal,functioning_properly,0,3,turning,0,16,0,0,2,0,0,0,2,41.916521498,dusk,-87.752893306,1,no_indication_of_injury,2,30,no_defects,dry,W GRAND AVE,traffic_signal,not_divided,clear,0,2018,93142
straight_and_level,434,unable_to_determine,no_controls,0,4,fixed_object,0,6,0,0,3,0,0,0,1,41.701215925,daylight,-87.564136294,1,no_indication_of_injury,2,30,no_defects,dry,S YATES AVE,no_controls,one-way,clear,0,2018,90742
straight_and_level,113,unable_to_determine,no_controls,0,2,parked_motor_vehicle,1,13,0,0,1,0,0,0,2,41.876864553,daylight,-87.62596393,1,no_indication_of_injury,2,30,no_defects,dry,E VAN BUREN ST,no_controls,one-way,clear,0,2018,106921
straight_and_level,1032,"operating_vehicle_in_erratic,_reckless,_careless,_negligent_or_aggressive_manner",no_controls,0,5,parked_motor_vehicle,1,2,0,0,1,0,0,0,1,41.8398549,"darkness,_lighted_road",-87.713299156,1,no_indication_of_injury,4,20,no_defects,dry,S DRAKE AVE,no_controls,one-way,clear,0,2018,106963
straight_and_level,735,driving_skills/knowledge/experience,no_controls,0,4,parked_motor_vehicle,0,17,0,0,2,0,0,0,1,41.76845491,"darkness,_lighted_road",-87.664038433,1,no_indication_of_injury,2,15,no_defects,dry,S ASHLAND AVE,no_controls,parking_lot,clear,0,2018,99516
straight_and_level,1924,failing_to_yield_right-of-way,no_controls,0,2,sideswipe_same_direction,0,22,0,0,2,0,1,1,2,41.940173003,"darkness,_lighted_road",-87.658830153,1,"reported,_not_evident",2,30,no_defects,ice,N RACINE AVE,no_controls,divided_-_w/median_(not_raised),snow,0,2018,86957
straight_and_level,2232,improper_turning/no_signal,functioning_properly,0,3,sideswipe_same_direction,0,16,0,0,3,0,0,1,4,41.714118868,daylight,-87.643145408,1,no_indication_of_injury,2,35,no_defects,dry,S HALSTED ST,traffic_signal,center_turn_lane,clear,0,2018,69322
straight_and_level,2515,improper_backing,no_controls,0,1,turning,1,17,0,0,2,0,0,0,1,41.923924388,"darkness,_lighted_road",-87.758748991,1,no_indication_of_injury,2,30,no_defects,wet,N LOCKWOOD AVE,no_controls,one-way,clear,0,2018,96947
straight_and_level,331,equipment_-_vehicle_condition,no_controls,0,6,fixed_object,0,17,0,1,0,0,0,0,4,41.791350556,"darkness,_lighted_road",-87.585562237,1,incapacitating_injury,1,30,no_defects,dry,S CORNELL DR,no_controls,divided_-_w/median_(not_raised),clear,0,2018,110917
straight_and_level,1632,failing_to_reduce_speed_to_avoid_crash,no_controls,0,3,rear_end,1,4,0,0,2,0,0,0,4,41.960087876,daylight,-87.787494735,1,no_indication_of_injury,2,30,no_defects,dry,W MONTROSE AVE,no_controls,not_divided,clear,0,2018,96842
straight_and_level,632,failing_to_reduce_speed_to_avoid_crash,functioning_improperly,0,6,turning,0,17,0,0,2,0,0,0,2,41.736209469,dusk,-87.624305519,2,no_indication_of_injury,2,30,no_defects,dry,S STATE ST,traffic_signal,divided_-_w/median_(not_raised),clear,0,2018,88530
straight_and_level,911,unable_to_determine,functioning_properly,0,1,angle,0,8,0,0,2,0,0,1,4,41.830080414,daylight,-87.689867484,2,no_indication_of_injury,2,30,no_defects,wet,W 35TH ST,stop_sign/flasher,not_divided,clear,0,2018,97915
straight_and_level,2212,physical_condition_of_driver,no_controls,0,4,parked_motor_vehicle,0,9,0,0,1,0,0,0,1,41.686077779,daylight,-87.67013814,2,no_indication_of_injury,2,20,no_defects,dry,S HERMOSA AVE,no_controls,one-way,clear,0,2018,96195
straight_and_level,1623,failing_to_yield_right-of-way,functioning_properly,0,3,pedestrian,0,5,0,0,1,1,0,0,2,41.96978065,"darkness,_lighted_road",-87.765120419,2,nonincapacitating_injury,2,30,no_defects,dry,W HIGGINS AVE,stop_sign/flasher,not_divided,clear,0,2018,92032
straight_and_level,1421,failing_to_yield_right-of-way,functioning_properly,0,6,turning,0,17,0,0,2,0,0,1,0,41.910326668,"darkness,_lighted_road",-87.697085543,2,no_indication_of_injury,2,30,no_defects,snow_or_slush,W NORTH AVE,traffic_signal,not_divided,snow,0,2018,87737
straight_and_level,1233,improper_turning/no_signal,functioning_improperly,0,1,fixed_object,0,17,0,0,1,0,0,1,2,41.861500235,darkness,-87.671027241,2,no_indication_of_injury,1,25,no_defects,dry,W 15TH ST,stop_sign/flasher,not_divided,clear,0,2018,93656
straight_and_level,813,unable_to_determine,no_controls,0,6,turning,0,13,0,0,2,0,0,0,2,41.778491882,daylight,-87.727412087,2,no_indication_of_injury,2,25,no_defects,dry,W 63RD ST,no_controls,divided_-_w/median_(not_raised),clear,0,2018,100631
straight_and_level,1921,unable_to_determine,no_controls,0,1,parked_motor_vehicle,1,17,0,0,1,0,0,0,1,41.945098291,unknown,-87.682456044,2,no_indication_of_injury,2,30,unknown,unknown,W CORNELIA AVE,no_controls,one-way,unknown,0,2018,103486
straight_and_level,1224,unable_to_determine,functioning_properly,0,4,rear_end,0,12,0,0,3,0,0,0,2,41.882559766,daylight,-87.666991595,2,no_indication_of_injury,3,30,no_defects,dry,N ASHLAND AVE,traffic_signal,divided_-_w/median_(not_raised),clear,0,2018,107989
straight_and_level,1424,unable_to_determine,functioning_properly,0,3,sideswipe_same_direction,1,15,0,0,2,0,0,0,1,41.907170229,daylight,-87.681833976,2,no_indication_of_injury,3,30,no_defects,wet,W SCHILLER ST,stop_sign/flasher,not_divided,clear,0,2018,71788
straight_and_level,1631,failing_to_yield_right-of-way,functioning_properly,0,2,turning,0,19,0,0,2,0,0,1,2,41.952522017,"darkness,_lighted_road",-87.813116621,2,no_indication_of_injury,2,30,unknown,wet,W IRVING PARK RD,stop_sign/flasher,not_divided,snow,0,2018,92075
straight_and_level,334,following_too_closely,no_controls,0,5,rear_end,0,11,0,0,2,0,0,0,2,41.76570215,daylight,-87.562414955,2,no_indication_of_injury,2,35,no_defects,dry,S SOUTH SHORE DR,no_controls,not_divided,clear,0,2018,104563
straight_and_level,2522,unable_to_determine,no_controls,0,6,parked_motor_vehicle,1,15,0,0,1,0,0,0,2,41.917197698,daylight,-87.732610709,2,no_indication_of_injury,2,30,no_defects,dry,W ARMITAGE AVE,no_controls,not_divided,clear,0,2018,87561
straight_and_level,1724,improper_overtaking/passing,no_controls,0,3,sideswipe_opposite_direction,0,11,0,0,2,0,0,0,2,41.961089433,daylight,-87.706173077,2,no_indication_of_injury,2,30,no_defects,dry,W MONTROSE AVE,no_controls,not_divided,clear,0,2018,96045
straight_and_level,1711,unable_to_determine,functioning_properly,0,6,rear_end,0,10,0,0,2,0,0,0,2,41.98675498,daylight,-87.710098656,2,no_indication_of_injury,3,30,no_defects,dry,N JERSEY AVE,stop_sign/flasher,not_divided,clear,0,2018,94541
straight_and_level,611,unable_to_determine,no_controls,0,1,turning,0,16,0,0,4,0,0,1,1,41.749432486,daylight,-87.6732332,2,no_indication_of_injury,2,30,unknown,dry,W 79TH PL,no_controls,one-way,clear,0,2018,105525
straight_and_level,2515,failing_to_yield_right-of-way,no_controls,0,6,angle,0,8,0,0,2,0,0,0,1,41.927169081,daylight,-87.7637884,2,no_indication_of_injury,2,30,no_defects,dry,N LINDER AVE,no_controls,one-way,clear,0,2018,72031
straight_and_level,1814,unable_to_determine,functioning_properly,0,3,sideswipe_same_direction,0,14,0,0,2,0,0,0,4,41.925999153,daylight,-87.631337702,2,no_indication_of_injury,2,30,no_defects,dry,W FULLERTON DR,no_controls,not_divided,clear,0,2018,90306
straight_and_level,1414,"operating_vehicle_in_erratic,_reckless,_careless,_negligent_or_aggressive_manner",no_controls,0,6,parked_motor_vehicle,1,11,0,0,1,0,0,0,2,41.927492579,daylight,-87.70459704,2,no_indication_of_injury,2,30,no_defects,dry,N MILWAUKEE AVE,no_controls,not_divided,clear,0,2018,101848
straight_and_level,1722,failing_to_yield_right-of-way,no_controls,0,2,turning,0,11,0,0,3,0,0,1,2,41.967944262,daylight,-87.745327672,2,no_indication_of_injury,2,30,no_defects,snow_or_slush,W LAWRENCE AVE,no_controls,not_divided,clear,0,2018,92629
straight_and_level,1225,disregarding_stop_sign,functioning_properly,0,4,angle,0,9,0,0,3,0,0,1,2,41.87515478,daylight,-87.673755882,2,no_indication_of_injury,2,30,no_defects,dry,W OGDEN AVE,stop_sign/flasher,not_divided,clear,0,2018,93816
straight_and_level,821,following_too_closely,functioning_properly,0,2,rear_end,0,14,0,0,2,0,0,0,4,41.82531993,daylight,-87.723959997,2,no_indication_of_injury,2,30,no_defects,wet,S PULASKI RD,traffic_signal,not_divided,rain,0,2018,92921
straight_and_level,1533,"vision_obscured_(signs,_tree_limbs,_buildings,_etc.)",functioning_properly,0,1,pedestrian,0,9,0,0,1,1,0,1,4,41.880542854,daylight,-87.750298226,2,nonincapacitating_injury,2,30,no_defects,dry,W MADISON ST,traffic_signal,divided_-_w/median_(not_raised),clear,0,2018,92817
straight_and_level,2522,unable_to_determine,no_controls,0,2,parked_motor_vehicle,1,5,0,0,1,0,0,0,1,41.9188129,"darkness,_lighted_road",-87.753390844,2,no_indication_of_injury,2,30,no_defects,snow_or_slush,N LECLAIRE AVE,no_controls,one-way,snow,0,2018,103611
straight_and_level,715,unable_to_determine,no_controls,0,1,sideswipe_same_direction,1,7,0,0,3,0,0,0,4,41.788523861,daylight,-87.664587003,2,no_indication_of_injury,2,30,no_defects,wet,S ASHLAND AVE,no_controls,not_divided,rain,0,2018,110649
straight_and_level,634,unable_to_determine,unknown,0,6,rear_end,0,1,0,0,4,0,2,0,3,41.72188229,"darkness,_lighted_road",-87.625197434,2,"reported,_not_evident",3,30,unknown,dry,S LAFAYETTE AVE,traffic_signal,one-way,clear,0,2018,98670
straight_and_level,621,disregarding_road_markings,no_controls,0,1,fixed_object,0,7,0,0,1,0,0,0,1,41.756044073,daylight,-87.639488814,2,no_indication_of_injury,1,30,no_defects,dry,W 76TH ST,no_controls,divided_-_w/median_barrier,clear,0,2018,108497
straight_and_level,823,unable_to_determine,no_controls,0,3,turning,1,17,0,0,2,0,0,0,2,41.778686391,daylight,-87.717999928,2,no_indication_of_injury,2,25,no_defects,dry,S HAMLIN AVE,no_controls,divided_-_w/median_(not_raised),clear,0,2018,106323
straight_and_level,1421,following_too_closely,functioning_properly,0,6,rear_end,0,16,0,0,2,0,0,1,2,41.912190485,daylight,-87.69351484,2,no_indication_of_injury,2,25,no_defects,snow_or_slush,W WABANSIA AVE,stop_sign/flasher,not_divided,snow,0,2018,93767
straight_and_level,915,unable_to_determine,unknown,0,1,parked_motor_vehicle,1,12,0,0,1,0,0,0,2,41.83647166,daylight,-87.635703771,2,no_indication_of_injury,2,20,no_defects,wet,W 32ND ST,unknown,not_divided,rain,0,2018,99309
straight_and_level,232,weather,no_controls,0,0,parked_motor_vehicle,0,3,0,0,1,0,0,0,2,41.789138353,"darkness,_lighted_road",-87.621899692,2,no_indication_of_injury,3,30,no_defects,ice,E 58TH ST,no_controls,not_divided,clear,0,2018,108459
straight_and_level,1032,improper_backing,functioning_properly,0,4,turning,0,12,0,0,2,0,0,0,2,41.8373395,daylight,-87.704950558,2,no_indication_of_injury,2,30,no_defects,snow_or_slush,W 31ST ST,traffic_signal,not_divided,clear,0,2018,108802
straight_and_level,2511,failing_to_yield_right-of-way,functioning_properly,0,0,angle,0,13,0,0,2,0,1,1,2,41.936442317,daylight,-87.806841087,2,"reported,_not_evident",2,30,no_defects,snow_or_slush,N HARLEM AVE,stop_sign/flasher,not_divided,snow,0,2018,103332
straight_and_level,114,disregarding_traffic_signals,functioning_properly,0,1,angle,0,15,0,0,2,0,0,0,6,41.887720847,daylight,-87.620750911,2,no_indication_of_injury,2,35,unknown,wet,E WACKER DR,traffic_signal,divided_-_w/median_barrier,clear,0,2018,92355
straight_and_level,322,unable_to_determine,unknown,0,0,fixed_object,0,2,0,0,1,0,0,0,2,41.769346416,"darkness,_lighted_road",-87.613702998,2,no_indication_of_injury,1,30,unknown,snow_or_slush,S ANTHONY AVE,no_controls,not_divided,snow,0,2018,92638
straight_and_level,1122,failing_to_yield_right-of-way,no_controls,0,3,sideswipe_same_direction,0,12,0,0,3,0,0,0,2,41.886652385,daylight,-87.725691331,2,no_indication_of_injury,2,30,no_defects,dry,N PULASKI RD,no_controls,divided_-_w/median_(not_raised),clear,0,2018,94645
straight_and_level,114,following_too_closely,no_controls,0,2,rear_end,0,19,0,0,2,0,0,0,6,41.888053536,darkness,-87.624082645,2,no_indication_of_injury,2,30,no_defects,dry,E LOWER WACKER DR,no_controls,divided_-_w/median_barrier,clear,0,2018,87354
straight_and_level,1631,failing_to_yield_right-of-way,functioning_properly,0,0,turning,0,1,0,0,3,0,0,1,2,41.944652836,"darkness,_lighted_road",-87.8363646,2,no_indication_of_injury,2,30,no_defects,snow_or_slush,W ADDISON ST,traffic_signal,divided_-_w/median_(not_raised),snow,0,2018,87249
straight_and_level,1935,improper_overtaking/passing,no_controls,0,5,sideswipe_same_direction,1,18,0,0,2,0,0,0,2,41.928027126,darkness,-87.651244109,2,no_indication_of_injury,2,30,unknown,unknown,W LILL AVE,no_controls,not_divided,clear,0,2018,88628
straight_and_level,1031,unable_to_determine,no_controls,0,2,parked_motor_vehicle,1,21,0,0,1,0,0,0,1,41.839076645,"darkness,_lighted_road",-87.726694824,2,no_indication_of_injury,2,30,no_defects,snow_or_slush,S KARLOV AVE,no_controls,one-way,snow,0,2018,94947
straight_and_level,1232,driving_skills/knowledge/experience,functioning_properly,0,4,turning,0,10,0,0,2,0,0,1,4,41.867023122,dawn,-87.643947281,2,no_indication_of_injury,2,30,no_defects,wet,S RUBLE ST,traffic_signal,one-way,clear,0,2018,88873
straight_and_level,1832,following_too_closely,functioning_properly,0,0,rear_end,0,1,0,0,2,0,0,0,4,41.893700327,dusk,-87.631325619,2,no_indication_of_injury,2,30,no_defects,snow_or_slush,N CLARK ST,traffic_signal,divided_-_w/median_barrier,snow,0,2018,108421
straight_and_level,2534,failing_to_yield_right-of-way,functioning_properly,0,1,angle,0,0,0,0,2,0,0,0,2,41.916928404,"darkness,_lighted_road",-87.733730055,2,no_indication_of_injury,2,30,no_defects,dry,N KILDARE AVE,stop_sign/flasher,not_divided,clear,0,2018,93801
straight_and_level,1632,following_too_closely,no_controls,0,6,rear_end,0,14,0,0,3,0,0,1,2,41.938141744,daylight,-87.804328016,2,no_indication_of_injury,2,30,no_defects,dry,W BELMONT AVE,no_controls,not_divided,clear,0,2018,90597
straight_and_level,621,weather,no_controls,0,5,fixed_object,0,0,0,0,0,1,0,0,2,41.750823685,"darkness,_lighted_road",-87.635372451,2,nonincapacitating_injury,1,30,no_defects,snow_or_slush,S EGGLESTON AVE,no_controls,not_divided,snow,0,2018,91935
straight_and_level,1712,"operating_vehicle_in_erratic,_reckless,_careless,_negligent_or_aggressive_manner",no_controls,0,1,rear_end,1,4,0,0,2,0,0,0,2,41.968374503,"darkness,_lighted_road",-87.725745208,2,no_indication_of_injury,5,30,no_defects,wet,W LAWRENCE AVE,no_controls,not_divided,clear,0,2018,100873
straight_and_level,724,improper_turning/no_signal,no_controls,0,5,turning,0,17,0,0,2,0,0,0,2,41.779482853,"darkness,_lighted_road",-87.65707471,2,no_indication_of_injury,2,20,no_defects,dry,S THROOP ST,no_controls,not_divided,clear,0,2018,105346
straight_and_level,122,improper_lane_usage,no_controls,0,3,sideswipe_same_direction,0,8,0,0,3,0,0,0,2,41.879290073,daylight,-87.632362725,2,no_indication_of_injury,2,30,no_defects,dry,W ADAMS ST,no_controls,one-way,clear,0,2018,99361
straight_and_level,331,unable_to_determine,no_controls,0,6,sideswipe_same_direction,1,21,0,0,3,0,0,0,2,41.79045301,"darkness,_lighted_road",-87.585257073,2,no_indication_of_injury,3,30,no_defects,dry,S CORNELL DR,no_controls,divided_-_w/median_(not_raised),clear,0,2018,106624
straight_and_level,311,following_too_closely,no_controls,0,1,rear_end,1,7,0,0,2,0,0,0,2,41.780121109,daylight,-87.623547497,2,no_indication_of_injury,2,30,no_defects,dry,E 63RD ST,no_controls,divided_-_w/median_(not_raised),clear,0,2018,90652
straight_and_level,2011,unable_to_determine,no_controls,0,1,sideswipe_opposite_direction,0,8,0,0,2,0,0,0,1,41.978641571,daylight,-87.70302345,2,no_indication_of_injury,2,30,no_defects,snow_or_slush,W SUMMERDALE AVE,no_controls,alley,clear,0,2018,110485
straight_and_level,1824,improper_backing,no_controls,0,1,parked_motor_vehicle,0,16,0,0,3,0,0,0,2,41.903765448,"darkness,_lighted_road",-87.633072471,2,no_indication_of_injury,2,30,no_defects,snow_or_slush,W DIVISION ST,no_controls,not_divided,snow,0,2018,100191
straight_on_hillcrest,1814,unable_to_determine,no_controls,0,4,other_object,0,2,0,0,0,1,0,0,6,41.911304488,"darkness,_lighted_road",-87.625878603,2,nonincapacitating_injury,1,40,no_defects,dry,N LAKE SHORE DR NB,no_controls,divided_-_w/median_barrier,clear,0,2018,87555
straight_and_level,1713,not_applicable,no_controls,0,1,parked_motor_vehicle,1,10,0,0,1,0,0,0,1,41.973727715,daylight,-87.706326037,2,no_indication_of_injury,2,30,no_defects,snow_or_slush,N ALBANY AVE,no_controls,one-way,snow,0,2018,107585
straight_and_level,1132,following_too_closely,functioning_properly,0,4,turning,1,18,0,0,4,0,0,0,1,41.873494907,"darkness,_lighted_road",-87.730377111,2,no_indication_of_injury,3,30,no_defects,dry,W HARRISON ST,stop_sign/flasher,one-way,clear,0,2018,100134
straight_and_level,2531,unable_to_determine,no_controls,0,1,parked_motor_vehicle,0,12,0,0,1,0,0,0,4,41.909180177,daylight,-87.772676076,2,no_indication_of_injury,2,30,unknown,snow_or_slush,W NORTH AVE,no_controls,divided_-_w/median_(not_raised),clear,0,2018,107131
straight_and_level,221,following_too_closely,no_controls,0,5,rear_end,0,17,0,0,3,0,0,0,2,41.814166334,"darkness,_lighted_road",-87.606815319,2,no_indication_of_injury,2,25,no_defects,snow_or_slush,S COTTAGE GROVE AVE,no_controls,not_divided,snow,0,2018,109127
straight_and_level,432,unable_to_determine,functioning_properly,0,0,rear_end,0,19,0,0,3,0,0,1,4,41.713767022,"darkness,_lighted_road",-87.536712462,2,no_indication_of_injury,2,30,no_defects,dry,E 100TH ST,traffic_signal,divided_-_w/median_(not_raised),clear,0,2018,106535
straight_and_level,713,unable_to_determine,no_controls,0,4,parked_motor_vehicle,1,21,0,0,1,0,0,0,1,41.784889743,"darkness,_lighted_road",-87.659431717,2,no_indication_of_injury,2,30,no_defects,dry,W 60TH ST,no_controls,one-way,clear,0,2018,88313
straight_and_level,531,disregarding_stop_sign,no_controls,0,4,head_on,0,12,0,0,2,1,0,1,4,41.690747603,daylight,-87.62117331,2,nonincapacitating_injury,3,30,no_defects,snow_or_slush,S MICHIGAN AVE,no_controls,not_divided,rain,0,2018,101902
straight_and_level,914,unable_to_determine,functioning_properly,0,4,turning,0,18,0,0,5,0,0,1,12,41.85282345,"darkness,_lighted_road",-87.634959039,2,no_indication_of_injury,2,30,no_defects,snow_or_slush,S PRINCETON AVE,traffic_signal,other,clear,0,2018,109744
straight_and_level,632,unable_to_determine,no_controls,0,3,sideswipe_same_direction,1,13,0,0,2,0,1,0,2,41.738667297,daylight,-87.604733403,2,"reported,_not_evident",2,30,no_defects,dry,S COTTAGE GROVE AVE,no_controls,not_divided,clear,0,2018,90763
straight_and_level,512,following_too_closely,functioning_properly,0,4,rear_end,0,9,0,0,2,0,0,0,2,41.70155963,daylight,-87.623507503,2,no_indication_of_injury,2,30,unknown,unknown,S STATE ST,traffic_signal,divided_-_w/median_(not_raised),clear,0,2018,110290
straight_and_level,1023,improper_overtaking/passing,no_controls,0,6,sideswipe_same_direction,0,10,0,0,3,0,0,0,1,41.854546473,daylight,-87.69293356,2,no_indication_of_injury,2,25,no_defects,dry,S WASHTENAW AVE,no_controls,one-way,clear,0,2018,91690
straight_and_level,2222,exceeding_safe_speed_for_conditions,no_controls,0,6,fixed_object,1,1,0,0,1,0,0,0,2,41.723007747,"darkness,_lighted_road",-87.656577814,2,no_indication_of_injury,1,30,no_defects,dry,W 94TH ST,no_controls,not_divided,clear,0,2018,100780
straight_and_level,114,improper_overtaking/passing,functioning_properly,0,5,sideswipe_same_direction,0,17,0,0,2,0,0,1,3,41.867566541,dawn,-87.624094175,2,no_indication_of_injury,2,30,no_defects,dry,E ROOSEVELT RD,traffic_signal,divided_-_w/median_(not_raised),clear,0,2018,104534
straight_and_level,2514,failing_to_reduce_speed_to_avoid_crash,functioning_properly,0,3,rear_end,0,16,0,0,2,0,0,1,4,41.931448066,daylight,-87.761214327,2,no_indication_of_injury,2,30,no_defects,snow_or_slush,W DIVERSEY AVE,traffic_signal,divided_-_w/median_(not_raised),snow,0,2018,103557
straight_and_level,1522,failing_to_yield_right-of-way,no_controls,0,5,turning,1,12,0,0,2,0,0,0,4,41.865855574,daylight,-87.754952184,2,no_indication_of_injury,2,30,no_defects,snow_or_slush,W ROOSEVELT RD,traffic_signal,divided_-_w/median_(not_raised),clear,0,2018,101228
straight_and_level,1522,unable_to_determine,no_controls,0,6,angle,1,16,0,0,3,0,0,0,2,41.880250734,daylight,-87.755985671,2,no_indication_of_injury,2,30,no_defects,dry,W MADISON ST,no_controls,not_divided,clear,0,2018,98426
straight_and_level,1732,weather,no_controls,0,1,other_object,0,20,0,1,0,1,0,0,2,41.943994657,"darkness,_lighted_road",-87.715561841,2,incapacitating_injury,1,30,no_defects,snow_or_slush,N AVONDALE AVE,no_controls,not_divided,snow,0,2018,95581
straight_and_level,726,unable_to_determine,functioning_properly,0,1,angle,0,16,0,0,1,0,1,1,2,41.779224423,daylight,-87.672633358,2,"reported,_not_evident",2,30,no_defects,wet,W 63RD ST,stop_sign/flasher,divided_-_w/median_(not_raised),unknown,0,2018,105992