alignment,beat,contributory_cause,device_condition,dooring,dow,first_crash_type,hit_and_run,hour,injuries_fatal,injuries_incapacitating,injuries_no_indication,injuries_non_incapacitating,injuries_reported_not_evident,intersection_related,lane_count,latitude,lighting_condition,longitude,month,most_severe_injury,num_units,posted_speed_limit,road_defect,roadway_surface_cond,street,traffic_control_device,trafficway_type,weather_condition,work_zone,year,i
straight_and_level,1433,weather,no_controls,0,6,parked_motor_vehicle,0,10,0,0,1,0,0,0,2,41.911024932,daylight,-87.666401688,2,no_indication_of_injury,2,30,no_defects,snow_or_slush,N BOSWORTH AVE,no_controls,not_divided,snow,0,2018,90986
straight_and_level,112,failing_to_yield_right-of-way,functioning_properly,0,1,turning,0,1,0,0,2,0,0,1,3,41.879616961,"darkness,_lighted_road",-87.624499957,2,no_indication_of_injury,2,35,no_defects,wet,S MICHIGAN AVE,traffic_signal,divided_-_w/median_barrier,snow,0,2018,100805
straight_and_level,2432,unable_to_determine,no_controls,0,2,sideswipe_same_direction,1,7,0,0,2,0,0,0,2,41.998090195,daylight,-87.675680444,2,no_indication_of_injury,2,30,no_defects,dry,W DEVON AVE,no_controls,not_divided,clear,0,2018,105788
straight_and_level,1224,unable_to_determine,no_controls,0,0,parked_motor_vehicle,1,4,0,0,1,0,0,0,3,41.883168645,"darkness,_lighted_road",-87.668149969,2,no_indication_of_injury,2,30,no_defects,dry,W WASHINGTON BLVD,no_controls,one-way,clear,0,2018,108513
straight_and_level,1132,unable_to_determine,no_controls,0,5,turning,0,22,0,0,4,0,0,1,4,41.876130275,"darkness,_lighted_road",-87.725661119,2,no_indication_of_injury,2,30,unknown,unknown,S PULASKI RD,no_controls,not_divided,clear,0,2018,103407
straight_and_level,1221,unable_to_determine,functioning_properly,0,0,rear_end,0,22,0,0,5,0,0,1,2,41.891759532,"darkness,_lighted_road",-87.706294782,2,no_indication_of_injury,2,30,unknown,dry,N KEDZIE AVE,traffic_signal,divided_-_w/median_(not_raised),clear,0,2018,102917
straight_and_level,2412,unable_to_determine,no_controls,0,2,parked_motor_vehicle,0,13,0,0,1,0,0,0,2,42.003389228,daylight,-87.680460709,2,no_indication_of_injury,3,20,no_defects,dry,N DAMEN AVE,no_controls,not_divided,clear,0,2018,108245
straight_and_level,1833,failing_to_yield_right-of-way,functioning_properly,0,1,turning,0,15,0,0,2,0,1,1,4,41.896659881,daylight,-87.621755235,2,"reported,_not_evident",2,30,no_defects,wet,E CHICAGO AVE,traffic_signal,center_turn_lane,rain,0,2018,86435
straight_and_level,1832,unable_to_determine,unknown,0,3,fixed_object,0,12,0,0,1,0,0,0,1,41.894124704,daylight,-87.63251632,2,no_indication_of_injury,1,30,no_defects,dry,N LA SALLE DR,unknown,unknown,clear,0,2018,86800
straight_and_level,1214,disregarding_stop_sign,other,0,5,angle,1,22,0,0,6,0,0,1,2,41.890077898,"darkness,_lighted_road",-87.64775609,2,no_indication_of_injury,2,30,no_defects,dry,N HALSTED ST,stop_sign/flasher,not_divided,clear,0,2018,91851
straight_and_level,2522,unable_to_determine,functioning_properly,0,6,sideswipe_same_direction,0,13,0,0,4,0,0,0,1,41.918540659,daylight,-87.751208507,2,no_indication_of_injury,2,25,unknown,snow_or_slush,N LAVERGNE AVE,stop_sign/flasher,other,snow,0,2018,106485
straight_and_level,414,"vision_obscured_(signs,_tree_limbs,_buildings,_etc.)",functioning_properly,0,4,angle,0,4,0,0,2,0,0,1,2,41.751528853,"darkness,_lighted_road",-87.574909644,2,no_indication_of_injury,2,35,no_defects,ice,S CHAPPEL AVE,stop_sign/flasher,divided_-_w/median_(not_raised),other,0,2018,92620
straight_and_level,1824,following_too_closely,functioning_properly,0,5,rear_end,0,10,0,0,0,1,2,0,2,41.903068431,daylight,-87.631569201,2,nonincapacitating_injury,2,30,no_defects,dry,N CLARK ST,traffic_signal,not_divided,clear,0,2018,106798
straight_and_level,2411,improper_lane_usage,no_controls,0,6,rear_end,0,17,0,0,2,0,0,0,1,42.016765163,"darkness,_lighted_road",-87.687659947,2,no_indication_of_injury,2,30,no_defects,dry,N OAKLEY AVE,no_controls,one-way,clear,0,2018,108330
straight_and_level,331,unable_to_determine,no_controls,0,6,parked_motor_vehicle,1,11,0,0,1,0,0,0,2,41.76733163,daylight,-87.566648911,2,no_indication_of_injury,2,25,no_defects,dry,S SOUTH SHORE DR,no_controls,not_divided,clear,0,2018,90032
straight_and_level,1935,following_too_closely,no_controls,0,1,rear_end,0,8,0,0,2,0,0,0,4,41.92625161,daylight,-87.631044912,2,no_indication_of_injury,2,45,no_defects,dry,N LAKE SHORE DR NB,no_controls,not_divided,clear,0,2018,91566
straight_and_level,2521,improper_overtaking/passing,no_controls,0,5,sideswipe_same_direction,1,17,0,0,3,0,0,0,2,41.938599191,daylight,-87.756538578,2,no_indication_of_injury,2,30,no_defects,dry,N LARAMIE AVE,no_controls,divided_-_w/median_(not_raised),clear,0,2018,108364
straight_and_level,1921,driving_skills/knowledge/experience,no_controls,0,2,sideswipe_same_direction,0,15,0,0,2,0,0,0,4,41.94683756,daylight,-87.690622998,2,no_indication_of_injury,2,30,no_defects,dry,W ADDISON ST,no_controls,not_divided,clear,0,2018,86593
straight_and_level,731,improper_overtaking/passing,no_controls,0,3,sideswipe_same_direction,0,18,0,0,2,0,0,0,1,41.760836267,darkness,-87.631042286,2,no_indication_of_injury,2,30,no_defects,wet,S YALE AVE,no_controls,one-way,snow,0,2018,91573
straight_and_level,1633,failing_to_yield_right-of-way,no_controls,0,2,angle,0,16,0,0,2,0,0,1,1,41.952126316,daylight,-87.771999044,2,no_indication_of_injury,2,30,no_defects,dry,N MENARD AVE,no_controls,one-way,clear,0,2018,87048
straight_and_level,232,weather,no_controls,0,0,parked_motor_vehicle,0,19,0,0,1,0,0,0,2,41.785730743,darkness,-87.620462578,2,no_indication_of_injury,2,30,no_defects,snow_or_slush,E 60TH ST,no_controls,not_divided,snow,0,2018,105931
straight_and_level,914,unable_to_determine,no_controls,0,0,parked_motor_vehicle,1,15,0,0,1,0,0,0,2,41.854371541,daylight,-87.631673163,2,no_indication_of_injury,2,30,no_defects,snow_or_slush,S WENTWORTH AVE,no_controls,not_divided,clear,0,2018,97176
straight_and_level,414,unable_to_determine,no_controls,0,1,parked_motor_vehicle,1,9,0,0,1,0,0,0,2,41.751476617,daylight,-87.577601711,2,no_indication_of_injury,2,30,no_defects,snow_or_slush,E 79TH ST,no_controls,not_divided,snow,0,2018,88946
straight_and_level,815,unable_to_determine,no_controls,0,3,sideswipe_same_direction,0,12,0,0,2,0,0,0,2,41.807809442,dawn,-87.737000996,2,no_indication_of_injury,2,25,no_defects,dry,W 47TH ST,no_controls,divided_-_w/median_(not_raised),clear,0,2018,90679
straight_and_level,2413,failing_to_yield_right-of-way,functioning_properly,0,2,turning,0,16,0,0,2,0,0,1,4,41.990527717,dusk,-87.699552084,2,no_indication_of_injury,2,30,no_defects,dry,N CALIFORNIA AVE,traffic_signal,divided_-_w/median_(not_raised),clear,0,2018,89034
straight_and_level,1934,failing_to_reduce_speed_to_avoid_crash,no_controls,0,2,sideswipe_same_direction,0,20,0,0,3,0,0,0,4,41.9328287,daylight,-87.645080351,2,no_indication_of_injury,2,30,no_defects,wet,N CLARK ST,stop_sign/flasher,divided_-_w/median_(not_raised),rain,0,2018,100097
straight_and_level,821,unable_to_determine,no_controls,0,6,sideswipe_same_direction,1,11,0,0,2,0,0,0,4,41.81271832,daylight,-87.706711987,2,no_indication_of_injury,2,25,no_defects,dry,S ARCHER AVE,no_controls,divided_-_w/median_(not_raised),clear,0,2018,99580
straight_and_level,1925,improper_lane_usage,no_controls,0,5,sideswipe_same_direction,0,7,0,0,2,0,0,0,4,41.940207117,daylight,-87.640861649,2,no_indication_of_injury,2,20,no_defects,dry,W BELMONT AVE,no_controls,not_divided,clear,0,2018,110705
straight_on_grade,814,failing_to_reduce_speed_to_avoid_crash,no_controls,0,1,rear_end,0,17,0,0,2,0,0,0,4,41.807712683,daylight,-87.743300246,2,no_indication_of_injury,2,30,no_defects,dry,S CICERO AVE,no_controls,divided_-_w/median_(not_raised),clear,0,2018,107616
straight_and_level,933,unable_to_determine,no_controls,0,0,parked_motor_vehicle,0,21,0,0,1,0,0,0,1,41.806744624,"darkness,_lighted_road",-87.659575595,2,no_indication_of_injury,2,25,no_defects,unknown,W 48TH ST,no_controls,one-way,clear,0,2018,109678
straight_and_level,2532,failing_to_reduce_speed_to_avoid_crash,no_controls,0,2,parked_motor_vehicle,1,13,0,0,3,0,0,0,1,41.905173862,daylight,-87.758177568,2,no_indication_of_injury,2,30,no_defects,wet,N LOCKWOOD AVE,no_controls,one-way,rain,0,2018,110001
straight_and_level,2433,unable_to_determine,functioning_properly,0,3,angle,0,8,0,0,2,0,0,0,2,41.996408363,daylight,-87.670372011,2,no_indication_of_injury,2,25,no_defects,dry,N CLARK ST,stop_sign/flasher,not_divided,clear,0,2018,106311
straight_on_hillcrest,432,failing_to_reduce_speed_to_avoid_crash,unknown,0,5,parked_motor_vehicle,0,20,0,0,0,1,0,0,2,41.70265338,"darkness,_lighted_road",-87.543874634,2,nonincapacitating_injury,2,25,no_defects,snow_or_slush,E 106TH ST,unknown,divided_-_w/median_(not_raised),clear,0,2018,106145
straight_and_level,1231,unable_to_determine,no_controls,0,2,parked_motor_vehicle,1,6,0,0,1,0,0,0,2,41.878876168,daylight,-87.664202695,2,no_indication_of_injury,2,30,no_defects,snow_or_slush,S LAFLIN ST,no_controls,not_divided,snow,0,2018,109298
straight_and_level,1114,equipment_-_vehicle_condition,no_controls,0,6,parked_motor_vehicle,0,7,0,0,2,0,0,0,2,41.882127671,daylight,-87.72634526,2,no_indication_of_injury,5,30,no_defects,dry,W WASHINGTON BLVD,no_controls,not_divided,clear,0,2018,91501
straight_and_level,1433,failing_to_reduce_speed_to_avoid_crash,functioning_properly,0,0,rear_end,0,15,0,0,3,0,0,0,2,41.910853907,daylight,-87.660343773,2,no_indication_of_injury,2,35,no_defects,dry,W NORTH AVE,traffic_signal,not_divided,clear,0,2018,102764
straight_and_level,513,unable_to_determine,unknown,0,2,parked_motor_vehicle,1,23,0,0,1,0,0,0,1,41.696423223,darkness,-87.617520419,2,no_indication_of_injury,3,35,unknown,unknown,E 109TH ST,unknown,not_divided,unknown,0,2018,92928
straight_and_level,1215,exceeding_safe_speed_for_conditions,functioning_properly,0,6,rear_end,1,8,0,0,2,0,0,1,4,41.89596285,daylight,-87.6673493,2,no_indication_of_injury,2,30,no_defects,snow_or_slush,W CHICAGO AVE,traffic_signal,divided_-_w/median_(not_raised),cloudy/overcast,0,2018,92725
straight_and_level,221,improper_overtaking/passing,functioning_properly,0,1,sideswipe_same_direction,1,15,0,0,2,0,0,0,4,41.80964545,daylight,-87.606379843,2,no_indication_of_injury,2,30,unknown,snow_or_slush,E 47TH ST,traffic_signal,divided_-_w/median_(not_raised),snow,0,2018,101622
straight_and_level,1223,unable_to_determine,no_controls,0,0,parked_motor_vehicle,1,13,0,0,1,0,0,0,2,41.886157072,dusk,-87.671997527,2,no_indication_of_injury,2,30,no_defects,wet,W WALNUT ST,no_controls,not_divided,snow,0,2018,96013
straight_and_level,912,unable_to_determine,no_controls,0,5,parked_motor_vehicle,1,8,0,0,1,0,0,0,2,41.826962594,daylight,-87.665624077,2,no_indication_of_injury,2,30,unknown,unknown,W 37TH ST,no_controls,not_divided,unknown,0,2018,93806
straight_and_level,122,unable_to_determine,functioning_properly,0,1,angle,0,22,0,0,1,0,1,1,3,41.880749816,"darkness,_lighted_road",-87.635355746,2,"reported,_not_evident",2,30,no_defects,dry,W MONROE ST,traffic_signal,not_divided,clear,0,2018,92277
straight_and_level,223,unable_to_determine,no_controls,0,5,pedestrian,0,18,0,0,1,0,1,0,1,41.803271162,"darkness,_lighted_road",-87.606756405,2,"reported,_not_evident",2,30,no_defects,dry,E 50TH PL,no_controls,one-way,clear,0,2018,109006
straight_and_level,1531,improper_backing,no_controls,0,6,rear_end,1,23,0,0,2,0,0,0,4,41.894890924,darkness,-87.746080422,2,no_indication_of_injury,2,30,no_defects,wet,W CHICAGO AVE,no_controls,other,clear,0,2018,86693
straight_and_level,1834,unable_to_determine,functioning_improperly,0,2,pedestrian,1,10,0,0,1,1,0,1,1,41.894175646,daylight,-87.624384406,2,nonincapacitating_injury,2,30,no_defects,dry,N MICHIGAN AVE,traffic_signal,divided_-_w/median_barrier,clear,0,2018,88250
straight_and_level,132,disregarding_stop_sign,functioning_properly,0,5,angle,0,18,0,0,2,0,0,1,2,41.854235514,daylight,-87.622399682,2,no_indication_of_injury,2,30,no_defects,dry,S INDIANA AVE,stop_sign/flasher,not_divided,clear,0,2018,95999
straight_and_level,835,unable_to_determine,functioning_properly,0,2,sideswipe_same_direction,0,7,0,0,8,0,0,1,4,41.742705225,daylight,-87.682741081,2,no_indication_of_injury,2,30,no_defects,dry,W 83RD ST,traffic_signal,not_divided,clear,0,2018,106684
straight_and_level,1912,driving_skills/knowledge/experience,no_controls,0,6,angle,0,12,0,0,3,0,0,0,2,41.963245267,daylight,-87.673614188,2,no_indication_of_injury,2,30,no_defects,snow_or_slush,W SUNNYSIDE AVE,no_controls,not_divided,clear,0,2018,98056
straight_and_level,632,not_applicable,no_controls,0,5,parked_motor_vehicle,1,1,0,0,1,0,0,0,1,41.741015944,darkness,-87.616413516,2,no_indication_of_injury,2,30,no_defects,wet,S CALUMET AVE,no_controls,one-way,snow,0,2018,90511
straight_and_level,1831,improper_lane_usage,functioning_properly,0,6,sideswipe_same_direction,0,5,0,0,2,0,0,0,3,41.892290859,"darkness,_lighted_road",-87.63312249,2,no_indication_of_injury,2,30,no_defects,dry,W OHIO ST,traffic_signal,other,clear,0,2018,90139
straight_and_level,1935,distraction_-_from_outside_vehicle,no_controls,0,0,parked_motor_vehicle,0,12,0,0,1,0,0,0,2,41.929459532,daylight,-87.652381319,2,no_indication_of_injury,2,30,no_defects,wet,N WILTON AVE,no_controls,divided_-_w/median_(not_raised),clear,0,2018,87409
straight_and_level,112,failing_to_yield_right-of-way,no_controls,0,5,sideswipe_same_direction,0,10,0,0,2,0,0,0,3,41.881936675,daylight,-87.62925348,2,no_indication_of_injury,2,30,no_defects,dry,S DEARBORN ST,no_controls,one-way,clear,0,2018,89874
straight_and_level,1223,cell_phone_use_other_than_texting,functioning_properly,0,4,angle,0,23,0,0,2,0,1,1,4,41.883190699,"darkness,_lighted_road",-87.676838474,2,"reported,_not_evident",2,30,no_defects,dry,N DAMEN AVE,traffic_signal,not_divided,clear,0,2018,99236
straight_and_level,632,improper_overtaking/passing,functioning_properly,0,3,sideswipe_same_direction,0,16,0,0,2,0,0,0,2,41.736455046,daylight,-87.614672913,2,no_indication_of_injury,2,30,no_defects,dry,S DR MARTIN LUTHER KING JR DR,traffic_signal,divided_-_w/median_(not_raised),clear,0,2018,90781
straight_and_level,714,distraction_-_from_inside_vehicle,functioning_properly,0,6,rear_end,0,15,0,0,6,0,0,0,2,41.779533833,daylight,-87.666275072,2,no_indication_of_injury,2,30,no_defects,dry,W 63RD ST,stop_sign/flasher,not_divided,clear,0,2018,95085
straight_and_level,813,disregarding_stop_sign,not_functioning,0,0,angle,0,6,0,0,2,0,0,0,2,41.793022165,dawn,-87.73310677,2,no_indication_of_injury,2,30,no_defects,dry,S KOSTNER AVE,traffic_signal,not_divided,clear,0,2018,86415
straight_and_level,2531,unable_to_determine,no_controls,0,1,parked_motor_vehicle,0,20,0,0,1,0,0,0,2,41.904896093,"darkness,_lighted_road",-87.765899917,2,no_indication_of_injury,2,30,no_defects,wet,N CENTRAL AVE,no_controls,not_divided,rain,0,2018,96889
straight_and_level,833,unable_to_determine,no_controls,0,3,rear_end,0,17,0,0,3,0,0,0,4,41.753420438,dusk,-87.721890816,2,no_indication_of_injury,3,30,no_defects,dry,S PULASKI RD,no_controls,not_divided,clear,0,2018,93976
straight_and_level,621,following_too_closely,functioning_properly,0,6,rear_end,0,12,0,0,2,0,0,0,2,41.750695645,daylight,-87.647745967,2,no_indication_of_injury,2,30,unknown,dry,W 79TH ST,stop_sign/flasher,divided_-_w/median_(not_raised),clear,0,2018,100314
straight_and_level,2223,weather,no_controls,0,1,sideswipe_same_direction,0,9,0,0,2,0,0,0,6,41.721539945,daylight,-87.634110789,2,no_indication_of_injury,2,30,other,snow_or_slush,S EGGLESTON AVE,no_controls,divided_-_w/median_barrier,snow,0,2018,92653
straight_and_level,614,failing_to_yield_right-of-way,no_controls,0,6,angle,0,12,0,0,2,0,0,0,4,41.742927035,daylight,-87.663395453,2,no_indication_of_injury,2,25,unknown,unknown,S ASHLAND AVE,no_controls,divided_-_w/median_(not_raised),unknown,0,2018,107167
straight_and_level,2424,failing_to_yield_right-of-way,functioning_properly,0,3,turning,0,12,0,0,3,0,0,1,0,42.019300761,daylight,-87.676426153,2,no_indication_of_injury,2,30,no_defects,wet,N CLARK ST,traffic_signal,not_divided,clear,0,2018,109458
straight_and_level,1411,following_too_closely,functioning_properly,0,0,rear_end,0,4,0,0,2,0,0,0,4,41.934965095,"darkness,_lighted_road",-87.6975566,2,no_indication_of_injury,2,30,no_defects,dry,N CALIFORNIA AVE,traffic_signal,divided_-_w/median_(not_raised),clear,0,2018,105917
straight_and_level,823,failing_to_yield_right-of-way,functioning_properly,0,3,angle,0,10,0,0,2,0,0,0,4,41.779135648,daylight,-87.699549458,2,no_indication_of_injury,2,30,no_defects,wet,W 63RD ST,stop_sign/flasher,not_divided,clear,0,2018,89807
straight_on_grade,1834,disregarding_traffic_signals,functioning_properly,0,1,angle,0,13,0,0,3,0,0,1,4,41.891233581,daylight,-87.613501254,2,no_indication_of_injury,2,30,unknown,other,E ILLINOIS ST,traffic_signal,divided_-_w/median_barrier,clear,0,2018,100832
straight_and_level,1912,under_the_influence_of_alcohol/drugs_(use_when_arrest_is_effected),functioning_properly,0,5,rear_end,0,18,0,0,4,0,0,0,4,41.968783352,"darkness,_lighted_road",-87.669583502,2,no_indication_of_injury,2,30,no_defects,dry,N ASHLAND AVE,traffic_signal,divided_-_w/median_barrier,clear,0,2018,105714
straight_and_level,1531,weather,no_controls,0,6,parked_motor_vehicle,0,21,0,0,2,0,0,0,4,41.894879697,"darkness,_lighted_road",-87.747601673,2,no_indication_of_injury,2,35,no_defects,snow_or_slush,W CHICAGO AVE,no_controls,divided_-_w/median_barrier,snow,0,2018,100595
straight_and_level,1214,unable_to_determine,functioning_properly,0,4,angle,1,5,0,0,2,0,0,1,2,41.88997537,"darkness,_lighted_road",-87.647664737,2,no_indication_of_injury,2,30,no_defects,dry,W HUBBARD ST,stop_sign/flasher,not_divided,clear,0,2018,106507
straight_and_level,623,weather,no_controls,0,5,angle,0,14,0,0,2,0,0,0,2,41.756606616,daylight,-87.619972436,2,no_indication_of_injury,2,30,no_defects,snow_or_slush,E 76TH ST,no_controls,divided_-_w/median_(not_raised),snow,0,2018,107821
straight_and_level,333,exceeding_safe_speed_for_conditions,no_controls,0,6,sideswipe_opposite_direction,1,22,0,0,2,0,0,0,2,41.764283912,"darkness,_lighted_road",-87.576406669,2,no_indication_of_injury,2,30,no_defects,snow_or_slush,S JEFFERY BLVD,no_controls,not_divided,clear,0,2018,97072
straight_and_level,2533,following_too_closely,functioning_properly,0,2,rear_end,0,16,0,0,8,0,0,0,2,41.909736348,dusk,-87.746053447,2,no_indication_of_injury,3,30,no_defects,dry,W NORTH AVE,traffic_signal,not_divided,clear,0,2018,102949
straight_and_level,414,weather,no_controls,0,6,other_object,0,20,0,0,2,0,0,1,2,41.751792768,"darkness,_lighted_road",-87.569950001,2,no_indication_of_injury,1,30,no_defects,snow_or_slush,E 79TH ST,no_controls,not_divided,snow,0,2018,86427
straight_and_level,821,improper_backing,no_controls,0,4,sideswipe_opposite_direction,0,12,0,0,2,0,0,0,2,41.813160608,daylight,-87.705990823,2,no_indication_of_injury,2,30,no_defects,dry,S ARCHER AVE,no_controls,not_divided,clear,0,2018,94968
straight_and_level,1834,unable_to_determine,no_controls,0,5,parked_motor_vehicle,1,10,0,0,1,0,0,0,3,41.892671291,"darkness,_lighted_road",-87.622572202,2,no_indication_of_injury,2,35,no_defects,snow_or_slush,E OHIO ST,no_controls,one-way,snow,0,2018,92407
straight_and_level,235,weather,no_controls,0,4,parked_motor_vehicle,0,5,0,0,1,0,0,0,1,41.789448407,"darkness,_lighted_road",-87.60385187,2,no_indication_of_injury,2,30,no_defects,unknown,S DREXEL AVE,no_controls,not_divided,fog/smoke/haze,0,2018,105281
straight_and_level,2213,not_applicable,no_controls,0,4,other_object,0,8,0,0,1,0,0,0,2,41.71411977,daylight,-87.659397578,2,no_indication_of_injury,1,30,no_defects,dry,W 99TH ST,no_controls,divided_-_w/median_(not_raised),clear,0,2018,100820
straight_and_level,214,failing_to_yield_right-of-way,no_controls,0,3,sideswipe_same_direction,0,17,0,0,2,0,0,0,2,41.816915993,daylight,-87.607143408,2,no_indication_of_injury,2,30,no_defects,dry,E 43RD ST,no_controls,not_divided,clear,0,2018,103135
straight_and_level,1235,unable_to_determine,no_controls,0,1,angle,0,8,0,0,2,0,0,0,2,41.852809531,daylight,-87.641890932,2,no_indication_of_injury,2,20,no_defects,dry,W CERMAK RD,no_controls,parking_lot,clear,0,2018,111009
straight_and_level,813,unable_to_determine,no_controls,0,2,sideswipe_same_direction,0,13,0,0,2,0,0,0,4,41.783092734,daylight,-87.723031375,2,no_indication_of_injury,2,25,no_defects,dry,S PULASKI RD,no_controls,divided_-_w/median_(not_raised),clear,0,2018,109682
straight_and_level,2521,unable_to_determine,no_controls,0,6,parked_motor_vehicle,1,8,0,0,1,0,0,0,2,41.929172717,daylight,-87.753727699,3,no_indication_of_injury,2,30,no_defects,dry,N LECLAIRE AVE,no_controls,not_divided,clear,0,2018,114957
straight_and_level,1431,following_too_closely,functioning_properly,0,4,rear_end,0,12,0,0,2,0,0,0,2,41.922113666,daylight,-87.695840376,3,no_indication_of_injury,2,30,"rut,_holes",wet,N MILWAUKEE AVE,traffic_signal,not_divided,clear,0,2018,88860
straight_and_level,824,not_applicable,no_controls,0,3,angle,0,16,0,0,2,0,0,0,1,41.788195964,daylight,-87.690132884,3,no_indication_of_injury,2,20,no_defects,dry,S TALMAN AVE,no_controls,alley,clear,0,2018,111414
straight_and_level,2013,weather,no_controls,0,2,rear_end,0,2,0,0,2,0,0,0,4,41.988438203,"darkness,_lighted_road",-87.669698749,3,no_indication_of_injury,2,30,no_defects,wet,N CLARK ST,no_controls,divided_-_w/median_barrier,rain,0,2018,114504
straight_and_level,1712,failing_to_reduce_speed_to_avoid_crash,functioning_properly,0,5,rear_end,0,7,0,0,2,0,0,0,2,41.970509979,dawn,-87.71356872,3,no_indication_of_injury,2,30,no_defects,dry,N KIMBALL AVE,stop_sign/flasher,not_divided,clear,0,2018,113632
straight_and_level,1733,unable_to_determine,no_controls,0,0,sideswipe_same_direction,1,22,0,0,2,0,0,0,4,41.939428103,"darkness,_lighted_road",-87.708971296,3,no_indication_of_injury,2,30,unknown,unknown,W BELMONT AVE,no_controls,not_divided,clear,0,2018,124237
straight_and_level,1733,unable_to_determine,no_controls,0,5,parked_motor_vehicle,1,8,0,0,1,0,0,0,1,41.946846494,unknown,-87.705524468,3,no_indication_of_injury,2,20,no_defects,dry,N ALBANY AVE,no_controls,one-way,clear,0,2018,121019
straight_and_level,2213,improper_overtaking/passing,no_controls,0,5,sideswipe_same_direction,0,9,0,0,2,0,0,0,2,41.714019957,daylight,-87.66591374,3,no_indication_of_injury,2,30,no_defects,dry,W 99TH ST,no_controls,not_divided,clear,0,2018,86972
straight_and_level,1111,improper_turning/no_signal,no_controls,0,3,angle,0,15,0,0,4,0,0,0,4,41.895513345,daylight,-87.726232516,3,no_indication_of_injury,4,35,no_defects,dry,N PULASKI RD,no_controls,not_divided,clear,0,2018,121128
straight_and_level,1524,unable_to_determine,no_controls,0,1,turning,1,6,0,0,3,0,0,1,2,41.902053641,daylight,-87.763914842,3,no_indication_of_injury,2,30,no_defects,dry,W DIVISION ST,no_controls,divided_-_w/median_(not_raised),clear,0,2018,125422
straight_and_level,122,unable_to_determine,no_controls,0,1,fixed_object,0,7,0,0,1,0,0,0,2,41.885534351,daylight,-87.634071203,3,no_indication_of_injury,1,30,no_defects,dry,N WELLS ST,no_controls,one-way,clear,0,2018,86704
straight_and_level,1623,failing_to_reduce_speed_to_avoid_crash,no_controls,0,1,rear_end,0,8,0,0,1,0,1,1,2,41.971012197,daylight,-87.763375228,3,"reported,_not_evident",2,30,no_defects,dry,N MILWAUKEE AVE,no_controls,not_divided,clear,0,2018,91870
straight_and_level,111,unable_to_determine,no_controls,0,2,parked_motor_vehicle,1,10,0,0,1,0,0,0,1,41.883824213,daylight,-87.629289514,3,no_indication_of_injury,2,0,no_defects,dry,N DEARBORN ST,no_controls,parking_lot,clear,0,2018,115075
straight_on_grade,2223,unable_to_determine,no_controls,0,6,fixed_object,0,15,0,0,1,0,0,0,4,41.721504891,daylight,-87.648594532,3,no_indication_of_injury,1,24,no_defects,dry,W 95TH ST,no_controls,divided_-_w/median_barrier,clear,0,2018,106672
straight_and_level,1612,improper_overtaking/passing,no_controls,0,4,parked_motor_vehicle,0,15,0,0,1,0,0,0,1,41.988741562,daylight,-87.813309051,3,no_indication_of_injury,2,30,no_defects,dry,W TALCOTT AVE,no_controls,parking_lot,clear,0,2018,116889
straight_and_level,1224,improper_overtaking/passing,functioning_properly,0,4,turning,1,19,0,0,2,0,0,0,4,41.879561901,darkness,-87.666604282,3,no_indication_of_injury,2,30,no_defects,dry,S ASHLAND AVE,traffic_signal,not_divided,clear,0,2018,99071
straight_and_level,2523,following_too_closely,no_controls,0,3,rear_end,0,15,0,0,1,0,1,0,2,41.931753278,daylight,-87.738166313,3,"reported,_not_evident",2,30,unknown,dry,W DIVERSEY AVE,no_controls,divided_-_w/median_(not_raised),clear,0,2018,125533
straight_and_level,1432,failing_to_yield_right-of-way,functioning_properly,0,2,turning,0,10,0,0,1,0,1,1,6,41.932231172,daylight,-87.687739897,3,"reported,_not_evident",2,30,no_defects,dry,N WESTERN AVE,traffic_signal,divided_-_w/median_barrier,clear,0,2018,117521
straight_and_level,2411,failing_to_yield_right-of-way,functioning_properly,0,1,turning,0,17,0,0,2,0,0,1,2,42.007670818,daylight,-87.681464702,3,no_indication_of_injury,2,30,no_defects,dry,N RIDGE BLVD,stop_sign/flasher,divided_-_w/median_(not_raised),clear,0,2018,127969
straight_and_level,1613,failing_to_yield_right-of-way,no_controls,0,4,turning,0,7,0,0,2,0,1,1,4,41.980825301,daylight,-87.806147552,3,"reported,_not_evident",2,30,no_defects,dry,W HIGGINS AVE,no_controls,not_divided,clear,0,2018,123910
straight_and_level,1225,not_applicable,no_controls,0,1,parked_motor_vehicle,1,16,0,0,1,0,0,0,4,41.87735669,daylight,-87.678433483,3,no_indication_of_injury,2,25,no_defects,dry,W JACKSON BLVD,no_controls,not_divided,clear,0,2018,119079
straight_and_level,1411,unable_to_determine,functioning_properly,0,6,sideswipe_same_direction,0,19,0,0,2,0,0,0,2,41.932239005,"darkness,_lighted_road",-87.693633488,3,no_indication_of_injury,2,30,no_defects,dry,W DIVERSEY AVE,traffic_signal,divided_-_w/median_(not_raised),clear,0,2018,89830
straight_and_level,1921,unable_to_determine,no_controls,0,4,parked_motor_vehicle,0,14,0,0,1,0,0,0,4,41.951565503,daylight,-87.688249741,3,no_indication_of_injury,2,30,no_defects,dry,N WESTERN AVE,no_controls,not_divided,clear,0,2018,113837