alignment,beat,contributory_cause,device_condition,dooring,dow,first_crash_type,hit_and_run,hour,injuries_fatal,injuries_incapacitating,injuries_no_indication,injuries_non_incapacitating,injuries_reported_not_evident,intersection_related,lane_count,latitude,lighting_condition,longitude,month,most_severe_injury,num_units,posted_speed_limit,road_defect,roadway_surface_cond,street,traffic_control_device,trafficway_type,weather_condition,work_zone,year,i
straight_and_level,815,unable_to_determine,no_controls,0,5,sideswipe_same_direction,0,15,0,0,2,0,0,0,4,41.823281181,daylight,-87.724203782,3,no_indication_of_injury,2,25,no_defects,dry,S PULASKI RD,no_controls,divided_-_w/median_(not_raised),clear,0,2018,107960
straight_and_level,1833,failing_to_yield_right-of-way,no_controls,0,6,sideswipe_same_direction,0,11,0,0,2,0,0,0,1,41.899813431,daylight,-87.627234941,3,no_indication_of_injury,2,30,no_defects,dry,N RUSH ST,no_controls,one-way,clear,0,2018,115195
straight_and_level,2413,"operating_vehicle_in_erratic,_reckless,_careless,_negligent_or_aggressive_manner",no_controls,0,0,parked_motor_vehicle,0,18,0,0,1,0,0,0,1,41.992333176,daylight,-87.69322876,3,no_indication_of_injury,2,30,no_defects,dry,N MAPLEWOOD AVE,no_controls,one-way,clear,0,2018,122294
straight_and_level,413,unable_to_determine,no_controls,0,6,parked_motor_vehicle,0,19,0,0,1,0,0,0,0,41.72273739,darkness,-87.575508032,3,no_indication_of_injury,2,10,no_defects,dry,S JEFFERY AVE,no_controls,parking_lot,clear,0,2018,116073
straight_and_level,1434,unable_to_determine,functioning_properly,0,6,sideswipe_same_direction,0,8,0,0,2,0,0,0,4,41.910582764,daylight,-87.677701677,3,no_indication_of_injury,2,30,no_defects,dry,W NORTH AVE,traffic_signal,divided_-_w/median_(not_raised),clear,0,2018,113827
straight_and_level,433,"operating_vehicle_in_erratic,_reckless,_careless,_negligent_or_aggressive_manner",functioning_properly,0,0,parked_motor_vehicle,0,13,0,0,1,0,0,0,2,41.693546352,daylight,-87.534016757,3,no_indication_of_injury,2,30,no_defects,dry,E 111TH ST,stop_sign/flasher,not_divided,clear,0,2018,111959
straight_and_level,1831,improper_turning/no_signal,functioning_improperly,0,6,turning,0,7,0,0,4,0,0,0,4,41.891711252,daylight,-87.628216666,3,no_indication_of_injury,2,30,no_defects,dry,N STATE ST,traffic_signal,not_divided,clear,0,2018,114802
straight_and_level,712,disregarding_stop_sign,functioning_properly,0,4,turning,1,11,0,0,2,0,0,0,2,41.783221086,daylight,-87.649880583,3,no_indication_of_injury,2,20,no_defects,dry,S MORGAN ST,stop_sign/flasher,not_divided,clear,0,2018,91111
straight_and_level,1034,improper_turning/no_signal,no_controls,0,0,turning,1,7,0,0,3,0,0,0,4,41.852064021,daylight,-87.675959401,3,no_indication_of_injury,2,30,no_defects,dry,W CERMAK RD,stop_sign/flasher,not_divided,clear,0,2018,97280
straight_and_level,313,failing_to_yield_right-of-way,functioning_properly,0,2,turning,0,22,0,0,4,1,0,1,2,41.78399507,"darkness,_lighted_road",-87.615654163,3,nonincapacitating_injury,2,30,no_defects,dry,E 61ST ST,traffic_signal,divided_-_w/median_(not_raised),clear,0,2018,93383
straight_and_level,2221,failing_to_yield_right-of-way,no_controls,0,5,turning,0,17,0,0,2,0,0,0,5,41.735408703,daylight,-87.662909684,3,no_indication_of_injury,2,35,no_defects,dry,S ASHLAND AVE,no_controls,divided_-_w/median_(not_raised),clear,0,2018,120643
straight_and_level,1024,following_too_closely,no_controls,0,5,rear_end,0,18,0,0,2,0,0,0,1,41.850788531,daylight,-87.708730902,3,no_indication_of_injury,2,30,no_defects,dry,S CHRISTIANA AVE,no_controls,one-way,clear,0,2018,124760
straight_and_level,114,failing_to_reduce_speed_to_avoid_crash,functioning_properly,0,1,rear_end,0,9,0,0,1,1,0,1,6,41.878313193,daylight,-87.617345829,3,nonincapacitating_injury,2,30,no_defects,dry,S LAKE SHORE DR NB,traffic_signal,divided_-_w/median_barrier,clear,0,2018,121988
straight_and_level,1122,failing_to_reduce_speed_to_avoid_crash,no_controls,0,6,rear_end,0,12,0,0,1,0,1,0,4,41.878560452,daylight,-87.725449313,3,"reported,_not_evident",2,30,no_defects,dry,S PULASKI RD,no_controls,not_divided,clear,0,2018,103330
straight_and_level,413,failing_to_yield_right-of-way,no_controls,0,4,angle,0,12,0,0,2,0,0,0,8,41.73135421,daylight,-87.585675127,3,no_indication_of_injury,2,30,no_defects,dry,S STONY ISLAND AVE,stop_sign/flasher,divided_-_w/median_(not_raised),clear,0,2018,125883
straight_and_level,215,weather,functioning_properly,0,4,sideswipe_opposite_direction,0,9,0,0,2,0,1,1,2,41.811211001,daylight,-87.622807259,3,"reported,_not_evident",2,35,no_defects,wet,E 46TH ST,stop_sign/flasher,not_divided,rain,0,2018,13108
straight_and_level,412,under_the_influence_of_alcohol/drugs_(use_when_arrest_is_effected),functioning_properly,0,3,angle,0,20,0,0,2,0,0,1,6,41.736709551,"darkness,_lighted_road",-87.585783773,3,no_indication_of_injury,2,35,no_defects,dry,S STONY ISLAND AVE,traffic_signal,divided_-_w/median_barrier,clear,0,2018,125285
straight_and_level,1224,not_applicable,no_controls,0,4,rear_end,0,17,0,0,2,0,0,0,2,41.88210872,daylight,-87.669177036,3,no_indication_of_injury,2,30,worn_surface,dry,N PAULINA ST,no_controls,divided_-_w/median_(not_raised),clear,0,2018,114242
straight_and_level,2523,unable_to_determine,no_controls,0,5,turning,0,20,0,0,2,0,0,1,2,41.93564064,daylight,-87.727232382,3,no_indication_of_injury,2,30,no_defects,dry,N PULASKI RD,no_controls,not_divided,clear,0,2018,120750
straight_and_level,1722,unable_to_determine,no_controls,0,2,fixed_object,0,13,0,0,2,0,0,0,2,41.961616553,daylight,-87.747421626,3,no_indication_of_injury,1,30,no_defects,dry,N CICERO AVE,no_controls,divided_-_w/median_barrier,clear,0,2018,112902
straight_and_level,834,failing_to_yield_right-of-way,functioning_properly,0,2,turning,0,16,0,0,2,0,0,1,4,41.749723972,daylight,-87.702539572,3,no_indication_of_injury,2,30,no_defects,wet,S KEDZIE AVE,traffic_signal,other,snow,0,2018,100291
straight_on_grade,212,unable_to_determine,no_controls,0,0,fixed_object,0,2,0,0,1,0,0,0,2,41.826902302,"darkness,_lighted_road",-87.60187309,3,no_indication_of_injury,1,45,no_defects,dry,S LAKE SHORE DR SB,no_controls,divided_-_w/median_barrier,clear,0,2018,101116
straight_and_level,811,unable_to_determine,functioning_properly,0,6,rear_end,0,16,0,0,2,0,0,1,4,41.786476155,daylight,-87.801146823,3,no_indication_of_injury,2,30,no_defects,dry,S HARLEM AVE,traffic_signal,not_divided,clear,0,2018,108567
straight_and_level,1712,failing_to_yield_right-of-way,no_controls,0,5,angle,0,15,0,0,2,0,0,0,1,41.968665968,daylight,-87.723299446,3,no_indication_of_injury,2,15,no_defects,dry,N HAMLIN AVE,no_controls,one-way,clear,0,2018,112386
straight_and_level,1512,improper_lane_usage,no_controls,0,6,sideswipe_same_direction,0,15,0,0,3,0,0,0,2,41.884817476,daylight,-87.772091013,3,no_indication_of_injury,2,30,no_defects,dry,N MAYFIELD AVE,no_controls,divided_-_w/median_(not_raised),clear,0,2018,106060
straight_and_level,1722,unable_to_determine,no_controls,0,6,parked_motor_vehicle,1,0,0,0,1,0,0,0,2,41.962403619,unknown,-87.729609457,3,no_indication_of_injury,2,25,no_defects,dry,W SUNNYSIDE AVE,no_controls,not_divided,clear,0,2018,124709
straight_and_level,1034,unable_to_determine,functioning_properly,0,5,sideswipe_same_direction,1,15,0,0,2,0,0,1,2,41.849337896,daylight,-87.673347897,3,no_indication_of_injury,2,35,no_defects,dry,S BLUE ISLAND AVE,traffic_signal,not_divided,clear,0,2018,117895
straight_and_level,123,improper_lane_usage,no_controls,0,6,turning,0,15,0,0,3,0,0,0,2,41.874067734,daylight,-87.625841633,3,no_indication_of_injury,2,30,no_defects,dry,S WABASH AVE,no_controls,not_divided,clear,0,2018,113810
straight_and_level,124,improper_overtaking/passing,no_controls,0,2,rear_end,0,12,0,0,2,0,0,0,2,41.867319405,daylight,-87.639056746,3,no_indication_of_injury,2,30,no_defects,dry,S CANAL ST,no_controls,not_divided,clear,0,2018,89023
straight_and_level,1831,improper_turning/no_signal,functioning_properly,0,0,turning,0,17,0,0,2,0,0,1,4,41.891434774,dawn,-87.637106777,3,no_indication_of_injury,2,35,no_defects,dry,W GRAND AVE,traffic_signal,not_divided,clear,0,2018,109343
straight_and_level,1913,unable_to_determine,unknown,0,0,fixed_object,0,14,0,0,1,0,0,0,1,41.967249011,daylight,-87.659797937,3,no_indication_of_injury,1,30,no_defects,dry,N RACINE AVE,stop_sign/flasher,one-way,clear,0,2018,121348
straight_and_level,933,unable_to_determine,no_controls,0,0,parked_motor_vehicle,1,0,0,0,1,0,0,0,2,41.802633867,darkness,-87.653728933,3,no_indication_of_injury,3,25,no_defects,dry,S MAY ST,no_controls,one-way,clear,0,2018,113476
straight_and_level,1831,following_too_closely,functioning_properly,0,5,rear_end,0,23,0,0,1,0,1,1,4,41.893297437,"darkness,_lighted_road",-87.634188275,3,"reported,_not_evident",2,30,no_defects,dry,W ONTARIO ST,traffic_signal,one-way,clear,0,2018,116119
straight_and_level,2512,failing_to_yield_right-of-way,no_controls,0,4,turning,0,16,0,0,2,0,0,0,4,41.92402118,daylight,-87.805624406,3,no_indication_of_injury,2,30,no_defects,dry,W GRAND AVE,no_controls,divided_-_w/median_(not_raised),clear,0,2018,91287
straight_and_level,334,following_too_closely,functioning_properly,0,2,rear_end,0,8,0,0,4,0,0,0,2,41.760710264,daylight,-87.566556433,3,no_indication_of_injury,2,30,no_defects,dry,S YATES BLVD,stop_sign/flasher,not_divided,clear,0,2018,111594
curve_on_grade,1013,following_too_closely,unknown,0,1,turning,1,22,0,0,10,0,0,1,4,41.85068429,"darkness,_lighted_road",-87.72458841,3,no_indication_of_injury,2,30,no_defects,wet,S PULASKI RD,traffic_signal,center_turn_lane,rain,0,2018,111828
straight_and_level,915,unable_to_determine,no_controls,0,4,parked_motor_vehicle,1,22,0,0,1,0,0,0,2,41.829309623,"darkness,_lighted_road",-87.641050005,3,no_indication_of_injury,2,30,no_defects,dry,S WALLACE ST,no_controls,not_divided,clear,0,2018,126377
straight_and_level,1431,unable_to_determine,no_controls,0,3,turning,0,12,0,0,3,0,0,0,2,41.92477689,daylight,-87.695752237,3,no_indication_of_injury,2,30,no_defects,dry,N WASHTENAW AVE,no_controls,divided_-_w/median_(not_raised),clear,0,2018,92091
straight_and_level,1224,following_too_closely,functioning_properly,0,6,rear_end,0,18,0,0,3,0,0,1,2,41.884504733,"darkness,_lighted_road",-87.648198292,3,no_indication_of_injury,2,30,no_defects,dry,W RANDOLPH ST,stop_sign/flasher,one-way,clear,0,2018,118369
straight_and_level,1722,unable_to_determine,no_controls,0,0,rear_end,0,15,0,0,3,2,0,0,2,41.968103457,daylight,-87.730624689,3,nonincapacitating_injury,3,30,no_defects,dry,W LAWRENCE AVE,no_controls,not_divided,clear,0,2018,115189
straight_and_level,1624,not_applicable,no_controls,0,0,parked_motor_vehicle,0,2,0,0,2,0,0,0,1,41.959913682,"darkness,_lighted_road",-87.748001919,3,no_indication_of_injury,2,30,no_defects,dry,W PENSACOLA AVE,no_controls,one-way,clear,0,2018,118377
straight_and_level,815,unable_to_determine,no_controls,0,6,parked_motor_vehicle,1,21,0,0,1,0,0,0,1,41.813139198,"darkness,_lighted_road",-87.725156162,3,no_indication_of_injury,2,25,no_defects,dry,S KOMENSKY AVE,no_controls,one-way,clear,0,2018,115352
straight_and_level,1412,following_too_closely,functioning_properly,0,6,rear_end,0,0,0,0,2,0,0,0,4,41.939221049,daylight,-87.707714602,3,no_indication_of_injury,2,30,no_defects,dry,W BELMONT AVE,traffic_signal,divided_-_w/median_barrier,clear,0,2018,92112
straight_and_level,1811,driving_skills/knowledge/experience,not_functioning,0,3,parked_motor_vehicle,0,13,0,0,1,0,0,0,4,41.914411219,daylight,-87.653384855,3,no_indication_of_injury,2,0,no_defects,dry,N SHEFFIELD AVE,no_controls,divided_-_w/median_(not_raised),clear,0,2018,111308
straight_and_level,2223,unable_to_determine,no_controls,0,1,rear_end,1,7,0,0,2,0,0,0,2,41.735904174,daylight,-87.642776594,3,no_indication_of_injury,2,35,no_defects,wet,W 87TH ST,no_controls,divided_-_w/median_barrier,rain,0,2018,111017
"curve,_level",1824,unable_to_determine,no_controls,0,0,sideswipe_same_direction,0,15,0,0,3,0,0,0,9,41.904076743,daylight,-87.624803937,3,no_indication_of_injury,2,40,worn_surface,dry,N LAKE SHORE DR SB,no_controls,divided_-_w/median_barrier,clear,0,2018,91497
straight_and_level,1831,unable_to_determine,other,0,0,rear_end,0,14,0,0,3,0,0,0,3,41.892489205,daylight,-87.634844572,3,no_indication_of_injury,2,30,no_defects,dry,W OHIO ST,other,one-way,clear,0,2018,88318
straight_and_level,421,road_construction/maintenance,functioning_properly,0,2,sideswipe_opposite_direction,0,12,0,0,2,0,0,0,2,41.757297291,daylight,-87.563767533,3,no_indication_of_injury,2,25,no_defects,dry,S ESSEX AVE,other_warning_sign,not_divided,clear,1,2018,116177
straight_and_level,411,not_applicable,no_controls,0,2,other_object,0,15,0,0,1,1,0,0,1,41.748652028,daylight,-87.587274764,3,nonincapacitating_injury,1,20,no_defects,dry,S HARPER AVE,no_controls,other,clear,0,2018,125699
straight_and_level,2232,failing_to_yield_right-of-way,functioning_properly,0,1,turning,0,17,0,0,0,2,0,1,3,41.703118505,daylight,-87.657235766,3,nonincapacitating_injury,2,30,no_defects,dry,S VINCENNES AVE,traffic_signal,divided_-_w/median_barrier,clear,0,2018,95183
straight_and_level,2221,unable_to_determine,no_controls,0,1,parked_motor_vehicle,0,0,0,0,2,0,0,0,2,41.735112313,"darkness,_lighted_road",-87.663194557,3,no_indication_of_injury,2,30,no_defects,dry,S ASHLAND AVE,no_controls,divided_-_w/median_barrier,clear,0,2018,128571
straight_and_level,2514,improper_backing,no_controls,0,5,angle,0,17,0,0,2,0,0,0,0,41.938517027,daylight,-87.762600012,3,no_indication_of_injury,2,30,no_defects,dry,W BELMONT AVE,no_controls,alley,clear,0,2018,91606
straight_and_level,1713,following_too_closely,functioning_properly,0,2,rear_end,0,10,0,0,1,0,1,1,2,41.968539734,daylight,-87.708622145,3,"reported,_not_evident",2,30,no_defects,wet,N KEDZIE AVE,traffic_signal,divided_-_w/median_(not_raised),snow,0,2018,106740
straight_and_level,712,disregarding_traffic_signals,functioning_properly,0,0,rear_end,1,16,0,0,2,0,0,0,2,41.786931652,daylight,-87.64511245,3,no_indication_of_injury,2,30,no_defects,dry,S HALSTED ST,traffic_signal,not_divided,clear,0,2018,74026
straight_and_level,1822,improper_overtaking/passing,no_controls,0,6,sideswipe_same_direction,0,16,0,0,2,0,0,0,2,41.910684007,daylight,-87.655911052,3,no_indication_of_injury,2,30,no_defects,dry,W NORTH AVE,no_controls,divided_-_w/median_(not_raised),cloudy/overcast,0,2018,115282
straight_and_level,124,unable_to_determine,functioning_properly,0,5,turning,0,12,0,0,3,0,0,1,2,41.869587395,daylight,-87.643663961,3,no_indication_of_injury,2,20,no_defects,dry,W TAYLOR ST,traffic_signal,not_divided,clear,0,2018,105627
straight_and_level,2535,unable_to_determine,no_controls,0,3,rear_end,1,10,0,0,2,0,0,0,2,41.915888572,daylight,-87.726377051,3,no_indication_of_injury,2,30,shoulder_defect,dry,N PULASKI RD,no_controls,divided_-_w/median_(not_raised),cloudy/overcast,0,2018,127177
straight_and_level,2222,following_too_closely,functioning_properly,0,6,rear_end,0,23,0,0,8,0,0,0,2,41.721478237,"darkness,_lighted_road",-87.650694262,3,no_indication_of_injury,2,35,no_defects,dry,W 95TH ST,traffic_signal,divided_-_w/median_(not_raised),clear,0,2018,89054
straight_and_level,1814,failing_to_reduce_speed_to_avoid_crash,functioning_properly,0,5,rear_end,0,21,0,0,3,0,1,1,4,41.915557753,"darkness,_lighted_road",-87.634158543,3,"reported,_not_evident",4,30,no_defects,dry,N CLARK ST,traffic_signal,not_divided,clear,0,2018,114035
straight_and_level,1233,road_engineering/surface/marking_defects,functioning_properly,0,6,fixed_object,0,10,0,0,1,0,0,0,2,41.864249436,daylight,-87.66885456,3,no_indication_of_injury,1,30,"rut,_holes",dry,W HASTINGS ST,stop_sign/flasher,not_divided,clear,0,2018,97418
straight_and_level,715,disregarding_stop_sign,functioning_properly,0,1,angle,0,7,0,0,3,0,0,0,1,41.790162096,daylight,-87.66706213,3,no_indication_of_injury,2,30,no_defects,dry,S PAULINA ST,stop_sign/flasher,one-way,clear,0,2018,125129
straight_and_level,634,failing_to_yield_right-of-way,functioning_properly,0,6,turning,0,22,0,0,1,1,0,0,4,41.736107026,darkness,-87.628690797,3,nonincapacitating_injury,2,30,no_defects,dry,W 87TH ST,traffic_signal,divided_-_w/median_(not_raised),clear,0,2018,118968
straight_and_level,2514,failing_to_reduce_speed_to_avoid_crash,no_controls,0,5,parked_motor_vehicle,1,19,0,0,1,0,0,0,2,41.937316153,"darkness,_lighted_road",-87.776028501,3,no_indication_of_injury,2,30,no_defects,dry,N AUSTIN AVE,no_controls,not_divided,clear,0,2018,94168
straight_and_level,735,unable_to_determine,no_controls,0,0,sideswipe_same_direction,0,11,0,0,2,0,0,0,4,41.762133166,daylight,-87.663859825,3,no_indication_of_injury,2,35,no_defects,dry,S ASHLAND AVE,no_controls,divided_-_w/median_(not_raised),clear,0,2018,112129
straight_and_level,1412,unable_to_determine,functioning_properly,0,1,rear_end,0,9,0,0,2,0,0,0,2,41.930569328,daylight,-87.709641524,3,no_indication_of_injury,2,30,no_defects,dry,N SAWYER AVE,stop_sign/flasher,not_divided,clear,0,2018,110421
straight_and_level,324,unable_to_determine,functioning_properly,0,2,sideswipe_same_direction,0,7,0,0,2,0,0,0,8,41.765936859,daylight,-87.585772423,3,no_indication_of_injury,2,30,no_defects,dry,S STONY ISLAND AVE,traffic_signal,divided_-_w/median_barrier,clear,0,2018,92348
straight_and_level,1733,disregarding_stop_sign,no_controls,0,6,angle,0,5,0,1,0,0,1,0,4,41.941477636,"darkness,_lighted_road",-87.701137794,3,incapacitating_injury,2,30,no_defects,dry,N ELSTON AVE,no_controls,not_divided,clear,0,2018,119850
straight_and_level,624,unable_to_determine,no_controls,0,2,rear_end,0,18,0,0,5,0,0,0,2,41.758337204,"darkness,_lighted_road",-87.614025165,3,no_indication_of_injury,3,30,"rut,_holes",wet,S VERNON AVE,no_controls,divided_-_w/median_(not_raised),rain,0,2018,101013
straight_and_level,1833,improper_backing,no_controls,0,6,fixed_object,0,20,0,0,1,0,0,0,2,41.89686904,"darkness,_lighted_road",-87.622494191,3,no_indication_of_injury,1,5,no_defects,dry,E CHICAGO AVE,no_controls,driveway,clear,0,2018,119346
straight_and_level,821,unable_to_determine,functioning_properly,0,5,turning,1,15,0,0,2,0,0,1,2,41.808226246,unknown,-87.704031672,3,no_indication_of_injury,2,30,unknown,dry,W 47TH ST,traffic_signal,not_divided,unknown,0,2018,117115
straight_and_level,1222,unable_to_determine,unknown,0,3,parked_motor_vehicle,1,6,0,0,1,0,0,0,2,41.886355588,daylight,-87.702692658,3,no_indication_of_injury,3,30,unknown,dry,W FULTON BLVD,no_controls,not_divided,clear,0,2018,123533
straight_and_level,1523,exceeding_authorized_speed_limit,no_controls,0,3,fixed_object,0,1,0,0,1,0,1,0,1,41.882464641,"darkness,_lighted_road",-87.756297889,3,"reported,_not_evident",1,30,no_defects,dry,W WASHINGTON BLVD,no_controls,not_divided,clear,0,2018,128339
straight_and_level,2512,improper_overtaking/passing,no_controls,0,2,sideswipe_same_direction,1,19,0,0,4,0,0,0,2,41.922112857,"darkness,_lighted_road",-87.806047723,3,no_indication_of_injury,2,35,no_defects,dry,N HARLEM AVE,no_controls,not_divided,clear,0,2018,112449
straight_and_level,1925,improper_turning/no_signal,functioning_properly,0,0,sideswipe_same_direction,0,14,0,0,3,0,0,1,2,41.943157338,daylight,-87.64455321,3,no_indication_of_injury,2,25,no_defects,dry,N BROADWAY,traffic_signal,not_divided,unknown,0,2018,90048
straight_and_level,1622,improper_backing,no_controls,0,1,rear_end,0,17,0,0,2,0,0,0,2,41.975780674,"darkness,_lighted_road",-87.776902981,3,no_indication_of_injury,2,30,unknown,wet,W FOSTER AVE,no_controls,unknown,snow,0,2018,98743
straight_and_level,1813,following_too_closely,no_controls,0,2,rear_end,0,14,0,0,2,0,0,0,2,41.912110484,daylight,-87.648160812,3,no_indication_of_injury,2,30,no_defects,dry,N HALSTED ST,no_controls,not_divided,clear,0,2018,111503
straight_and_level,1831,failing_to_yield_right-of-way,functioning_properly,0,0,turning,0,14,0,0,3,0,0,1,2,41.89082334,daylight,-87.628183594,3,no_indication_of_injury,2,30,no_defects,dry,N STATE ST,traffic_signal,not_divided,clear,0,2018,97519
straight_and_level,1232,failing_to_yield_right-of-way,functioning_properly,0,0,angle,0,11,0,0,3,0,0,0,4,41.878038517,daylight,-87.648518958,3,no_indication_of_injury,2,30,no_defects,dry,W JACKSON BLVD,stop_sign/flasher,one-way,clear,0,2018,104300
straight_and_level,213,unable_to_determine,functioning_properly,0,3,turning,0,7,0,0,2,0,0,0,3,41.830970129,daylight,-87.623402122,3,no_indication_of_injury,2,30,no_defects,dry,S MICHIGAN AVE,traffic_signal,one-way,clear,0,2018,125335
straight_and_level,2024,disregarding_stop_sign,functioning_properly,0,5,pedestrian,1,22,0,0,1,1,0,1,2,41.976263446,"darkness,_lighted_road",-87.656483238,3,nonincapacitating_injury,2,30,no_defects,dry,W FOSTER AVE,stop_sign/flasher,divided_-_w/median_(not_raised),clear,0,2018,128440
straight_and_level,1621,following_too_closely,functioning_properly,0,6,rear_end,1,12,0,0,2,0,0,0,2,41.992483147,daylight,-87.756106675,3,no_indication_of_injury,2,30,no_defects,dry,N CALDWELL AVE,traffic_signal,not_divided,clear,0,2018,100783
straight_and_level,632,unable_to_determine,functioning_properly,0,6,fixed_object,0,13,0,0,1,0,0,0,1,41.736469113,daylight,-87.623024124,3,no_indication_of_injury,1,15,no_defects,dry,E 87TH ST,stop_sign/flasher,other,clear,0,2018,90561
straight_and_level,333,unable_to_determine,no_controls,0,2,parked_motor_vehicle,1,16,0,0,1,0,0,0,1,41.764303727,daylight,-87.570272896,3,no_indication_of_injury,2,30,no_defects,dry,S LUELLA AVE,no_controls,one-way,clear,0,2018,126895
straight_and_level,2515,not_applicable,functioning_properly,0,0,rear_end,0,0,0,0,3,0,0,0,4,41.923935856,darkness,-87.76100387,3,no_indication_of_injury,2,30,no_defects,dry,W FULLERTON AVE,traffic_signal,divided_-_w/median_(not_raised),clear,0,2018,115884
straight_and_level,1022,"evasive_action_due_to_animal,_object,_nonmotorist",no_controls,0,6,pedestrian,1,12,0,0,2,0,1,0,1,41.860526509,daylight,-87.706865629,3,"reported,_not_evident",2,20,no_defects,dry,S SAWYER AVE,no_controls,one-way,clear,0,2018,117693
straight_and_level,1221,driving_on_wrong_side/wrong_way,no_controls,0,0,parked_motor_vehicle,0,4,0,0,0,0,1,0,2,41.893224838,"darkness,_lighted_road",-87.693592661,3,"reported,_not_evident",3,30,no_defects,dry,W GRAND AVE,no_controls,not_divided,clear,0,2018,92396
straight_and_level,1731,improper_backing,no_controls,0,3,parked_motor_vehicle,1,14,0,0,1,0,0,0,1,41.951239165,daylight,-87.747109163,3,no_indication_of_injury,2,10,no_defects,dry,N CICERO AVE,no_controls,parking_lot,clear,0,2018,122900
straight_and_level,1624,following_too_closely,functioning_properly,0,2,rear_end,1,8,0,0,3,0,0,1,1,41.955218393,daylight,-87.758480108,3,no_indication_of_injury,2,30,no_defects,dry,W BELLE PLAINE AVE,stop_sign/flasher,one-way,clear,0,2018,89933
straight_and_level,2531,failing_to_yield_right-of-way,other,0,5,angle,0,5,0,0,2,0,0,1,2,41.907351573,daylight,-87.775392677,3,no_indication_of_injury,2,30,no_defects,dry,N AUSTIN BLVD,stop_sign/flasher,other,clear,0,2018,91280
straight_and_level,1631,driving_skills/knowledge/experience,no_controls,0,3,parked_motor_vehicle,0,3,0,0,1,0,0,0,2,41.938079474,darkness,-87.813423603,3,no_indication_of_injury,3,30,no_defects,dry,W BELMONT AVE,no_controls,not_divided,clear,0,2018,114743
straight_and_level,1111,improper_backing,no_controls,0,5,pedestrian,0,8,0,0,1,1,0,0,1,41.899922453,daylight,-87.733485624,3,nonincapacitating_injury,2,30,no_defects,dry,W CORTEZ ST,no_controls,one-way,clear,0,2018,99432
"curve,_level",1622,improper_turning/no_signal,functioning_properly,0,6,fixed_object,0,12,0,0,1,0,0,0,2,41.967762794,daylight,-87.7772019,3,no_indication_of_injury,1,30,no_defects,dry,N AUSTIN AVE,traffic_signal,divided_-_w/median_(not_raised),clear,0,2018,104803
straight_and_level,921,unable_to_determine,functioning_properly,0,2,fixed_object,0,1,0,0,2,0,0,1,4,41.823021387,daylight,-87.68473353,3,no_indication_of_injury,1,30,no_defects,wet,S WESTERN AVE,traffic_signal,divided_-_w/median_barrier,rain,0,2018,93267
straight_and_level,1032,driving_skills/knowledge/experience,no_controls,0,0,other_object,1,13,0,0,1,0,0,0,1,41.84132178,daylight,-87.714855623,3,no_indication_of_injury,1,10,no_defects,dry,S CENTRAL PARK AVE,no_controls,alley,clear,0,2018,123100
straight_and_level,1924,improper_overtaking/passing,functioning_properly,0,5,turning,0,13,0,0,2,0,0,1,1,41.941877635,daylight,-87.652186498,3,no_indication_of_injury,2,20,no_defects,dry,W SCHOOL ST,traffic_signal,one-way,clear,0,2018,87983
straight_and_level,823,following_too_closely,functioning_properly,0,1,rear_end,0,22,0,0,2,0,0,1,2,41.778932968,"darkness,_lighted_road",-87.698324066,3,no_indication_of_injury,2,30,unknown,snow_or_slush,W 63RD ST,traffic_signal,not_divided,rain,0,2018,97273
straight_and_level,2512,failing_to_reduce_speed_to_avoid_crash,no_controls,0,1,parked_motor_vehicle,0,9,0,0,1,0,0,0,1,41.92807073,daylight,-87.776928639,3,no_indication_of_injury,2,30,no_defects,dry,N MC VICKER AVE,no_controls,one-way,clear,0,2018,110360
straight_and_level,1822,disregarding_traffic_signals,functioning_properly,0,5,rear_end,0,12,0,0,3,0,0,0,4,41.903619626,daylight,-87.657328027,3,no_indication_of_injury,2,30,no_defects,dry,W DIVISION ST,traffic_signal,not_divided,clear,0,2018,96932
straight_and_level,813,following_too_closely,no_controls,0,5,rear_end,1,19,0,0,2,0,0,1,2,41.778432867,"darkness,_lighted_road",-87.732584728,3,no_indication_of_injury,2,35,no_defects,dry,W 63RD ST,traffic_signal,divided_-_w/median_(not_raised),clear,0,2018,86912
straight_and_level,122,improper_turning/no_signal,functioning_properly,0,5,turning,0,22,0,0,3,0,0,1,4,41.883234348,"darkness,_lighted_road",-87.636649062,3,no_indication_of_injury,2,30,no_defects,dry,N WACKER DR,traffic_signal,divided_-_w/median_barrier,clear,0,2018,95173
straight_and_level,912,improper_lane_usage,functioning_properly,0,6,sideswipe_same_direction,0,2,0,0,2,0,0,0,4,41.823536014,"darkness,_lighted_road",-87.65600773,3,no_indication_of_injury,2,30,no_defects,dry,W PERSHING RD,lane_use_marking,divided_-_w/median_(not_raised),clear,0,2018,90055