alignment,beat,contributory_cause,device_condition,dooring,dow,first_crash_type,hit_and_run,hour,injuries_fatal,injuries_incapacitating,injuries_no_indication,injuries_non_incapacitating,injuries_reported_not_evident,intersection_related,lane_count,latitude,lighting_condition,longitude,month,most_severe_injury,num_units,posted_speed_limit,road_defect,roadway_surface_cond,street,traffic_control_device,trafficway_type,weather_condition,work_zone,year,i
straight_and_level,1221,improper_turning/no_signal,no_controls,0,5,turning,0,9,0,0,4,0,0,0,4,41.895598358,daylight,-87.690160947,3,no_indication_of_injury,2,30,no_defects,dry,W CHICAGO AVE,no_controls,divided_-_w/median_(not_raised),clear,0,2018,92910
straight_and_level,112,failing_to_yield_right-of-way,no_controls,0,2,sideswipe_same_direction,0,9,0,0,2,0,0,0,4,41.883102916,daylight,-87.629735976,3,no_indication_of_injury,2,30,no_defects,dry,W WASHINGTON ST,no_controls,one-way,clear,0,2018,100310
straight_and_level,213,texting,no_controls,0,4,fixed_object,0,11,0,1,0,0,0,0,1,41.830861962,daylight,-87.629224719,3,incapacitating_injury,1,30,no_defects,dry,W 35TH ST,no_controls,not_divided,clear,0,2018,128121
straight_and_level,412,under_the_influence_of_alcohol/drugs_(use_when_arrest_is_effected),no_controls,0,0,rear_end,0,18,0,0,4,0,1,0,4,41.737036353,daylight,-87.584705329,3,"reported,_not_evident",2,30,unknown,dry,E 87TH ST,no_controls,not_divided,clear,0,2018,124801
straight_and_level,834,distraction_-_from_inside_vehicle,no_controls,0,5,rear_end,0,13,0,0,2,0,0,0,2,41.741238405,daylight,-87.714492266,3,no_indication_of_injury,2,35,unknown,dry,W COLUMBUS AVE,stop_sign/flasher,not_divided,clear,0,2018,89982
straight_and_level,735,unable_to_determine,functioning_properly,0,2,pedestrian,1,17,0,0,1,1,0,1,4,41.76845491,daylight,-87.664038433,3,nonincapacitating_injury,2,30,no_defects,dry,S ASHLAND AVE,traffic_signal,center_turn_lane,clear,0,2018,122311
straight_and_level,1633,following_too_closely,functioning_properly,0,0,rear_end,0,20,0,0,3,0,2,1,3,41.953071563,"darkness,_lighted_road",-87.76713529,3,"reported,_not_evident",3,30,no_defects,dry,W IRVING PARK RD,traffic_signal,divided_-_w/median_(not_raised),clear,0,2018,112872
straight_and_level,1434,unable_to_determine,unknown,0,2,turning,0,6,0,0,3,0,0,1,4,41.910397115,"darkness,_lighted_road",-87.688588948,3,no_indication_of_injury,2,30,unknown,dry,N ARTESIAN AVE,stop_sign/flasher,not_divided,clear,0,2018,121802
straight_and_level,432,unable_to_determine,no_controls,0,5,sideswipe_opposite_direction,1,22,0,0,2,0,0,0,2,41.700348646,"darkness,_lighted_road",-87.539941622,3,no_indication_of_injury,4,30,no_defects,dry,S AVENUE O,no_controls,not_divided,clear,0,2018,97951
straight_and_level,835,improper_backing,no_controls,0,5,parked_motor_vehicle,0,17,0,0,1,0,0,0,0,41.750054934,daylight,-87.682992203,3,no_indication_of_injury,2,0,no_defects,dry,S WESTERN AVE,no_controls,parking_lot,clear,0,2018,122825
straight_and_level,1623,following_too_closely,no_controls,0,2,rear_end,0,9,0,0,2,0,0,0,2,41.975110008,daylight,-87.757709609,3,no_indication_of_injury,2,30,no_defects,dry,W FOSTER AVE,no_controls,not_divided,cloudy/overcast,0,2018,118807
straight_and_level,633,failing_to_yield_right-of-way,functioning_properly,0,4,pedestrian,1,16,0,0,1,1,0,0,2,41.725620485,daylight,-87.604710014,3,nonincapacitating_injury,2,30,no_defects,dry,S COTTAGE GROVE AVE,traffic_signal,divided_-_w/median_(not_raised),clear,0,2018,123510
straight_and_level,614,disregarding_traffic_signals,functioning_properly,0,1,angle,0,12,0,0,5,0,0,1,2,41.74298409,daylight,-87.663396555,3,no_indication_of_injury,3,30,no_defects,dry,S ASHLAND AVE,traffic_signal,divided_-_w/median_(not_raised),clear,0,2018,88984
straight_and_level,1925,following_too_closely,no_controls,0,6,rear_end,0,20,0,0,3,0,0,0,8,41.940618349,"darkness,_lighted_road",-87.638193901,3,no_indication_of_injury,3,40,no_defects,dry,N LAKE SHORE DR NB,no_controls,divided_-_w/median_barrier,clear,0,2018,111536
straight_on_grade,2533,improper_lane_usage,no_controls,0,4,sideswipe_same_direction,0,16,0,0,2,0,0,0,2,41.909585964,daylight,-87.740525967,3,no_indication_of_injury,2,30,no_defects,dry,W NORTH AVE,no_controls,divided_-_w/median_(not_raised),clear,0,2018,107901
straight_and_level,1732,unable_to_determine,no_controls,0,5,sideswipe_same_direction,1,8,0,0,2,0,0,0,2,41.946588159,daylight,-87.719513366,3,no_indication_of_injury,2,30,no_defects,dry,W ADDISON ST,no_controls,divided_-_w/median_(not_raised),clear,0,2018,97730
straight_and_level,222,not_applicable,no_controls,0,2,pedestrian,0,9,0,0,1,1,0,0,2,41.80410071,daylight,-87.593991904,3,nonincapacitating_injury,2,20,no_defects,dry,E 50TH ST,no_controls,other,clear,0,2018,115523
straight_and_level,1831,improper_overtaking/passing,functioning_properly,0,2,sideswipe_same_direction,0,10,0,0,2,1,0,1,3,41.890058266,daylight,-87.631229887,3,nonincapacitating_injury,2,30,no_defects,dry,N CLARK ST,traffic_signal,one-way,clear,0,2018,106667
straight_and_level,1913,improper_turning/no_signal,functioning_properly,0,3,turning,0,21,0,0,2,0,0,1,2,41.961880577,"darkness,_lighted_road",-87.655386203,3,no_indication_of_injury,2,30,no_defects,dry,W MONTROSE AVE,traffic_signal,divided_-_w/median_(not_raised),clear,0,2018,116976
straight_and_level,1713,improper_overtaking/passing,no_controls,0,4,sideswipe_same_direction,0,8,0,0,2,0,0,0,1,41.97559545,daylight,-87.712272286,3,no_indication_of_injury,2,30,no_defects,dry,W FOSTER AVE,no_controls,divided_-_w/median_(not_raised),clear,0,2018,120455
straight_and_level,731,physical_condition_of_driver,no_controls,0,3,parked_motor_vehicle,0,11,0,0,1,0,0,0,1,41.760017232,daylight,-87.634053231,3,no_indication_of_injury,2,30,no_defects,dry,W 74TH ST,no_controls,one-way,clear,0,2018,125630
straight_and_level,1232,improper_overtaking/passing,functioning_properly,0,5,sideswipe_same_direction,0,6,0,1,1,0,0,1,2,41.875999099,daylight,-87.652006747,3,incapacitating_injury,2,30,no_defects,dry,S MORGAN ST,other_reg._sign,one-way,clear,1,2018,115325
straight_and_level,823,unable_to_determine,no_controls,0,3,parked_motor_vehicle,1,12,0,0,1,0,0,0,1,41.780312774,daylight,-87.705453525,3,no_indication_of_injury,2,25,no_defects,dry,S SPAULDING AVE,no_controls,one-way,cloudy/overcast,0,2018,117709
straight_and_level,1831,improper_lane_usage,functioning_properly,0,6,sideswipe_same_direction,0,1,0,0,2,0,0,1,3,41.890871593,"darkness,_lighted_road",-87.629775985,3,no_indication_of_injury,2,30,no_defects,dry,N DEARBORN ST,traffic_signal,one-way,clear,0,2018,124202
straight_and_level,122,failing_to_yield_right-of-way,no_controls,0,0,sideswipe_same_direction,1,21,0,0,2,0,0,0,2,41.876805011,"darkness,_lighted_road",-87.636467364,3,no_indication_of_injury,2,30,unknown,unknown,S WACKER DR,no_controls,ramp,clear,0,2018,128504
straight_and_level,331,following_too_closely,no_controls,0,3,rear_end,0,18,0,0,7,0,0,0,4,41.775562728,daylight,-87.576444451,3,no_indication_of_injury,2,30,no_defects,dry,E MARQUETTE DR,no_controls,not_divided,clear,0,2018,117940
straight_and_level,1225,failing_to_yield_right-of-way,no_controls,0,4,pedestrian,0,8,0,0,1,1,0,0,2,41.877611658,daylight,-87.674227868,3,nonincapacitating_injury,2,20,no_defects,dry,W JACKSON BLVD,no_controls,one-way,clear,0,2018,126906
straight_and_level,1731,unable_to_determine,no_controls,0,5,sideswipe_same_direction,0,16,0,0,2,0,0,0,2,41.940538429,daylight,-87.727371821,3,no_indication_of_injury,2,30,no_defects,dry,N PULASKI RD,no_controls,divided_-_w/median_(not_raised),clear,0,2018,128567
straight_and_level,1813,physical_condition_of_driver,no_controls,0,2,fixed_object,0,9,0,2,0,0,0,0,2,41.913092205,daylight,-87.652342472,3,incapacitating_injury,1,30,no_defects,dry,N CLYBOURN AVE,no_controls,not_divided,clear,0,2018,114739
straight_and_level,2234,not_applicable,functioning_properly,0,6,angle,1,2,0,0,3,0,0,0,4,41.689319199,"darkness,_lighted_road",-87.660625665,3,no_indication_of_injury,2,30,no_defects,dry,S HAMLET AVE,traffic_signal,center_turn_lane,clear,0,2018,117331
straight_and_level,1232,unable_to_determine,no_controls,0,5,parked_motor_vehicle,1,14,0,0,1,0,0,0,2,41.870289172,daylight,-87.653372783,3,no_indication_of_injury,2,30,no_defects,dry,S CARPENTER ST,no_controls,not_divided,clear,0,2018,110304
straight_and_level,2233,under_the_influence_of_alcohol/drugs_(use_when_arrest_is_effected),unknown,0,4,parked_motor_vehicle,0,15,0,0,0,1,0,0,2,41.695888739,daylight,-87.642430302,3,nonincapacitating_injury,3,30,unknown,dry,W 109TH ST,unknown,not_divided,clear,0,2018,93636
straight_and_level,921,unable_to_determine,functioning_properly,0,1,sideswipe_same_direction,0,7,0,0,2,0,0,0,4,41.82112968,daylight,-87.692999774,3,no_indication_of_injury,2,25,no_defects,dry,S ARCHER AVE,traffic_signal,not_divided,clear,0,2018,90913
straight_and_level,1935,distraction_-_from_inside_vehicle,no_controls,0,6,parked_motor_vehicle,1,17,0,0,1,0,0,0,1,41.929296651,"darkness,_lighted_road",-87.643853743,3,no_indication_of_injury,3,25,no_defects,dry,W WRIGHTWOOD AVE,no_controls,one-way,clear,0,2018,90524
straight_and_level,622,unable_to_determine,functioning_properly,0,1,rear_end,0,11,0,0,2,0,0,0,2,41.743541848,daylight,-87.625773241,3,no_indication_of_injury,2,30,unknown,dry,S LAFAYETTE AVE,traffic_signal,not_divided,clear,0,2018,117462
straight_and_level,513,improper_backing,no_controls,0,4,rear_end,0,17,0,0,3,0,0,0,2,41.694272824,daylight,-87.630499303,3,no_indication_of_injury,2,30,no_defects,dry,S PRINCETON AVE,no_controls,not_divided,clear,0,2018,115942
straight_and_level,1923,unable_to_determine,no_controls,0,5,parked_motor_vehicle,1,17,0,0,1,0,0,0,2,41.949010262,daylight,-87.663338563,3,no_indication_of_injury,2,20,no_defects,dry,W WAVELAND AVE,no_controls,not_divided,clear,0,2018,121216
straight_and_level,912,following_too_closely,functioning_properly,0,5,rear_end,0,14,0,0,2,0,0,0,4,41.826518543,daylight,-87.684204982,3,no_indication_of_injury,2,30,no_defects,dry,S ARCHER AVE,traffic_signal,not_divided,clear,0,2018,108668
straight_and_level,523,following_too_closely,functioning_properly,0,6,rear_end,1,15,0,0,2,0,0,0,2,41.672508383,daylight,-87.622642973,3,no_indication_of_injury,2,25,no_defects,dry,S STATE ST,stop_sign/flasher,not_divided,clear,0,2018,117144
straight_and_level,2024,disregarding_traffic_signals,functioning_properly,0,4,angle,0,0,0,0,4,2,0,1,2,41.969199096,"darkness,_lighted_road",-87.64979282,3,nonincapacitating_injury,2,30,no_defects,dry,N MARINE DR,traffic_signal,not_divided,clear,0,2018,89652
straight_and_level,1431,improper_backing,no_controls,0,1,rear_end,0,1,0,0,2,0,0,0,2,41.921591285,"darkness,_lighted_road",-87.6971705,3,no_indication_of_injury,2,30,no_defects,dry,N CALIFORNIA AVE,no_controls,not_divided,clear,0,2018,97501
straight_and_level,1014,unable_to_determine,no_controls,0,1,parked_motor_vehicle,0,9,0,0,1,0,0,0,2,41.858367508,daylight,-87.715338168,3,no_indication_of_injury,2,30,no_defects,dry,S CENTRAL PARK AVE,no_controls,divided_-_w/median_(not_raised),clear,0,2018,104324
straight_and_level,122,failing_to_yield_right-of-way,no_controls,0,5,turning,0,16,0,0,2,0,0,0,2,41.882036199,daylight,-87.633680849,3,no_indication_of_injury,2,30,no_defects,dry,N WELLS ST,no_controls,one-way,clear,0,2018,105055
straight_and_level,1911,driving_skills/knowledge/experience,functioning_properly,0,6,angle,0,15,0,0,5,0,0,0,1,41.961389467,daylight,-87.690987175,3,no_indication_of_injury,2,25,unknown,dry,N CAMPBELL AVE,stop_sign/flasher,one-way,clear,0,2018,119300
straight_and_level,1822,failing_to_yield_right-of-way,functioning_properly,0,5,turning,0,15,0,0,3,0,1,1,2,41.907584841,daylight,-87.646596137,3,"reported,_not_evident",2,15,no_defects,dry,W SCHILLER ST,yield,divided_-_w/median_(not_raised),clear,0,2018,119891
straight_and_level,1834,unable_to_determine,no_controls,0,1,parked_motor_vehicle,0,15,0,0,2,0,0,0,2,41.894486942,daylight,-87.622890084,3,no_indication_of_injury,2,30,no_defects,dry,N ST CLAIR ST,no_controls,divided_-_w/median_(not_raised),clear,0,2018,108197
straight_and_level,313,unable_to_determine,no_controls,0,3,parked_motor_vehicle,0,10,0,0,1,0,0,0,1,41.785175192,daylight,-87.608375997,3,no_indication_of_injury,2,30,unknown,unknown,S LANGLEY AVE,no_controls,not_divided,clear,0,2018,115228
straight_and_level,2213,unable_to_determine,unknown,0,6,parked_motor_vehicle,0,0,0,0,1,0,0,0,1,41.718343185,darkness,-87.67849188,3,no_indication_of_injury,2,25,unknown,unknown,S BELL AVE,unknown,unknown,unknown,0,2018,110699
straight_and_level,123,following_too_closely,no_controls,0,5,parked_motor_vehicle,0,18,0,0,1,0,0,0,5,41.872798869,dusk,-87.62433781,3,no_indication_of_injury,2,30,no_defects,dry,S MICHIGAN AVE,no_controls,divided_-_w/median_barrier,clear,0,2018,112560
straight_and_level,1624,improper_overtaking/passing,no_controls,0,5,parked_motor_vehicle,0,15,0,0,2,0,0,0,2,41.956790651,daylight,-87.777050317,3,no_indication_of_injury,2,30,no_defects,dry,N AUSTIN AVE,no_controls,not_divided,clear,0,2018,90876
straight_and_level,1922,unable_to_determine,functioning_properly,0,4,rear_end,1,21,0,0,3,0,0,0,4,41.953649563,dusk,-87.669177513,3,no_indication_of_injury,2,30,no_defects,dry,N ASHLAND AVE,traffic_signal,divided_-_w/median_(not_raised),clear,0,2018,126433
straight_and_level,1622,following_too_closely,no_controls,0,1,sideswipe_same_direction,0,8,0,0,3,0,0,0,2,41.969210286,daylight,-87.787854366,3,no_indication_of_injury,2,25,no_defects,dry,N NAGLE AVE,no_controls,not_divided,clear,0,2018,115206
straight_and_level,324,improper_lane_usage,functioning_properly,0,5,turning,1,8,0,0,3,0,0,1,6,41.764185795,daylight,-87.586426389,3,no_indication_of_injury,2,30,no_defects,dry,S STONY ISLAND AVE,stop_sign/flasher,center_turn_lane,clear,0,2018,111465
straight_and_level,2232,improper_overtaking/passing,no_controls,0,1,sideswipe_same_direction,1,23,0,0,2,0,0,0,4,41.711435289,"darkness,_lighted_road",-87.643093687,3,no_indication_of_injury,2,35,no_defects,dry,S HALSTED ST,no_controls,not_divided,clear,0,2018,125367
straight_and_level,1223,unable_to_determine,no_controls,0,6,parked_motor_vehicle,1,10,0,0,1,0,0,0,2,41.882286784,daylight,-87.68021272,3,no_indication_of_injury,2,30,unknown,dry,W WARREN BLVD,other,one-way,clear,0,2018,94951
straight_and_level,1621,animal,no_controls,0,4,animal,0,12,0,0,1,0,0,0,4,41.997543023,daylight,-87.775081554,3,no_indication_of_injury,1,45,no_defects,wet,W DEVON AVE,no_controls,not_divided,cloudy/overcast,0,2018,97930
straight_and_level,933,failing_to_reduce_speed_to_avoid_crash,no_controls,0,5,rear_end,0,16,0,0,5,0,0,0,4,41.801637361,daylight,-87.664637029,3,no_indication_of_injury,2,30,no_defects,dry,S ASHLAND AVE,no_controls,divided_-_w/median_barrier,clear,0,2018,123036
straight_and_level,632,failing_to_reduce_speed_to_avoid_crash,no_controls,0,2,rear_end,1,14,0,0,1,1,1,1,2,41.736408249,daylight,-87.616285339,3,nonincapacitating_injury,3,30,"rut,_holes",dry,S CALUMET AVE,no_controls,divided_-_w/median_(not_raised),cloudy/overcast,0,2018,104551
straight_and_level,1713,unable_to_determine,no_controls,0,2,parked_motor_vehicle,1,7,0,0,1,0,0,0,1,41.970417777,daylight,-87.704133533,3,no_indication_of_injury,2,15,no_defects,dry,W AINSLIE ST,no_controls,one-way,clear,0,2018,104090
straight_and_level,1631,failing_to_yield_right-of-way,functioning_properly,0,6,turning,0,13,0,0,2,0,0,1,4,41.944848178,daylight,-87.836583732,3,no_indication_of_injury,2,30,no_defects,dry,N CUMBERLAND AVE,traffic_signal,not_divided,clear,0,2018,114520
straight_and_level,815,not_applicable,functioning_properly,0,6,rear_end,1,8,0,0,2,0,0,0,2,41.793192663,daylight,-87.73684553,3,no_indication_of_injury,2,30,no_defects,dry,W 55TH ST,other_railroad_crossing,not_divided,clear,0,2018,88041
straight_and_level,932,improper_lane_usage,functioning_properly,0,0,turning,0,12,0,0,2,0,0,0,4,41.794004295,daylight,-87.674452218,3,no_indication_of_injury,2,30,no_defects,dry,S DAMEN AVE,traffic_signal,not_divided,clear,0,2018,128098
straight_and_level,513,improper_backing,no_controls,0,6,parked_motor_vehicle,0,6,0,0,1,0,0,0,2,41.695096003,daylight,-87.619684971,3,no_indication_of_injury,2,30,no_defects,dry,S EDBROOKE AVE,no_controls,not_divided,clear,0,2018,90328
straight_and_level,1021,unable_to_determine,functioning_properly,0,4,pedestrian,1,7,0,0,1,0,1,0,2,41.860768834,daylight,-87.710531247,3,"reported,_not_evident",2,30,no_defects,wet,S HOMAN AVE,stop_sign/flasher,divided_-_w/median_(not_raised),rain,0,2018,96477
straight_and_level,111,not_applicable,functioning_properly,0,0,turning,1,7,0,0,2,0,0,1,2,41.886708887,"darkness,_lighted_road",-87.629450249,3,no_indication_of_injury,2,30,no_defects,dry,W WACKER DR,traffic_signal,divided_-_w/median_barrier,clear,0,2018,122462
straight_and_level,1234,exceeding_authorized_speed_limit,no_controls,0,2,animal,1,13,0,0,1,0,0,0,2,41.853650177,daylight,-87.670836614,3,no_indication_of_injury,1,30,no_defects,dry,S WOOD ST,no_controls,not_divided,cloudy/overcast,0,2018,117116
straight_and_level,611,unable_to_determine,functioning_properly,0,1,pedestrian,1,16,0,0,1,1,0,1,2,41.75043466,daylight,-87.665924934,4,nonincapacitating_injury,2,30,no_defects,dry,W 79TH ST,stop_sign/flasher,not_divided,clear,0,2018,112655
straight_and_level,1832,improper_turning/no_signal,unknown,0,3,turning,1,19,0,0,2,0,0,0,3,41.893989483,"darkness,_lighted_road",-87.631332884,4,no_indication_of_injury,2,30,unknown,wet,N CLARK ST,traffic_signal,one-way,rain,0,2018,127719
straight_and_level,234,improper_turning/no_signal,no_controls,0,5,turning,0,19,0,0,3,0,0,0,2,41.801456552,darkness,-87.587741862,4,no_indication_of_injury,2,30,no_defects,dry,S LAKE PARK AVE,no_controls,divided_-_w/median_(not_raised),clear,0,2018,121987
straight_and_level,1231,unable_to_determine,functioning_properly,0,0,rear_end,0,19,0,0,3,0,0,0,2,41.87620808,dusk,-87.669088047,4,no_indication_of_injury,2,30,no_defects,dry,W VAN BUREN ST,traffic_signal,not_divided,clear,0,2018,117166
straight_and_level,1731,failing_to_yield_right-of-way,functioning_properly,0,0,rear_end,0,16,0,0,3,1,1,0,2,41.94618891,daylight,-87.733268618,4,nonincapacitating_injury,4,30,unknown,dry,W ADDISON ST,traffic_signal,not_divided,clear,0,2018,121815
straight_and_level,122,driving_skills/knowledge/experience,no_controls,0,4,parked_motor_vehicle,0,10,0,0,2,0,0,0,4,41.884111267,daylight,-87.632576385,4,no_indication_of_injury,2,30,no_defects,dry,N LA SALLE ST,no_controls,divided_-_w/median_barrier,clear,0,2018,118184
straight_and_level,1711,unable_to_determine,functioning_properly,0,5,angle,0,9,0,0,2,0,0,0,2,41.988502608,daylight,-87.717735749,4,no_indication_of_injury,2,30,no_defects,dry,N DRAKE AVE,stop_sign/flasher,one-way,clear,0,2018,117664
straight_and_level,1914,weather,functioning_properly,0,3,angle,0,7,0,0,4,0,0,1,2,41.965539185,daylight,-87.654859842,4,no_indication_of_injury,2,30,no_defects,ice,W WILSON AVE,traffic_signal,not_divided,cloudy/overcast,0,2018,116533
straight_and_level,1912,unable_to_determine,no_controls,0,1,parked_motor_vehicle,1,22,0,0,1,0,0,0,4,41.961963453,"darkness,_lighted_road",-87.669417819,4,no_indication_of_injury,2,30,unknown,wet,N ASHLAND AVE,no_controls,divided_-_w/median_(not_raised),snow,0,2018,127168
straight_and_level,1933,improper_turning/no_signal,no_controls,0,1,parked_motor_vehicle,0,14,0,0,2,0,0,0,1,41.937347631,daylight,-87.651013379,4,no_indication_of_injury,2,30,no_defects,dry,W NELSON ST,no_controls,other,clear,0,2018,111591
straight_and_level,523,unable_to_determine,no_controls,0,0,parked_motor_vehicle,1,3,0,0,1,0,0,0,1,41.67085891,darkness,-87.641529273,4,no_indication_of_injury,2,0,unknown,wet,S HALSTED ST,no_controls,not_divided,rain,0,2018,127843
straight_and_level,734,unable_to_determine,functioning_properly,0,5,turning,0,9,0,0,2,0,0,0,3,41.765019907,daylight,-87.663655269,4,no_indication_of_injury,2,30,no_defects,dry,W 71ST ST,traffic_signal,center_turn_lane,clear,0,2018,113435
straight_and_level,1711,unable_to_determine,no_controls,0,0,parked_motor_vehicle,1,13,0,0,1,0,0,0,1,41.986571671,unknown,-87.710824845,4,no_indication_of_injury,3,30,no_defects,unknown,W ARDMORE AVE,no_controls,one-way,unknown,0,2018,127868
straight_and_level,2212,failing_to_yield_right-of-way,no_controls,0,1,turning,0,7,0,0,2,0,0,0,2,41.691886972,daylight,-87.683000626,4,no_indication_of_injury,2,30,no_defects,dry,W 111TH ST,no_controls,not_divided,clear,0,2018,113077
straight_and_level,1712,improper_backing,no_controls,0,0,sideswipe_same_direction,0,11,0,0,2,0,0,0,2,41.972195572,daylight,-87.727991833,4,no_indication_of_injury,2,30,no_defects,dry,N PULASKI RD,no_controls,parking_lot,clear,0,2018,112689
straight_and_level,2432,following_too_closely,functioning_properly,0,2,rear_end,0,17,0,0,3,0,0,1,2,42.001719973,daylight,-87.672015452,4,no_indication_of_injury,3,30,no_defects,dry,N CLARK ST,traffic_signal,not_divided,clear,0,2018,121029
straight_and_level,2512,following_too_closely,functioning_properly,0,1,rear_end,1,8,0,0,2,0,0,0,2,41.921382474,daylight,-87.780681712,4,no_indication_of_injury,2,30,no_defects,dry,W GRAND AVE,traffic_signal,divided_-_w/median_(not_raised),clear,0,2018,126173
straight_and_level,1412,"vision_obscured_(signs,_tree_limbs,_buildings,_etc.)",functioning_properly,0,1,rear_end,0,7,0,0,2,0,0,0,4,41.939207913,daylight,-87.709035452,4,no_indication_of_injury,2,30,no_defects,dry,W BELMONT AVE,traffic_signal,not_divided,clear,0,2018,126893
straight_and_level,324,following_too_closely,no_controls,0,3,rear_end,1,8,0,0,3,0,0,0,5,41.759791647,daylight,-87.585613371,4,no_indication_of_injury,3,15,no_defects,dry,S STONY ISLAND AVE,no_controls,divided_-_w/median_(not_raised),clear,0,2018,120185
straight_and_level,1022,not_applicable,functioning_properly,0,1,rear_end,0,6,0,0,2,0,0,0,2,41.859653795,daylight,-87.700813934,4,no_indication_of_injury,2,30,no_defects,dry,W OGDEN AVE,traffic_signal,not_divided,clear,0,2018,113021
straight_and_level,1111,not_applicable,functioning_properly,0,4,sideswipe_same_direction,0,18,0,0,2,0,0,0,4,41.893477193,daylight,-87.745611099,4,no_indication_of_injury,2,30,no_defects,wet,N CICERO AVE,no_controls,divided_-_w/median_(not_raised),rain,0,2018,111972
straight_and_level,1632,improper_backing,no_controls,0,2,parked_motor_vehicle,1,7,0,0,1,0,0,0,2,41.952657446,daylight,-87.806288474,4,no_indication_of_injury,2,10,no_defects,dry,W IRVING PARK RD,no_controls,parking_lot,clear,0,2018,121389
straight_and_level,1914,following_too_closely,functioning_properly,0,4,rear_end,0,13,0,0,2,0,0,1,2,41.965524498,daylight,-87.656257037,4,no_indication_of_injury,2,30,unknown,dry,W WILSON AVE,stop_sign/flasher,divided_-_w/median_(not_raised),clear,0,2018,116325
straight_and_level,1223,unable_to_determine,no_controls,0,4,parked_motor_vehicle,1,15,0,0,1,0,0,0,2,41.878889649,daylight,-87.674194738,4,no_indication_of_injury,2,30,no_defects,ice,W ADAMS ST,no_controls,one-way,clear,0,2018,120469
straight_and_level,215,road_construction/maintenance,no_controls,0,4,other_object,0,12,0,0,1,0,0,0,4,41.810960548,daylight,-87.626273868,4,no_indication_of_injury,1,0,other,dry,S STATE ST,no_controls,divided_-_w/median_(not_raised),clear,1,2018,122951
straight_and_level,834,not_applicable,no_controls,0,4,angle,0,11,0,0,2,0,0,0,1,41.736713537,daylight,-87.713404098,4,no_indication_of_injury,2,15,no_defects,dry,W 86TH ST,no_controls,alley,clear,0,2018,126248
straight_and_level,2533,improper_overtaking/passing,no_controls,0,6,sideswipe_same_direction,0,19,0,0,2,0,0,0,2,41.913946357,"darkness,_lighted_road",-87.746138253,4,no_indication_of_injury,2,30,no_defects,dry,N CICERO AVE,no_controls,not_divided,clear,0,2018,122551
straight_and_level,2511,failing_to_yield_right-of-way,no_controls,0,0,turning,0,17,0,0,4,0,0,0,2,41.93804223,daylight,-87.796092407,4,no_indication_of_injury,2,30,no_defects,dry,W BELMONT AVE,no_controls,not_divided,clear,0,2018,124102
straight_and_level,1522,unable_to_determine,no_controls,0,3,rear_end,0,22,0,0,2,0,0,0,2,41.880376425,"darkness,_lighted_road",-87.763274974,4,no_indication_of_injury,2,30,no_defects,dry,W MADISON ST,no_controls,divided_-_w/median_(not_raised),clear,0,2018,128435
straight_and_level,1834,unable_to_determine,unknown,0,6,turning,0,19,0,0,2,0,0,1,2,41.892671291,dawn,-87.622572202,4,no_indication_of_injury,2,30,unknown,dry,E OHIO ST,traffic_signal,one-way,clear,0,2018,122927
straight_and_level,211,equipment_-_vehicle_condition,functioning_properly,0,0,fixed_object,0,6,0,0,1,0,0,1,3,41.838227006,daylight,-87.630172641,4,no_indication_of_injury,1,30,no_defects,dry,S LA SALLE ST,traffic_signal,one-way,clear,0,2018,76914
straight_and_level,412,unable_to_determine,unknown,0,3,sideswipe_same_direction,0,17,0,0,2,0,0,0,3,41.734607056,daylight,-87.585743917,4,no_indication_of_injury,2,35,unknown,unknown,S STONY ISLAND AVE,unknown,one-way,unknown,0,2018,119444
straight_and_level,1132,"distraction_-_other_electronic_device_(navigation_device,_dvd_player,_etc.)",no_controls,0,1,parked_motor_vehicle,0,14,0,0,1,0,0,0,2,41.876985444,daylight,-87.724967008,4,no_indication_of_injury,2,30,no_defects,dry,W JACKSON BLVD,no_controls,not_divided,clear,0,2018,112878
straight_and_level,713,unable_to_determine,no_controls,0,4,parked_motor_vehicle,1,20,0,0,1,0,0,0,2,41.784848695,"darkness,_lighted_road",-87.659638746,4,no_indication_of_injury,2,30,no_defects,dry,S LOOMIS BLVD,no_controls,not_divided,clear,0,2018,118494
straight_and_level,433,equipment_-_vehicle_condition,functioning_properly,0,3,fixed_object,0,23,0,0,1,0,0,1,2,41.659300611,"darkness,_lighted_road",-87.555404391,4,no_indication_of_injury,1,30,no_defects,dry,E 130TH ST,traffic_signal,divided_-_w/median_(not_raised),clear,0,2018,123257
straight_and_level,224,not_applicable,no_controls,0,5,parked_motor_vehicle,1,13,0,0,1,0,0,0,3,41.808346376,daylight,-87.622958276,4,no_indication_of_injury,2,30,no_defects,dry,S MICHIGAN AVE,no_controls,one-way,clear,0,2018,127514
straight_and_level,725,not_applicable,functioning_properly,0,1,parked_motor_vehicle,0,22,0,0,1,0,0,0,2,41.773900313,darkness,-87.661480649,4,no_indication_of_injury,2,30,no_defects,dry,S LAFLIN ST,stop_sign/flasher,not_divided,clear,0,2018,120190