alignment,beat,contributory_cause,device_condition,dooring,dow,first_crash_type,hit_and_run,hour,injuries_fatal,injuries_incapacitating,injuries_no_indication,injuries_non_incapacitating,injuries_reported_not_evident,intersection_related,lane_count,latitude,lighting_condition,longitude,month,most_severe_injury,num_units,posted_speed_limit,road_defect,roadway_surface_cond,street,traffic_control_device,trafficway_type,weather_condition,work_zone,year,i
straight_and_level,2521,failing_to_reduce_speed_to_avoid_crash,functioning_properly,0,4,rear_end,0,9,0,0,2,0,0,0,1,41.928679157,daylight,-87.743851041,4,no_indication_of_injury,2,30,no_defects,dry,W WRIGHTWOOD AVE,stop_sign/flasher,one-way,clear,0,2018,114686
straight_and_level,1812,unable_to_determine,no_controls,0,6,parked_motor_vehicle,1,20,0,0,1,0,0,0,1,41.925524929,unknown,-87.642891858,4,no_indication_of_injury,2,15,no_defects,unknown,N CAMBRIDGE AVE,no_controls,unknown,unknown,0,2018,121132
straight_and_level,1724,failing_to_yield_right-of-way,functioning_properly,0,4,turning,0,7,0,0,3,1,0,1,4,41.954029047,daylight,-87.708077494,4,nonincapacitating_injury,3,30,no_defects,dry,W IRVING PARK RD,traffic_signal,divided_-_w/median_(not_raised),clear,0,2018,125619
straight_and_level,1733,unable_to_determine,no_controls,0,5,angle,0,17,0,0,2,0,0,0,2,41.946541766,daylight,-87.704088221,4,no_indication_of_injury,2,30,no_defects,dry,W ADDISON ST,no_controls,not_divided,clear,0,2018,124745
straight_and_level,1232,failing_to_yield_right-of-way,functioning_properly,0,1,pedestrian,0,13,0,0,2,0,0,0,2,41.879264123,daylight,-87.648307433,4,no_indication_of_injury,2,30,no_defects,dry,S GREEN ST,traffic_signal,not_divided,clear,0,2018,127265
straight_and_level,1624,failing_to_yield_right-of-way,unknown,0,0,angle,0,6,0,0,2,0,0,1,2,41.957964267,dawn,-87.757447535,4,no_indication_of_injury,2,30,unknown,dry,N LARAMIE AVE,stop_sign/flasher,not_divided,clear,0,2018,116698
straight_and_level,711,unable_to_determine,no_controls,0,1,parked_motor_vehicle,1,8,0,0,1,0,0,0,1,41.790332893,daylight,-87.642766831,4,no_indication_of_injury,2,30,no_defects,dry,S UNION AVE,no_controls,not_divided,clear,0,2018,113117
straight_and_level,1533,improper_backing,no_controls,0,3,parked_motor_vehicle,0,2,0,0,3,0,0,0,0,41.880330453,darkness,-87.749789517,4,no_indication_of_injury,2,5,no_defects,dry,W MADISON ST,no_controls,parking_lot,clear,0,2018,125549
straight_and_level,111,failing_to_yield_right-of-way,functioning_properly,0,3,turning,0,12,0,0,2,0,0,1,1,41.883331304,daylight,-87.626184245,4,no_indication_of_injury,2,30,no_defects,unknown,E WASHINGTON ST,traffic_signal,one-way,unknown,0,2018,117856
straight_and_level,1723,unable_to_determine,no_controls,0,6,parked_motor_vehicle,0,18,0,0,1,0,0,0,1,41.964215695,daylight,-87.72532531,4,no_indication_of_injury,2,25,no_defects,dry,N SPRINGFIELD AVE,no_controls,one-way,clear,0,2018,125457
straight_and_level,121,unable_to_determine,no_controls,0,2,parked_motor_vehicle,0,15,0,0,1,0,0,0,0,41.880418189,daylight,-87.644236278,4,no_indication_of_injury,2,30,no_defects,dry,W MONROE ST,no_controls,parking_lot,clear,0,2018,115497
straight_and_level,622,improper_backing,functioning_properly,0,2,rear_end,0,19,0,0,2,0,0,1,7,41.73637382,"darkness,_lighted_road",-87.627231565,4,no_indication_of_injury,2,15,no_defects,dry,W 87TH ST,traffic_signal,not_divided,clear,0,2018,113861
straight_and_level,1914,road_construction/maintenance,no_controls,0,2,fixed_object,0,13,0,0,1,0,0,0,2,41.966685376,daylight,-87.643088048,4,no_indication_of_injury,1,0,"rut,_holes",dry,W WILSON DR,no_controls,divided_-_w/median_(not_raised),clear,1,2018,127606
straight_and_level,1225,unable_to_determine,no_controls,0,4,parked_motor_vehicle,1,16,0,0,1,0,0,0,4,41.878813691,daylight,-87.669469106,4,no_indication_of_injury,2,30,no_defects,dry,W OGDEN AVE,no_controls,not_divided,clear,0,2018,112324
straight_and_level,312,exceeding_safe_speed_for_conditions,no_controls,0,1,sideswipe_same_direction,0,9,0,0,3,0,0,0,1,41.779625995,daylight,-87.625226532,4,no_indication_of_injury,2,30,no_defects,wet,S STATE ST,no_controls,divided_-_w/median_barrier,snow,0,2018,113610
straight_and_level,2513,road_engineering/surface/marking_defects,no_controls,0,1,fixed_object,0,22,0,0,1,0,0,0,2,41.909223356,"darkness,_lighted_road",-87.787760711,4,no_indication_of_injury,1,30,"rut,_holes",dry,W NORTH AVE,no_controls,not_divided,clear,0,2018,124241
straight_and_level,1511,"vision_obscured_(signs,_tree_limbs,_buildings,_etc.)",functioning_properly,0,6,turning,0,10,0,0,3,0,0,1,2,41.900081232,daylight,-87.775152529,4,no_indication_of_injury,2,30,no_defects,dry,N AUSTIN BLVD,stop_sign/flasher,not_divided,clear,0,2018,112734
straight_and_level,131,unable_to_determine,functioning_properly,0,2,sideswipe_same_direction,0,7,0,0,2,0,0,0,4,41.852991219,daylight,-87.629386933,4,no_indication_of_injury,2,30,no_defects,dry,W CERMAK RD,traffic_signal,one-way,clear,0,2018,111786
straight_and_level,913,improper_lane_usage,functioning_properly,0,0,sideswipe_same_direction,1,22,0,0,2,0,0,1,2,41.838154982,"darkness,_lighted_road",-87.646312831,4,no_indication_of_injury,2,30,no_defects,dry,W 31ST ST,traffic_signal,divided_-_w/median_(not_raised),clear,0,2018,127289
straight_and_level,1623,following_too_closely,functioning_properly,0,5,rear_end,0,16,0,0,2,0,0,0,4,41.961553844,daylight,-87.755099396,4,no_indication_of_injury,2,30,no_defects,dry,N MILWAUKEE AVE,traffic_signal,not_divided,clear,0,2018,121918
straight_and_level,835,improper_turning/no_signal,functioning_properly,0,1,turning,0,12,0,0,4,0,0,1,4,41.758970107,daylight,-87.683082011,4,no_indication_of_injury,2,30,no_defects,dry,W COLUMBUS AVE,traffic_signal,divided_-_w/median_(not_raised),clear,0,2018,123617
straight_and_level,624,exceeding_authorized_speed_limit,no_controls,0,5,parked_motor_vehicle,1,21,0,0,1,0,0,0,2,41.74956573,darkness,-87.605251898,4,no_indication_of_injury,2,30,unknown,dry,E 80TH ST,no_controls,not_divided,clear,0,2018,113823
straight_on_grade,2413,failing_to_reduce_speed_to_avoid_crash,no_controls,0,2,fixed_object,0,0,0,0,0,1,0,0,2,41.990984811,"darkness,_lighted_road",-87.708122332,4,nonincapacitating_injury,1,30,no_defects,dry,N LINCOLN AVE,no_controls,divided_-_w/median_barrier,other,0,2018,116422
straight_and_level,1935,failing_to_yield_right-of-way,no_controls,0,5,sideswipe_same_direction,0,8,0,0,2,0,0,0,8,41.929920511,daylight,-87.632300696,4,no_indication_of_injury,2,45,no_defects,dry,N LAKE SHORE DR SB,no_controls,divided_-_w/median_barrier,clear,0,2018,120725
straight_and_level,1533,following_too_closely,functioning_properly,0,2,rear_end,0,12,0,0,3,0,0,0,2,41.868932772,daylight,-87.744994857,4,no_indication_of_injury,2,30,unknown,dry,S CICERO AVE,no_controls,not_divided,clear,0,2018,118764
straight_and_level,211,failing_to_yield_right-of-way,functioning_properly,0,1,sideswipe_same_direction,0,8,0,0,2,0,0,1,2,41.831121575,daylight,-87.626706801,4,no_indication_of_injury,2,30,no_defects,wet,W 35TH ST,traffic_signal,divided_-_w/median_(not_raised),snow,0,2018,124089
straight_and_level,713,not_applicable,no_controls,0,2,sideswipe_same_direction,1,13,0,0,2,0,0,0,4,41.785529848,daylight,-87.664219919,4,no_indication_of_injury,2,35,no_defects,dry,S ASHLAND AVE,no_controls,not_divided,clear,0,2018,116498
straight_and_level,1623,unable_to_determine,no_controls,0,1,parked_motor_vehicle,1,9,0,0,1,0,0,0,2,41.962701936,daylight,-87.762265334,4,no_indication_of_injury,2,30,unknown,dry,N LONG AVE,no_controls,not_divided,clear,0,2018,127191
straight_and_level,1123,not_applicable,no_controls,0,1,rear_end,0,8,0,0,2,0,0,0,2,41.884753676,daylight,-87.711229789,4,no_indication_of_injury,2,30,unknown,unknown,W LAKE ST,no_controls,not_divided,clear,0,2018,122556
straight_and_level,914,unable_to_determine,functioning_properly,0,5,parked_motor_vehicle,1,10,0,0,1,0,0,0,2,41.841081072,daylight,-87.633103863,4,no_indication_of_injury,2,30,no_defects,dry,S WELLS ST,stop_sign/flasher,not_divided,clear,0,2018,121572
straight_and_level,123,not_applicable,functioning_properly,0,5,turning,0,17,0,0,2,0,0,0,3,41.873095485,daylight,-87.624345248,4,no_indication_of_injury,2,35,no_defects,dry,S MICHIGAN AVE,traffic_signal,divided_-_w/median_barrier,clear,0,2018,123459
straight_and_level,1122,failing_to_yield_right-of-way,no_controls,0,0,sideswipe_same_direction,1,13,0,0,2,0,0,0,3,41.880849494,daylight,-87.724777589,4,no_indication_of_injury,2,30,no_defects,dry,W MADISON ST,no_controls,not_divided,clear,0,2018,117026
straight_and_level,811,failing_to_yield_right-of-way,functioning_properly,0,6,turning,0,14,0,0,2,0,0,1,4,41.796396889,daylight,-87.762577214,4,no_indication_of_injury,2,30,no_defects,wet,S CENTRAL AVE,stop_sign/flasher,not_divided,cloudy/overcast,0,2018,128094
straight_and_level,1712,following_too_closely,functioning_properly,0,1,rear_end,0,8,0,1,1,1,0,0,2,41.97562074,daylight,-87.728383135,4,incapacitating_injury,2,30,no_defects,wet,N PULASKI RD,stop_sign/flasher,divided_-_w/median_(not_raised),rain,0,2018,118871
straight_and_level,1432,following_too_closely,functioning_properly,0,5,rear_end,0,12,0,0,3,0,0,0,4,41.93266088,daylight,-87.687771152,4,no_indication_of_injury,2,35,unknown,dry,N WESTERN AVE,traffic_signal,divided_-_w/median_(not_raised),clear,0,2018,114048
straight_and_level,1512,failing_to_reduce_speed_to_avoid_crash,functioning_properly,0,0,angle,0,20,0,0,0,0,7,0,2,41.887200836,"darkness,_lighted_road",-87.767808491,4,"reported,_not_evident",2,30,unknown,dry,N WALLER AVE,stop_sign/flasher,not_divided,clear,0,2018,124830
straight_and_level,114,unable_to_determine,no_controls,0,3,sideswipe_same_direction,0,5,0,0,2,0,0,0,3,41.885477129,daylight,-87.613756704,4,no_indication_of_injury,2,50,no_defects,dry,N LAKE SHORE DR NB,no_controls,other,clear,0,2018,122134
straight_and_level,1632,weather,no_controls,0,0,fixed_object,0,6,0,0,1,0,0,1,2,41.94720538,daylight,-87.795910886,4,no_indication_of_injury,1,30,no_defects,wet,N OAK PARK AVE,no_controls,not_divided,rain,0,2018,117188
straight_and_level,1624,following_too_closely,functioning_properly,0,3,rear_end,0,6,0,0,3,0,0,0,2,41.960323546,"darkness,_lighted_road",-87.767091181,4,no_indication_of_injury,2,30,no_defects,ice,N CENTRAL AVE,traffic_signal,not_divided,snow,0,2018,128465
straight_and_level,1613,failing_to_yield_right-of-way,no_controls,0,5,turning,0,22,0,1,1,0,0,0,4,41.980341719,"darkness,_lighted_road",-87.807124715,4,incapacitating_injury,2,30,unknown,dry,N HARLEM AVE,no_controls,center_turn_lane,clear,0,2018,114375
straight_and_level,1214,failing_to_yield_right-of-way,functioning_properly,0,2,angle,0,12,0,0,3,0,0,1,4,41.895692117,daylight,-87.654949241,4,no_indication_of_injury,2,30,no_defects,wet,N OGDEN AVE,stop_sign/flasher,not_divided,rain,0,2018,117562
straight_and_level,1831,failing_to_yield_right-of-way,functioning_properly,0,0,turning,0,11,0,0,3,0,0,1,4,41.891503833,daylight,-87.637176441,4,no_indication_of_injury,2,25,no_defects,dry,N ORLEANS ST,traffic_signal,not_divided,clear,0,2018,115978
straight_and_level,813,failing_to_yield_right-of-way,no_controls,0,1,angle,0,17,0,0,6,0,0,0,1,41.777968068,daylight,-87.732362317,4,no_indication_of_injury,2,30,no_defects,dry,S KOSTNER AVE,no_controls,not_divided,clear,0,2018,116207
straight_and_level,1221,under_the_influence_of_alcohol/drugs_(use_when_arrest_is_effected),no_controls,0,3,parked_motor_vehicle,0,20,0,0,1,0,0,0,2,41.894649851,"darkness,_lighted_road",-87.686666281,4,no_indication_of_injury,2,30,no_defects,dry,N WESTERN AVE,no_controls,not_divided,clear,0,2018,124556
straight_and_level,1031,failing_to_yield_right-of-way,no_controls,0,3,angle,1,19,0,0,2,0,0,0,1,41.840396537,"darkness,_lighted_road",-87.730675012,4,no_indication_of_injury,2,30,no_defects,dry,S TRIPP AVE,no_controls,one-way,clear,0,2018,116066
straight_and_level,714,following_too_closely,functioning_properly,0,4,rear_end,1,7,0,0,2,0,0,1,2,41.779543761,daylight,-87.665522585,4,no_indication_of_injury,2,30,no_defects,dry,W 63RD ST,stop_sign/flasher,not_divided,clear,0,2018,113406
straight_and_level,1935,failing_to_yield_right-of-way,functioning_properly,0,1,pedestrian,1,8,0,0,1,0,1,1,2,41.932527071,daylight,-87.653921095,4,"reported,_not_evident",2,30,no_defects,wet,W DIVERSEY PKWY,traffic_signal,divided_-_w/median_(not_raised),snow,0,2018,116223
straight_and_level,432,improper_overtaking/passing,no_controls,0,6,rear_end,1,8,0,0,2,0,0,0,2,41.713980163,dusk,-87.537632815,4,no_indication_of_injury,2,35,no_defects,dry,E 100TH ST,stop_sign/flasher,not_divided,clear,0,2018,112847
straight_and_level,2534,unable_to_determine,unknown,0,2,angle,0,15,0,0,3,0,0,0,2,41.916976668,daylight,-87.73272783,4,no_indication_of_injury,2,30,unknown,wet,W ARMITAGE AVE,stop_sign/flasher,not_divided,rain,0,2018,113337
straight_and_level,1413,unable_to_determine,no_controls,0,2,parked_motor_vehicle,0,14,0,0,1,0,0,0,1,41.920885338,daylight,-87.712641423,4,no_indication_of_injury,2,30,no_defects,dry,W PALMER ST,no_controls,not_divided,clear,0,2018,126543
straight_and_level,1633,unable_to_determine,no_controls,0,3,parked_motor_vehicle,1,16,0,0,1,0,0,0,1,41.945906059,daylight,-87.779092848,4,no_indication_of_injury,2,15,no_defects,dry,N MEADE AVE,no_controls,not_divided,clear,0,2018,111813
straight_and_level,2512,following_too_closely,no_controls,0,1,rear_end,1,10,0,0,2,0,0,0,2,41.919946094,daylight,-87.802606491,4,no_indication_of_injury,2,30,no_defects,dry,N NORDICA AVE,no_controls,divided_-_w/median_(not_raised),clear,0,2018,120980
straight_and_level,1612,unable_to_determine,no_controls,0,4,rear_end,0,9,0,0,2,1,0,0,2,41.996768874,daylight,-87.820484586,4,nonincapacitating_injury,3,30,no_defects,wet,W DEVON AVE,no_controls,not_divided,clear,0,2018,126371
straight_and_level,1834,disregarding_traffic_signals,functioning_properly,0,5,angle,0,6,0,0,1,0,1,1,2,41.891041945,daylight,-87.62422289,4,"reported,_not_evident",2,30,no_defects,dry,E ILLINOIS ST,traffic_signal,divided_-_w/median_barrier,clear,0,2018,120331
straight_and_level,1925,unable_to_determine,no_controls,0,2,pedalcyclist,0,10,0,1,1,0,0,0,1,41.94357121,daylight,-87.6452173,4,incapacitating_injury,2,25,no_defects,dry,W ROSCOE ST,no_controls,one-way,clear,0,2018,131340
straight_and_level,1723,following_too_closely,no_controls,0,0,rear_end,0,15,0,0,2,0,1,0,2,41.953877541,daylight,-87.718238078,4,"reported,_not_evident",2,30,no_defects,dry,W IRVING PARK RD,no_controls,divided_-_w/median_barrier,clear,0,2018,126431
straight_and_level,1432,improper_overtaking/passing,functioning_properly,0,2,sideswipe_same_direction,0,13,0,0,5,0,0,1,4,41.92173277,daylight,-87.66875021,4,no_indication_of_injury,3,30,no_defects,dry,N ASHLAND AVE,traffic_signal,not_divided,clear,0,2018,117372
straight_and_level,1922,failing_to_yield_right-of-way,no_controls,0,6,sideswipe_same_direction,0,13,0,0,2,0,0,0,2,41.95392233,daylight,-87.664353388,4,no_indication_of_injury,2,30,unknown,unknown,N SOUTHPORT AVE,no_controls,not_divided,clear,0,2018,114661
straight_and_level,132,following_too_closely,no_controls,0,1,rear_end,1,7,0,0,2,0,0,0,8,41.869232903,daylight,-87.617020026,4,no_indication_of_injury,2,40,no_defects,dry,S LAKE SHORE DR E,no_controls,divided_-_w/median_barrier,clear,0,2018,118738
straight_and_level,1211,weather,functioning_properly,0,6,pedestrian,0,0,0,1,2,0,0,1,2,41.899392342,"darkness,_lighted_road",-87.696854803,4,incapacitating_injury,2,30,no_defects,wet,W AUGUSTA BLVD,traffic_signal,divided_-_w/median_(not_raised),rain,0,2018,113128
straight_and_level,815,following_too_closely,no_controls,0,4,parked_motor_vehicle,0,16,0,0,1,0,0,0,2,41.79788654,daylight,-87.728343054,4,no_indication_of_injury,2,25,no_defects,dry,S KEELER AVE,no_controls,not_divided,clear,0,2018,124714
straight_and_level,1613,unable_to_determine,no_controls,0,1,parked_motor_vehicle,1,12,0,0,1,0,0,0,2,41.980953994,daylight,-87.791258206,4,no_indication_of_injury,2,30,no_defects,dry,N NASHVILLE AVE,no_controls,not_divided,snow,0,2018,119760
straight_and_level,714,failing_to_yield_right-of-way,functioning_properly,0,0,turning,0,14,0,0,3,2,0,1,2,41.779407145,daylight,-87.673757496,4,nonincapacitating_injury,3,30,no_defects,wet,S DAMEN AVE,traffic_signal,center_turn_lane,rain,0,2018,115406
straight_and_level,2515,failing_to_yield_right-of-way,no_controls,0,0,sideswipe_same_direction,0,10,0,0,3,0,0,0,1,41.922948936,daylight,-87.768238663,4,no_indication_of_injury,2,20,no_defects,dry,N MAJOR AVE,no_controls,one-way,clear,0,2018,113283
straight_and_level,1624,failing_to_yield_right-of-way,functioning_properly,0,4,angle,0,6,0,0,2,0,0,1,2,41.960400058,daylight,-87.764898533,4,no_indication_of_injury,2,30,no_defects,ice,W MONTROSE AVE,traffic_signal,divided_-_w/median_(not_raised),clear,0,2018,124844
straight_and_level,2512,failing_to_yield_right-of-way,functioning_properly,0,4,angle,0,19,0,0,2,0,0,0,2,41.928827063,"darkness,_lighted_road",-87.806278132,4,no_indication_of_injury,2,30,no_defects,dry,N HARLEM AVE,traffic_signal,not_divided,clear,0,2018,122206
straight_and_level,812,not_applicable,functioning_properly,0,3,rear_end,0,7,0,0,3,0,0,0,4,41.775448118,daylight,-87.80068225,4,no_indication_of_injury,2,30,no_defects,dry,S HARLEM AVE,lane_use_marking,not_divided,clear,0,2018,111508
straight_and_level,2531,improper_overtaking/passing,functioning_properly,0,3,sideswipe_same_direction,1,11,0,0,2,0,0,0,2,41.909108411,daylight,-87.775448683,4,no_indication_of_injury,2,30,no_defects,dry,N AUSTIN BLVD,traffic_signal,not_divided,clear,0,2018,118732
straight_and_level,213,physical_condition_of_driver,functioning_properly,0,1,rear_end,1,12,0,0,2,0,0,1,2,41.816675035,daylight,-87.621329799,4,no_indication_of_injury,2,30,no_defects,dry,E 43RD ST,traffic_signal,not_divided,clear,0,2018,125508
straight_and_level,1032,weather,unknown,0,1,rear_end,0,8,0,0,2,0,0,1,4,41.837604714,daylight,-87.704979868,4,no_indication_of_injury,2,30,unknown,snow_or_slush,S KEDZIE AVE,traffic_signal,divided_-_w/median_(not_raised),snow,0,2018,116002
straight_and_level,1421,failing_to_yield_right-of-way,no_controls,0,2,angle,1,16,0,0,2,0,0,0,1,41.916969429,daylight,-87.705117731,4,no_indication_of_injury,2,25,unknown,wet,N ALBANY AVE,no_controls,one-way,rain,0,2018,116234
straight_and_level,1634,improper_turning/no_signal,functioning_properly,0,2,sideswipe_same_direction,0,7,0,0,2,0,0,1,2,41.94239478,daylight,-87.756954815,4,no_indication_of_injury,2,25,no_defects,dry,N LARAMIE AVE,traffic_signal,not_divided,clear,0,2018,122760
straight_and_level,915,not_applicable,functioning_properly,0,2,fixed_object,0,15,0,0,1,0,0,1,2,41.830695335,daylight,-87.646250916,4,no_indication_of_injury,1,30,no_defects,dry,S HALSTED ST,traffic_signal,not_divided,clear,0,2018,121355
straight_and_level,1133,following_too_closely,no_controls,0,3,rear_end,0,10,0,0,2,0,0,0,1,41.873404645,daylight,-87.720399628,4,no_indication_of_injury,2,30,no_defects,dry,W HARRISON ST,no_controls,one-way,clear,0,2018,121332
straight_and_level,1225,"vision_obscured_(signs,_tree_limbs,_buildings,_etc.)",functioning_properly,0,1,angle,0,9,0,0,2,0,0,1,4,41.875165793,daylight,-87.674177083,4,no_indication_of_injury,2,30,no_defects,wet,W CONGRESS PKWY,stop_sign/flasher,not_divided,snow,0,2018,115034
straight_and_level,1224,following_too_closely,functioning_properly,0,4,rear_end,0,17,0,0,2,0,0,0,4,41.880794779,daylight,-87.666645966,4,no_indication_of_injury,2,30,no_defects,dry,W OGDEN AVE,traffic_signal,not_divided,clear,0,2018,118941
straight_and_level,822,disregarding_stop_sign,functioning_properly,0,0,angle,0,8,0,0,2,0,0,1,2,41.786084399,daylight,-87.720633477,4,no_indication_of_injury,2,30,no_defects,dry,W 59TH ST,stop_sign/flasher,not_divided,clear,0,2018,114187
straight_and_level,1814,failing_to_reduce_speed_to_avoid_crash,functioning_properly,0,3,rear_end,1,22,0,0,2,0,0,0,4,41.912503239,"darkness,_lighted_road",-87.633011933,4,no_indication_of_injury,2,30,no_defects,wet,N LA SALLE DR,traffic_signal,divided_-_w/median_(not_raised),rain,0,2018,117698
straight_and_level,122,improper_turning/no_signal,functioning_properly,0,2,turning,0,9,0,0,2,0,0,1,3,41.875651076,daylight,-87.633807171,4,no_indication_of_injury,2,25,no_defects,dry,S WELLS ST,traffic_signal,one-way,clear,0,2018,115143
straight_and_level,2524,failing_to_yield_right-of-way,functioning_properly,0,1,sideswipe_same_direction,0,14,0,0,2,0,0,0,4,41.924657185,daylight,-87.721508704,4,no_indication_of_injury,2,25,no_defects,dry,W FULLERTON AVE,traffic_signal,not_divided,clear,0,2018,124269
straight_and_level,1923,following_too_closely,functioning_properly,0,3,rear_end,0,15,0,0,2,0,1,0,2,41.947317489,daylight,-87.656417948,4,"reported,_not_evident",3,30,unknown,unknown,W ADDISON ST,traffic_signal,not_divided,clear,0,2018,113763
straight_and_level,1423,improper_overtaking/passing,no_controls,0,3,turning,1,11,0,0,2,0,0,0,1,41.908787321,daylight,-87.6894915,4,no_indication_of_injury,2,25,no_defects,dry,N CAMPBELL AVE,no_controls,one-way,clear,0,2018,116281
straight_and_level,1115,unable_to_determine,functioning_properly,0,2,turning,0,14,0,0,3,0,0,1,2,41.8808343,daylight,-87.725796597,4,no_indication_of_injury,2,30,no_defects,dry,W MADISON ST,traffic_signal,not_divided,clear,0,2018,115745
straight_and_level,632,unable_to_determine,no_controls,0,4,parked_motor_vehicle,1,14,0,0,1,0,0,0,2,41.736626351,daylight,-87.61359085,4,no_indication_of_injury,4,30,no_defects,dry,E 87TH ST,no_controls,divided_-_w/median_(not_raised),clear,0,2018,76752
straight_and_level,822,unable_to_determine,unknown,0,0,parked_motor_vehicle,0,3,0,0,0,2,0,0,2,41.796707696,"darkness,_lighted_road",-87.703793832,4,nonincapacitating_injury,5,30,unknown,dry,S KEDZIE AVE,unknown,not_divided,clear,0,2018,115892
straight_and_level,1911,improper_backing,no_controls,0,4,parked_motor_vehicle,0,7,0,0,2,0,0,0,1,41.958660158,daylight,-87.68481462,4,no_indication_of_injury,2,25,unknown,dry,N BELL AVE,no_controls,not_divided,clear,0,2018,115358
straight_and_level,1131,failing_to_yield_right-of-way,functioning_properly,0,1,turning,0,9,0,0,2,0,0,1,2,41.871515958,daylight,-87.735010277,4,no_indication_of_injury,2,30,no_defects,snow_or_slush,S KOSTNER AVE,stop_sign/flasher,divided_-_w/median_(not_raised),sleet/hail,0,2018,118872
straight_and_level,2221,failing_to_yield_right-of-way,no_controls,0,5,sideswipe_opposite_direction,0,13,0,0,2,0,0,0,1,41.721070914,daylight,-87.680595507,4,no_indication_of_injury,2,10,no_defects,dry,W 95TH ST,no_controls,parking_lot,clear,0,2018,126268
straight_and_level,1611,disregarding_traffic_signals,functioning_properly,0,5,angle,0,21,0,0,1,1,0,1,2,41.996924505,"darkness,_lighted_road",-87.798861897,4,nonincapacitating_injury,2,30,no_defects,dry,W DEVON AVE,traffic_signal,divided_-_w/median_(not_raised),clear,0,2018,120575
straight_and_level,1931,improper_backing,no_controls,0,2,angle,0,18,0,0,2,0,0,0,2,41.928647905,dusk,-87.669616094,4,no_indication_of_injury,2,30,no_defects,wet,W WRIGHTWOOD AVE,no_controls,not_divided,rain,0,2018,128399
straight_and_level,1522,unable_to_determine,no_controls,0,6,fixed_object,1,23,0,0,1,0,0,1,0,41.878547223,darkness,-87.757725701,4,no_indication_of_injury,1,15,no_defects,wet,W ADAMS ST,stop_sign/flasher,one-way,rain,0,2018,116100
straight_on_grade,2512,distraction_-_from_inside_vehicle,functioning_properly,0,0,parked_motor_vehicle,0,2,0,0,0,1,0,0,2,41.930985538,"darkness,_lighted_road",-87.778999923,4,nonincapacitating_injury,2,30,no_defects,dry,W DIVERSEY AVE,lane_use_marking,not_divided,clear,0,2018,119328
straight_and_level,1632,improper_turning/no_signal,no_controls,0,2,turning,0,12,0,0,3,0,0,1,2,41.945539044,daylight,-87.798477278,4,no_indication_of_injury,2,30,no_defects,dry,W ADDISON ST,no_controls,not_divided,clear,0,2018,120597
straight_and_level,923,unable_to_determine,no_controls,0,2,pedalcyclist,0,17,0,0,2,0,0,0,2,41.795137744,daylight,-87.686020114,4,no_indication_of_injury,2,25,no_defects,dry,S ARTESIAN AVE,no_controls,not_divided,clear,0,2018,131343
straight_and_level,1833,improper_overtaking/passing,no_controls,0,6,sideswipe_same_direction,1,18,0,0,2,0,0,1,4,41.898342289,dusk,-87.624248133,4,no_indication_of_injury,2,30,no_defects,dry,N MICHIGAN AVE,no_controls,not_divided,clear,0,2018,117113
straight_and_level,731,following_too_closely,functioning_properly,0,4,rear_end,0,8,0,0,2,0,0,0,2,41.765637782,daylight,-87.626698583,4,no_indication_of_injury,2,30,no_defects,dry,S LAFAYETTE AVE,traffic_signal,divided_-_w/median_(not_raised),clear,0,2018,117230
straight_and_level,911,unable_to_determine,functioning_properly,0,1,rear_end,0,18,0,0,3,0,0,1,4,41.832182605,daylight,-87.694730043,4,no_indication_of_injury,3,30,no_defects,dry,S CALIFORNIA AVE,traffic_signal,divided_-_w/median_(not_raised),clear,0,2018,125882
straight_and_level,433,unable_to_determine,functioning_properly,0,3,rear_end,0,5,0,0,2,0,0,0,4,41.659301493,dawn,-87.5592337,4,no_indication_of_injury,2,30,no_defects,dry,E 130TH ST,other,divided_-_w/median_barrier,clear,0,2018,115867
straight_and_level,832,unable_to_determine,no_controls,0,1,sideswipe_same_direction,0,14,0,0,2,0,0,0,1,41.763946284,daylight,-87.685521695,4,no_indication_of_injury,2,25,no_defects,dry,S CAMPBELL AVE,no_controls,unknown,clear,0,2018,121884
straight_and_level,1834,unable_to_determine,not_functioning,0,3,sideswipe_same_direction,0,16,0,0,2,0,0,0,2,41.891937084,daylight,-87.613776231,4,no_indication_of_injury,2,30,unknown,wet,N LAKE SHORE DR NB,no_controls,ramp,rain,0,2018,128422
straight_on_grade,835,unable_to_determine,no_controls,0,3,sideswipe_same_direction,0,6,0,0,0,3,0,0,4,41.74995378,daylight,-87.701206334,4,nonincapacitating_injury,2,35,no_defects,dry,W 79TH ST,no_controls,divided_-_w/median_barrier,clear,0,2018,125408
straight_and_level,1115,following_too_closely,no_controls,0,4,turning,0,13,0,0,2,0,0,0,2,41.879713978,daylight,-87.725782305,4,no_indication_of_injury,2,30,unknown,dry,S PULASKI RD,no_controls,not_divided,clear,0,2018,120636