alignment,beat,contributory_cause,device_condition,dooring,dow,first_crash_type,hit_and_run,hour,injuries_fatal,injuries_incapacitating,injuries_no_indication,injuries_non_incapacitating,injuries_reported_not_evident,intersection_related,lane_count,latitude,lighting_condition,longitude,month,most_severe_injury,num_units,posted_speed_limit,road_defect,roadway_surface_cond,street,traffic_control_device,trafficway_type,weather_condition,work_zone,year,i
straight_and_level,1122,disregarding_stop_sign,functioning_properly,0,0,angle,0,9,0,2,4,1,0,1,2,41.882818929,daylight,-87.725581771,4,incapacitating_injury,3,30,no_defects,dry,N PULASKI RD,stop_sign/flasher,divided_-_w/median_(not_raised),clear,0,2018,126705
straight_and_level,312,turning_right_on_red,functioning_properly,0,2,fixed_object,0,11,0,0,3,0,0,1,2,41.779947038,daylight,-87.625587861,4,no_indication_of_injury,1,30,no_defects,dry,W 63RD ST,traffic_signal,divided_-_w/median_barrier,clear,0,2018,118897
straight_and_level,1822,physical_condition_of_driver,no_controls,0,4,parked_motor_vehicle,0,15,0,0,0,1,0,0,2,41.903467142,daylight,-87.652624436,4,nonincapacitating_injury,3,35,no_defects,dry,W DIVISION ST,no_controls,not_divided,clear,0,2018,123006
straight_and_level,833,failing_to_yield_right-of-way,no_controls,0,4,parked_motor_vehicle,1,5,0,0,1,0,0,0,1,41.768785024,dawn,-87.720483916,4,no_indication_of_injury,2,30,no_defects,dry,W 68TH PL,no_controls,one-way,clear,0,2018,126829
straight_and_level,631,unable_to_determine,no_controls,0,3,parked_motor_vehicle,1,9,0,0,1,0,0,0,2,41.746151444,daylight,-87.606452124,4,no_indication_of_injury,2,30,no_defects,dry,S EVANS AVE,no_controls,not_divided,clear,0,2018,126770
straight_and_level,1434,unable_to_determine,unknown,0,6,fixed_object,1,1,0,0,5,0,0,0,1,41.910387672,"darkness,_lighted_road",-87.689811135,4,no_indication_of_injury,1,30,no_defects,dry,N CAMPBELL AVE,no_controls,one-way,clear,0,2018,126892
straight_and_level,912,physical_condition_of_driver,no_controls,0,6,parked_motor_vehicle,0,4,0,0,1,0,0,0,2,41.828826981,"darkness,_lighted_road",-87.675389609,4,no_indication_of_injury,4,30,no_defects,dry,S DAMEN AVE,no_controls,not_divided,clear,0,2018,113944
straight_and_level,1834,unable_to_determine,no_controls,0,4,rear_end,0,15,0,0,4,0,0,0,8,41.895781933,daylight,-87.616319701,4,no_indication_of_injury,3,45,no_defects,dry,N LAKE SHORE DR SB,no_controls,divided_-_w/median_barrier,clear,0,2018,113252
straight_and_level,131,unable_to_determine,no_controls,0,1,rear_end,0,17,0,0,2,0,0,0,0,41.866831454,daylight,-87.625669609,4,no_indication_of_injury,2,30,unknown,dry,S WABASH AVE,no_controls,other,clear,0,2018,113277
straight_and_level,1022,improper_turning/no_signal,no_controls,0,1,parked_motor_vehicle,0,14,0,0,1,0,0,0,1,41.864466346,daylight,-87.705465287,4,no_indication_of_injury,2,30,other,dry,W 13TH ST,no_controls,one-way,clear,0,2018,122451
straight_and_level,925,driving_skills/knowledge/experience,no_controls,0,4,parked_motor_vehicle,0,15,0,0,1,0,0,0,2,41.816094825,daylight,-87.644452112,4,no_indication_of_injury,2,30,no_defects,dry,W 43RD ST,no_controls,not_divided,clear,0,2018,118046
straight_and_level,1623,failing_to_yield_right-of-way,functioning_properly,0,3,sideswipe_same_direction,0,7,0,0,2,0,0,0,2,41.967965811,daylight,-87.760652459,4,no_indication_of_injury,2,25,unknown,unknown,N MILWAUKEE AVE,traffic_signal,not_divided,clear,0,2018,112247
straight_and_level,1231,improper_overtaking/passing,no_controls,0,1,sideswipe_same_direction,0,8,0,0,2,0,0,0,2,41.877804187,daylight,-87.666843135,4,no_indication_of_injury,2,30,no_defects,dry,S ASHLAND AVE,no_controls,divided_-_w/median_(not_raised),clear,0,2018,121022
straight_and_level,234,unable_to_determine,functioning_properly,0,1,turning,0,14,0,0,2,0,0,1,2,41.800941976,daylight,-87.587636792,4,no_indication_of_injury,2,30,no_defects,dry,S LAKE PARK AVE,stop_sign/flasher,divided_-_w/median_(not_raised),clear,0,2018,112612
straight_and_level,2221,not_applicable,no_controls,0,6,parked_motor_vehicle,1,1,0,0,1,0,0,0,1,41.721983721,daylight,-87.679512359,4,no_indication_of_injury,2,30,no_defects,dry,S OAKLEY AVE,no_controls,one-way,clear,0,2018,127461
straight_and_level,1232,following_too_closely,functioning_properly,0,5,rear_end,1,17,0,0,1,0,1,0,4,41.869325379,daylight,-87.655578854,4,"reported,_not_evident",2,30,no_defects,dry,W TAYLOR ST,stop_sign/flasher,not_divided,clear,0,2018,116961
straight_and_level,1423,weather,functioning_properly,0,3,rear_end,0,6,0,0,1,0,1,0,1,41.90677579,daylight,-87.687186549,4,"reported,_not_evident",2,30,no_defects,ice,W HIRSCH ST,traffic_signal,one-way,other,0,2018,128231
straight_and_level,1421,"vision_obscured_(signs,_tree_limbs,_buildings,_etc.)",no_controls,0,1,angle,0,19,0,0,3,0,0,0,1,41.916724257,"darkness,_lighted_road",-87.697029766,4,no_indication_of_injury,2,15,other,dry,N CALIFORNIA AVE,no_controls,alley,cloudy/overcast,0,2018,124383
straight_and_level,1831,unable_to_determine,no_controls,0,1,parked_motor_vehicle,1,12,0,0,3,0,0,0,3,41.892465831,daylight,-87.636548181,4,no_indication_of_injury,3,30,no_defects,wet,W OHIO ST,no_controls,one-way,clear,0,2018,119897
straight_and_level,211,failing_to_yield_right-of-way,functioning_properly,0,1,turning,1,21,0,0,2,0,0,1,4,41.831243113,"darkness,_lighted_road",-87.616940536,4,no_indication_of_injury,2,30,no_defects,dry,E 35TH ST,traffic_signal,not_divided,clear,0,2018,126825
straight_and_level,2523,unable_to_determine,no_controls,0,3,parked_motor_vehicle,1,21,0,0,1,0,0,0,4,41.933205615,"darkness,_lighted_road",-87.726870546,4,no_indication_of_injury,3,30,no_defects,wet,N PULASKI RD,no_controls,not_divided,snow,0,2018,119901
straight_and_level,2413,improper_overtaking/passing,no_controls,0,1,parked_motor_vehicle,0,15,0,0,1,0,0,0,2,41.99412107,daylight,-87.696709541,4,no_indication_of_injury,2,25,no_defects,dry,W GRANVILLE AVE,no_controls,not_divided,clear,0,2018,125589
straight_and_level,2413,unable_to_determine,functioning_properly,0,5,rear_end,0,7,0,0,4,0,0,0,4,41.99784707,daylight,-87.676999341,4,no_indication_of_injury,2,30,no_defects,dry,W DEVON AVE,traffic_signal,not_divided,clear,0,2018,114480
straight_and_level,1614,weather,no_controls,0,4,parked_motor_vehicle,0,7,0,0,1,0,0,0,2,41.981134545,daylight,-87.841638423,4,no_indication_of_injury,2,15,no_defects,ice,W BRYN MAWR AVE,no_controls,parking_lot,cloudy/overcast,0,2018,119374
straight_and_level,413,failing_to_reduce_speed_to_avoid_crash,no_controls,0,6,angle,0,13,0,0,2,0,0,0,2,41.731490995,daylight,-87.575730053,5,no_indication_of_injury,2,30,no_defects,dry,S JEFFERY BLVD,stop_sign/flasher,not_divided,clear,0,2018,125318
straight_and_level,1432,following_too_closely,no_controls,0,3,parked_motor_vehicle,1,12,0,0,1,0,0,0,4,41.920952153,daylight,-87.668687531,5,no_indication_of_injury,2,30,no_defects,dry,N ASHLAND AVE,no_controls,divided_-_w/median_barrier,clear,0,2018,111209
straight_and_level,114,improper_overtaking/passing,functioning_properly,0,4,sideswipe_same_direction,0,18,0,0,2,0,0,0,5,41.875757582,daylight,-87.617285776,5,no_indication_of_injury,2,40,unknown,dry,S LAKE SHORE DR NB,traffic_signal,divided_-_w/median_barrier,clear,0,2018,128477
straight_and_level,2411,driving_skills/knowledge/experience,functioning_properly,0,1,angle,0,6,0,0,3,0,0,1,2,42.006838079,daylight,-87.692684993,5,no_indication_of_injury,2,25,no_defects,dry,N CAMPBELL AVE,stop_sign/flasher,other,clear,0,2018,112308
straight_and_level,814,unable_to_determine,functioning_properly,0,6,rear_end,0,22,0,0,2,0,0,1,2,41.81483675,daylight,-87.743501481,5,no_indication_of_injury,2,30,"rut,_holes",dry,S CICERO AVE,traffic_signal,not_divided,clear,0,2018,114083
straight_and_level,921,disregarding_stop_sign,functioning_properly,0,3,angle,0,18,0,0,2,0,0,1,2,41.817294332,daylight,-87.693401175,5,no_indication_of_injury,2,30,no_defects,dry,S FAIRFIELD AVE,stop_sign/flasher,not_divided,clear,0,2018,119292
straight_and_level,1113,improper_turning/no_signal,no_controls,0,2,turning,0,16,0,0,4,1,0,1,2,41.880643788,daylight,-87.742171927,5,nonincapacitating_injury,2,35,unknown,dry,W MADISON ST,no_controls,divided_-_w/median_(not_raised),clear,0,2018,111252
straight_and_level,1533,under_the_influence_of_alcohol/drugs_(use_when_arrest_is_effected),functioning_properly,0,1,angle,0,15,0,0,2,0,0,1,1,41.875096334,daylight,-87.745144779,5,no_indication_of_injury,2,25,no_defects,dry,W VAN BUREN ST,stop_sign/flasher,one-way,clear,0,2018,126933
straight_and_level,1422,equipment_-_vehicle_condition,no_controls,0,3,fixed_object,0,11,0,0,1,0,0,0,0,41.917235447,daylight,-87.711658552,5,no_indication_of_injury,1,30,no_defects,dry,W ARMITAGE AVE,no_controls,parking_lot,clear,0,2018,116623
straight_and_level,1621,unable_to_determine,no_controls,0,1,sideswipe_same_direction,0,15,0,0,2,0,0,0,4,41.993312337,daylight,-87.758434576,5,no_indication_of_injury,2,30,unknown,unknown,N CALDWELL AVE,no_controls,not_divided,unknown,0,2018,116695
straight_and_level,1034,unable_to_determine,no_controls,0,6,parked_motor_vehicle,1,22,0,0,1,0,0,0,2,41.848223472,unknown,-87.69062475,5,no_indication_of_injury,2,30,no_defects,unknown,W 24TH ST,unknown,not_divided,rain,0,2018,113186
straight_and_level,422,failing_to_yield_right-of-way,functioning_properly,0,2,turning,0,0,0,2,1,0,0,1,4,41.751239181,"darkness,_lighted_road",-87.545841872,5,incapacitating_injury,2,30,no_defects,dry,S LAKE SHORE DR,traffic_signal,divided_-_w/median_(not_raised),clear,0,2018,125709
straight_and_level,614,disregarding_stop_sign,functioning_properly,0,6,angle,0,15,0,0,2,1,0,1,3,41.744872935,daylight,-87.658589562,5,nonincapacitating_injury,2,20,no_defects,wet,S LOOMIS BLVD,stop_sign/flasher,not_divided,cloudy/overcast,0,2018,127192
straight_and_level,831,failing_to_reduce_speed_to_avoid_crash,no_controls,0,0,parked_motor_vehicle,0,18,0,0,1,0,0,0,2,41.762163319,daylight,-87.700450997,5,no_indication_of_injury,2,20,no_defects,dry,S ALBANY AVE,no_controls,not_divided,clear,0,2018,115003
straight_and_level,633,unable_to_determine,functioning_properly,0,3,rear_end,0,7,0,0,2,0,0,0,2,41.722085221,daylight,-87.609250132,5,no_indication_of_injury,2,30,no_defects,wet,E 95TH ST,traffic_signal,not_divided,cloudy/overcast,0,2018,113179
straight_and_level,1231,improper_overtaking/passing,no_controls,0,0,sideswipe_same_direction,0,12,0,0,2,0,0,0,2,41.87646123,daylight,-87.666794722,5,no_indication_of_injury,2,30,no_defects,wet,W VAN BUREN ST,no_controls,one-way,rain,0,2018,124255
straight_and_level,1622,improper_backing,no_controls,0,3,rear_end,0,12,0,0,2,0,0,0,1,41.985285546,daylight,-87.776335878,5,no_indication_of_injury,2,30,no_defects,dry,N MILWAUKEE AVE,no_controls,other,clear,0,2018,124000
straight_and_level,1924,failing_to_yield_right-of-way,no_controls,0,6,sideswipe_same_direction,0,22,0,0,3,0,0,0,2,41.943659495,"darkness,_lighted_road",-87.64952321,5,no_indication_of_injury,2,30,unknown,dry,N HALSTED ST,no_controls,not_divided,clear,0,2018,126663
straight_and_level,1112,following_too_closely,functioning_properly,0,4,rear_end,0,14,0,0,3,0,0,0,2,41.89525854,daylight,-87.726017533,5,no_indication_of_injury,2,30,no_defects,dry,W CHICAGO AVE,traffic_signal,not_divided,clear,0,2018,127325
straight_and_level,2535,unable_to_determine,no_controls,0,6,parked_motor_vehicle,1,23,0,0,1,0,0,0,2,41.906228406,unknown,-87.719997296,5,no_indication_of_injury,2,25,no_defects,other,W HIRSCH ST,no_controls,not_divided,clear,0,2018,119189
"curve,_level",434,weather,no_controls,0,1,fixed_object,0,12,0,0,1,0,0,0,2,41.695484243,daylight,-87.576794022,5,no_indication_of_injury,1,30,no_defects,wet,S STONY ISLAND AVE,no_controls,not_divided,rain,0,2018,114584
straight_and_level,1834,unable_to_determine,no_controls,0,0,sideswipe_same_direction,1,20,0,0,2,0,0,0,6,41.891975608,"darkness,_lighted_road",-87.614580271,5,no_indication_of_injury,2,30,no_defects,dry,N LAKE SHORE DR,no_controls,divided_-_w/median_barrier,clear,0,2018,117423
straight_and_level,1932,improper_overtaking/passing,no_controls,0,3,sideswipe_same_direction,0,11,0,0,3,0,0,0,4,41.936915607,daylight,-87.66841538,5,no_indication_of_injury,2,35,no_defects,dry,N ASHLAND AVE,no_controls,divided_-_w/median_barrier,clear,0,2018,126870
straight_and_level,1923,improper_lane_usage,functioning_properly,0,6,pedalcyclist,0,14,0,0,2,1,0,0,2,41.954168583,daylight,-87.65468311,5,nonincapacitating_injury,2,30,unknown,wet,N SHERIDAN RD,traffic_signal,not_divided,rain,0,2018,131422
straight_and_level,1422,improper_overtaking/passing,no_controls,0,1,sideswipe_same_direction,0,8,0,0,2,0,0,0,2,41.904912303,daylight,-87.70700296,5,no_indication_of_injury,2,30,no_defects,wet,N KEDZIE AVE,no_controls,not_divided,rain,0,2018,112536
straight_and_level,1914,unable_to_determine,no_controls,0,3,parked_motor_vehicle,1,16,0,0,1,0,0,0,2,41.966389497,daylight,-87.64200454,5,no_indication_of_injury,2,30,no_defects,dry,N SIMONDS DR,no_controls,not_divided,clear,0,2018,127620
straight_and_level,2413,following_too_closely,functioning_properly,0,5,rear_end,0,2,0,0,2,0,0,0,4,41.990729218,"darkness,_lighted_road",-87.682979454,5,no_indication_of_injury,2,30,no_defects,dry,W PETERSON AVE,traffic_signal,not_divided,clear,0,2018,126205
straight_and_level,411,improper_lane_usage,no_controls,0,4,sideswipe_same_direction,0,17,0,0,2,0,0,0,4,41.756828014,daylight,-87.58671904,5,no_indication_of_injury,2,30,no_defects,dry,E 76TH ST,no_controls,not_divided,clear,0,2018,128454
straight_and_level,222,improper_overtaking/passing,no_controls,0,1,turning,0,18,0,0,2,0,0,0,1,41.802421907,dawn,-87.60162671,5,no_indication_of_injury,2,30,no_defects,dry,E HYDE PARK BLVD,no_controls,not_divided,clear,0,2018,113322
straight_and_level,2522,unable_to_determine,no_controls,0,2,parked_motor_vehicle,1,7,0,0,1,0,0,0,1,41.921919497,daylight,-87.754999693,5,no_indication_of_injury,2,30,no_defects,wet,N LEAMINGTON AVE,no_controls,one-way,clear,0,2018,127598
straight_and_level,831,unable_to_determine,no_controls,0,1,parked_motor_vehicle,1,0,0,0,1,0,0,0,1,41.773256699,darkness,-87.689437673,5,no_indication_of_injury,3,25,no_defects,wet,S TALMAN AVE,no_controls,one-way,rain,0,2018,115921
straight_and_level,924,unable_to_determine,no_controls,0,5,rear_end,0,15,0,0,1,0,0,0,0,41.810245401,daylight,-87.674529722,5,no_indication_of_injury,2,0,no_defects,dry,S DAMEN AVE,no_controls,parking_lot,clear,0,2018,123985
straight_and_level,1611,unable_to_determine,functioning_properly,0,4,rear_end,1,17,0,0,2,0,0,0,4,41.997463981,daylight,-87.787610243,5,no_indication_of_injury,2,30,no_defects,dry,W DEVON AVE,traffic_signal,divided_-_w/median_(not_raised),clear,0,2018,123220
straight_and_level,1632,exceeding_authorized_speed_limit,no_controls,0,2,angle,1,9,0,0,2,0,0,0,1,41.95215796,daylight,-87.805902682,5,no_indication_of_injury,2,30,no_defects,dry,N NEVA AVE,no_controls,one-way,clear,0,2018,124690
straight_and_level,1531,following_too_closely,functioning_properly,0,1,rear_end,0,16,0,0,2,0,0,0,2,41.898747503,daylight,-87.750137868,5,no_indication_of_injury,2,30,unknown,dry,W AUGUSTA BLVD,traffic_signal,not_divided,clear,0,2018,117430
straight_and_level,235,unable_to_determine,no_controls,0,4,rear_end,0,13,0,0,2,0,0,0,4,41.794955127,daylight,-87.59668079,5,no_indication_of_injury,2,30,no_defects,dry,E 55TH ST,no_controls,divided_-_w/median_(not_raised),clear,0,2018,117229
straight_and_level,723,failing_to_reduce_speed_to_avoid_crash,no_controls,0,4,rear_end,1,17,0,0,2,0,0,0,2,41.76954661,daylight,-87.64467075,5,no_indication_of_injury,2,30,no_defects,dry,S HALSTED ST,no_controls,divided_-_w/median_(not_raised),clear,0,2018,111425
straight_and_level,222,unable_to_determine,no_controls,0,6,angle,0,14,0,0,2,0,0,1,2,41.809522053,daylight,-87.599410648,5,no_indication_of_injury,2,35,no_defects,dry,S GREENWOOD AVE,stop_sign/flasher,not_divided,clear,0,2018,123163
straight_and_level,1011,improper_overtaking/passing,functioning_properly,0,5,sideswipe_same_direction,1,15,0,0,2,0,0,0,1,41.864366479,daylight,-87.731294305,5,no_indication_of_injury,2,30,unknown,dry,W 13TH ST,stop_sign/flasher,one-way,clear,0,2018,119886
straight_and_level,1131,following_too_closely,functioning_properly,0,3,rear_end,0,9,0,0,2,0,0,0,4,41.869743607,daylight,-87.734945884,5,no_indication_of_injury,2,30,no_defects,dry,S KOSTNER AVE,traffic_signal,divided_-_w/median_(not_raised),cloudy/overcast,0,2018,122871
straight_and_level,1712,disregarding_other_traffic_signs,no_controls,0,2,angle,0,13,0,0,2,0,0,1,2,41.970152376,daylight,-87.728230408,5,no_indication_of_injury,2,10,no_defects,dry,N PULASKI RD,no_controls,alley,clear,0,2018,118489
straight_and_level,613,improper_lane_usage,no_controls,0,1,sideswipe_same_direction,0,11,0,0,2,0,0,0,4,41.736077949,daylight,-87.65098001,5,no_indication_of_injury,2,30,no_defects,dry,W 87TH ST,no_controls,not_divided,clear,0,2018,125541
straight_and_level,1433,unable_to_determine,functioning_properly,0,5,turning,0,11,0,0,2,0,0,0,4,41.916140287,daylight,-87.671646266,5,no_indication_of_injury,2,20,no_defects,dry,N HERMITAGE AVE,stop_sign/flasher,divided_-_w/median_(not_raised),clear,0,2018,112511
straight_and_level,731,unable_to_determine,no_controls,0,4,pedestrian,0,18,0,0,1,0,1,0,4,41.761134443,daylight,-87.629807017,5,"reported,_not_evident",2,30,unknown,dry,S VINCENNES AVE,no_controls,not_divided,clear,0,2018,121682
straight_and_level,231,failing_to_yield_right-of-way,no_controls,0,1,turning,0,10,0,0,2,0,0,0,2,41.80198381,daylight,-87.61789128,5,no_indication_of_injury,2,30,no_defects,wet,S CALUMET AVE,no_controls,not_divided,rain,0,2018,126103
"curve,_level",1921,unable_to_determine,functioning_properly,0,4,sideswipe_opposite_direction,0,7,0,0,3,0,0,0,2,41.941426293,daylight,-87.690799301,5,no_indication_of_injury,2,15,no_defects,dry,N CAMPBELL AVE,stop_sign/flasher,divided_-_w/median_(not_raised),clear,0,2018,113210
straight_and_level,1523,failing_to_yield_right-of-way,functioning_properly,0,4,turning,0,9,0,0,1,1,0,1,2,41.887314187,daylight,-87.755369443,5,nonincapacitating_injury,2,30,no_defects,dry,W LAKE ST,traffic_signal,not_divided,clear,0,2018,117739
straight_and_level,1511,unable_to_determine,no_controls,0,3,rear_end,0,12,0,0,2,0,0,0,2,41.892769719,daylight,-87.774918116,5,no_indication_of_injury,2,30,no_defects,dry,N AUSTIN BLVD,no_controls,divided_-_w/median_(not_raised),clear,0,2018,127237
straight_and_level,833,failing_to_yield_right-of-way,no_controls,0,4,sideswipe_same_direction,0,16,0,0,2,0,0,0,4,41.760388239,daylight,-87.741627169,5,no_indication_of_injury,2,30,no_defects,dry,S CICERO AVE,no_controls,divided_-_w/median_(not_raised),clear,0,2018,128236
straight_and_level,132,failing_to_yield_right-of-way,functioning_properly,0,3,angle,0,19,0,0,2,0,0,1,4,41.854235514,daylight,-87.622399682,5,no_indication_of_injury,2,30,no_defects,dry,S INDIANA AVE,stop_sign/flasher,divided_-_w/median_(not_raised),clear,0,2018,114147
straight_and_level,1235,not_applicable,no_controls,0,1,parked_motor_vehicle,0,7,0,0,1,0,0,0,2,41.851431225,daylight,-87.64660539,5,no_indication_of_injury,2,30,no_defects,wet,S HALSTED ST,no_controls,not_divided,rain,0,2018,118264
straight_and_level,1912,improper_overtaking/passing,no_controls,0,4,parked_motor_vehicle,1,13,0,0,1,0,0,0,2,41.956694319,daylight,-87.676255538,5,no_indication_of_injury,2,30,unknown,unknown,N WOLCOTT AVE,no_controls,not_divided,clear,0,2018,113532
straight_and_level,212,equipment_-_vehicle_condition,functioning_properly,0,4,sideswipe_same_direction,0,19,0,0,3,0,0,0,2,41.824744314,dusk,-87.611234438,5,no_indication_of_injury,2,30,no_defects,dry,E 38TH PL,stop_sign/flasher,not_divided,clear,0,2018,112986
straight_and_level,833,improper_turning/no_signal,functioning_properly,0,3,turning,0,8,0,0,3,0,2,1,2,41.771352908,daylight,-87.732182918,5,"reported,_not_evident",2,30,no_defects,dry,S KOSTNER AVE,traffic_signal,not_divided,clear,0,2018,122178
straight_and_level,1034,driving_skills/knowledge/experience,functioning_properly,0,3,turning,0,14,0,0,2,2,0,0,2,41.851857985,daylight,-87.695297806,5,nonincapacitating_injury,5,30,no_defects,dry,S CALIFORNIA AVE,traffic_signal,divided_-_w/median_(not_raised),clear,0,2018,128610
straight_and_level,711,unable_to_determine,no_controls,0,2,sideswipe_same_direction,0,15,0,0,7,0,0,0,2,41.793228298,daylight,-87.631951262,5,no_indication_of_injury,2,30,no_defects,dry,S WELLS ST,no_controls,one-way,clear,0,2018,123363
straight_and_level,2212,"operating_vehicle_in_erratic,_reckless,_careless,_negligent_or_aggressive_manner",functioning_properly,0,5,rear_end,1,17,0,0,2,1,0,1,2,41.684412789,daylight,-87.681071049,5,nonincapacitating_injury,3,30,no_defects,dry,S WESTERN AVE,traffic_signal,divided_-_w/median_barrier,clear,0,2018,136286
straight_and_level,2511,improper_backing,no_controls,0,0,parked_motor_vehicle,1,19,0,0,1,0,0,0,2,41.931294137,dusk,-87.779472458,5,no_indication_of_injury,2,30,no_defects,dry,N MOODY AVE,no_controls,not_divided,clear,0,2018,124819
straight_and_level,2512,distraction_-_from_inside_vehicle,no_controls,0,4,parked_motor_vehicle,0,1,0,0,2,0,0,0,4,41.921779681,"darkness,_lighted_road",-87.78162945,5,no_indication_of_injury,2,30,no_defects,dry,W GRAND AVE,no_controls,not_divided,clear,0,2018,117583
straight_and_level,1824,unable_to_determine,functioning_properly,0,1,sideswipe_same_direction,0,16,0,0,2,0,0,1,2,41.900615096,daylight,-87.631498753,5,no_indication_of_injury,2,30,no_defects,dry,N CLARK ST,traffic_signal,one-way,clear,0,2018,128030
straight_and_level,1011,cell_phone_use_other_than_texting,no_controls,0,2,rear_end,0,13,0,0,2,0,0,0,2,41.864251194,daylight,-87.72526279,5,no_indication_of_injury,2,25,no_defects,dry,S PULASKI RD,no_controls,divided_-_w/median_(not_raised),clear,0,2018,113877
straight_and_level,1033,unable_to_determine,no_controls,0,1,turning,0,14,0,0,2,0,0,0,2,41.846451554,daylight,-87.704849415,5,no_indication_of_injury,2,30,no_defects,dry,W 25TH ST,no_controls,not_divided,clear,0,2018,112805
straight_and_level,234,unable_to_determine,no_controls,0,1,parked_motor_vehicle,1,13,0,0,1,0,0,0,1,41.795623188,daylight,-87.589545651,5,no_indication_of_injury,3,30,no_defects,wet,E 55TH ST,no_controls,other,rain,0,2018,116652
straight_and_level,321,disregarding_traffic_signals,functioning_properly,0,6,turning,0,16,0,0,2,0,1,1,4,41.775278883,daylight,-87.586437063,5,"reported,_not_evident",2,30,no_defects,dry,S STONY ISLAND AVE,traffic_signal,divided_-_w/median_barrier,cloudy/overcast,0,2018,126492
straight_and_level,1234,unable_to_determine,unknown,0,5,turning,0,13,0,0,2,0,0,0,4,41.852142074,daylight,-87.685518262,5,no_indication_of_injury,2,30,no_defects,dry,W CERMAK RD,unknown,not_divided,clear,0,2018,120044
straight_and_level,1623,not_applicable,functioning_properly,0,0,sideswipe_same_direction,0,14,0,0,2,0,0,1,1,41.964782886,daylight,-87.7582487,5,no_indication_of_injury,2,30,no_defects,dry,N MILWAUKEE AVE,traffic_signal,not_divided,clear,0,2018,122192
straight_and_level,1634,failing_to_yield_right-of-way,functioning_properly,0,3,turning,0,11,0,1,1,0,0,1,4,41.946163524,daylight,-87.747215169,5,incapacitating_injury,2,35,no_defects,dry,N CICERO AVE,traffic_signal,divided_-_w/median_(not_raised),clear,0,2018,115782
straight_and_level,1034,unable_to_determine,no_controls,0,2,turning,0,16,0,0,2,0,0,0,0,41.8413518,daylight,-87.683075628,5,no_indication_of_injury,3,30,no_defects,dry,W 28TH ST,no_controls,not_divided,clear,0,2018,112518
straight_and_level,824,unable_to_determine,no_controls,0,2,sideswipe_same_direction,1,9,0,0,1,0,0,0,1,41.785586351,daylight,-87.686107462,5,no_indication_of_injury,2,25,no_defects,dry,S CAMPBELL AVE,no_controls,one-way,clear,0,2018,112210
straight_and_level,123,improper_overtaking/passing,functioning_properly,0,2,sideswipe_same_direction,0,13,0,0,2,0,0,0,4,41.875530417,daylight,-87.627568884,5,no_indication_of_injury,2,35,no_defects,dry,E CONGRESS PKWY,traffic_signal,divided_-_w/median_(not_raised),clear,0,2018,118870
straight_and_level,811,unable_to_determine,no_controls,0,3,sideswipe_same_direction,0,10,0,0,2,0,0,0,3,41.795688053,daylight,-87.801459671,5,no_indication_of_injury,2,30,no_defects,dry,S HARLEM AVE,no_controls,not_divided,clear,0,2018,117011
straight_and_level,211,unable_to_determine,no_controls,0,1,rear_end,1,11,0,0,2,0,0,0,1,41.836187355,daylight,-87.607679031,5,no_indication_of_injury,2,0,no_defects,dry,S LAKE SHORE DR NB,no_controls,not_divided,clear,0,2018,116569
straight_and_level,1424,following_too_closely,functioning_improperly,0,0,rear_end,0,23,0,0,3,0,1,0,4,41.903128739,"darkness,_lighted_road",-87.686909128,5,"reported,_not_evident",2,30,no_defects,dry,W DIVISION ST,traffic_signal,divided_-_w/median_(not_raised),clear,0,2018,111315
straight_and_level,1723,unable_to_determine,no_controls,0,0,parked_motor_vehicle,1,3,0,0,1,0,0,0,1,41.966407119,"darkness,_lighted_road",-87.719187837,5,no_indication_of_injury,2,20,unknown,unknown,W LELAND AVE,no_controls,one-way,clear,0,2018,111206
straight_and_level,1022,unable_to_determine,no_controls,0,3,parked_motor_vehicle,0,11,0,0,1,0,0,0,1,41.861119622,daylight,-87.695895939,5,no_indication_of_injury,2,20,no_defects,dry,S CALIFORNIA BLVD,no_controls,one-way,clear,0,2018,117721
straight_and_level,1724,improper_backing,no_controls,0,0,parked_motor_vehicle,1,11,0,0,1,0,0,0,1,41.961868404,daylight,-87.704746426,5,no_indication_of_injury,2,30,no_defects,dry,N WHIPPLE ST,no_controls,one-way,clear,0,2018,126784
straight_and_level,232,not_applicable,no_controls,0,1,parked_motor_vehicle,1,12,0,0,1,0,0,0,0,41.790465878,daylight,-87.618968914,5,no_indication_of_injury,3,30,no_defects,other,S PRAIRIE AVE,no_controls,parking_lot,clear,0,2018,126165
straight_and_level,2535,improper_overtaking/passing,functioning_properly,0,3,turning,0,8,0,0,2,0,0,0,2,41.916964255,daylight,-87.726402386,5,no_indication_of_injury,2,30,no_defects,wet,N PULASKI RD,traffic_signal,not_divided,clear,0,2018,117796
straight_and_level,233,unable_to_determine,no_controls,0,4,turning,0,13,0,0,2,0,0,0,2,41.786432658,daylight,-87.607380403,5,no_indication_of_injury,2,30,no_defects,dry,S PAYNE DR,no_controls,not_divided,clear,0,2018,113779