alignment,beat,contributory_cause,device_condition,dooring,dow,first_crash_type,hit_and_run,hour,injuries_fatal,injuries_incapacitating,injuries_no_indication,injuries_non_incapacitating,injuries_reported_not_evident,intersection_related,lane_count,latitude,lighting_condition,longitude,month,most_severe_injury,num_units,posted_speed_limit,road_defect,roadway_surface_cond,street,traffic_control_device,trafficway_type,weather_condition,work_zone,year,i
straight_and_level,215,improper_turning/no_signal,functioning_properly,0,3,sideswipe_same_direction,0,16,0,0,2,0,0,1,2,41.813120662,daylight,-87.621462047,5,no_indication_of_injury,2,30,no_defects,dry,S INDIANA AVE,traffic_signal,not_divided,clear,0,2018,114122
straight_and_level,1623,disregarding_road_markings,functioning_properly,0,5,pedestrian,0,17,0,0,1,1,0,0,2,41.969624803,daylight,-87.762444152,5,nonincapacitating_injury,2,30,no_defects,dry,N MILWAUKEE AVE,other_reg._sign,divided_-_w/median_(not_raised),clear,0,2018,126786
straight_and_level,822,unable_to_determine,no_controls,0,0,turning,0,13,0,0,3,0,0,0,2,41.786929561,daylight,-87.710829056,5,no_indication_of_injury,3,30,no_defects,dry,W 58TH PL,no_controls,not_divided,cloudy/overcast,0,2018,118346
straight_and_level,2212,weather,no_controls,0,3,fixed_object,0,20,0,0,1,0,0,0,1,41.702992694,"darkness,_lighted_road",-87.666193344,5,no_indication_of_injury,1,20,no_defects,wet,W 105TH ST,no_controls,alley,rain,0,2018,132352
straight_and_level,815,following_too_closely,functioning_properly,0,6,rear_end,1,22,0,0,2,0,0,0,2,41.807971941,"darkness,_lighted_road",-87.723736201,5,no_indication_of_injury,2,30,no_defects,dry,S PULASKI RD,traffic_signal,center_turn_lane,clear,0,2018,113943
straight_and_level,122,failing_to_yield_right-of-way,functioning_properly,0,5,sideswipe_same_direction,1,16,0,0,3,0,0,0,6,41.886978609,daylight,-87.635429642,5,no_indication_of_injury,2,30,no_defects,dry,W WACKER DR,traffic_signal,divided_-_w/median_barrier,clear,0,2018,126234
straight_and_level,1021,unable_to_determine,no_controls,0,1,parked_motor_vehicle,0,21,0,0,2,0,0,0,2,41.862313171,"darkness,_lighted_road",-87.713199237,5,no_indication_of_injury,2,30,"rut,_holes",dry,W DOUGLAS BLVD,no_controls,one-way,clear,0,2018,111392
straight_and_level,2022,following_too_closely,functioning_properly,0,1,rear_end,0,16,0,0,2,0,0,1,4,41.986761534,daylight,-87.655432344,5,no_indication_of_injury,2,30,no_defects,dry,N SHERIDAN RD,traffic_signal,divided_-_w/median_(not_raised),clear,0,2018,123545
straight_and_level,1113,distraction_-_from_outside_vehicle,no_controls,0,4,fixed_object,0,16,0,0,0,0,1,0,2,41.886290077,daylight,-87.742134151,5,"reported,_not_evident",1,35,unknown,unknown,W LAKE ST,no_controls,not_divided,clear,0,2018,122365
straight_and_level,121,improper_turning/no_signal,functioning_properly,0,3,parked_motor_vehicle,0,13,0,0,2,0,0,0,2,41.87817183,daylight,-87.638273075,5,no_indication_of_injury,2,30,no_defects,dry,W JACKSON BLVD,traffic_signal,one-way,clear,0,2018,116779
straight_and_level,1834,following_too_closely,functioning_properly,0,4,rear_end,0,18,0,0,2,0,0,0,1,41.892366296,daylight,-87.627675512,5,no_indication_of_injury,2,30,no_defects,dry,E OHIO ST,traffic_signal,divided_-_w/median_(not_raised),clear,0,2018,115826
straight_and_level,312,unable_to_determine,no_controls,0,1,rear_end,0,15,0,0,1,0,1,0,2,41.77308031,daylight,-87.615392622,5,"reported,_not_evident",2,30,unknown,dry,E MARQUETTE RD,no_controls,divided_-_w/median_(not_raised),clear,0,2018,121395
straight_and_level,623,improper_backing,unknown,0,4,rear_end,0,15,0,0,2,0,0,0,2,41.757636416,daylight,-87.628135976,5,no_indication_of_injury,2,30,no_defects,dry,S PERRY AVE,unknown,one-way,clear,0,2018,113968
straight_and_level,2223,improper_turning/no_signal,no_controls,0,5,turning,0,7,0,0,2,0,0,0,2,41.721365061,daylight,-87.643358042,5,no_indication_of_injury,2,30,no_defects,dry,S HALSTED ST,no_controls,divided_-_w/median_barrier,clear,0,2018,126815
straight_and_level,1925,failing_to_yield_right-of-way,no_controls,0,6,sideswipe_same_direction,0,16,0,0,3,0,0,0,3,41.948148559,daylight,-87.644547739,5,no_indication_of_injury,2,30,unknown,unknown,W ADDISON ST,no_controls,not_divided,clear,0,2018,120230
straight_and_level,811,unable_to_determine,no_controls,0,3,angle,0,7,0,0,2,0,0,0,2,41.78495121,daylight,-87.781684004,5,no_indication_of_injury,2,25,no_defects,dry,S NARRAGANSETT AVE,no_controls,divided_-_w/median_(not_raised),clear,0,2018,116069
straight_and_level,2512,improper_backing,no_controls,0,4,parked_motor_vehicle,0,6,0,0,1,0,0,0,1,41.923902742,daylight,-87.796621155,5,no_indication_of_injury,2,20,no_defects,wet,N NEWCASTLE AVE,no_controls,one-way,rain,0,2018,111149
straight_and_level,2211,unable_to_determine,functioning_properly,0,3,turning,1,18,0,0,3,0,0,1,1,41.706088266,daylight,-87.716077154,5,no_indication_of_injury,2,30,no_defects,dry,W 103RD ST,traffic_signal,not_divided,clear,0,2018,125796
straight_and_level,113,unable_to_determine,no_controls,0,2,parked_motor_vehicle,1,11,0,0,1,0,0,0,2,41.875750715,daylight,-87.626175521,5,no_indication_of_injury,2,30,no_defects,dry,S WABASH AVE,no_controls,one-way,clear,0,2018,127456
straight_and_level,1413,disregarding_stop_sign,functioning_properly,0,4,angle,1,9,0,0,2,0,0,0,2,41.926331388,daylight,-87.712300078,5,no_indication_of_injury,2,35,no_defects,wet,N KIMBALL AVE,stop_sign/flasher,divided_-_w/median_(not_raised),clear,0,2018,115205
straight_and_level,1013,failing_to_reduce_speed_to_avoid_crash,functioning_properly,0,2,rear_end,0,9,0,0,2,0,0,0,4,41.850083879,daylight,-87.727941203,5,no_indication_of_injury,2,30,shoulder_defect,dry,W OGDEN AVE,traffic_signal,not_divided,clear,0,2018,119336
straight_and_level,921,under_the_influence_of_alcohol/drugs_(use_when_arrest_is_effected),no_controls,0,6,parked_motor_vehicle,0,3,0,0,1,0,0,0,1,41.815747681,"darkness,_lighted_road",-87.688383036,5,no_indication_of_injury,3,30,no_defects,wet,W POPE JOHN PAUL II DR,no_controls,one-way,clear,0,2018,128134
straight_and_level,1622,following_too_closely,no_controls,0,2,rear_end,0,14,0,0,2,0,0,0,2,41.962080889,daylight,-87.776930878,5,no_indication_of_injury,2,30,no_defects,dry,N AUSTIN AVE,stop_sign/flasher,not_divided,clear,0,2018,111993
straight_and_level,2012,following_too_closely,functioning_properly,0,6,rear_end,0,19,0,0,2,0,0,0,4,41.97600184,"darkness,_lighted_road",-87.689092635,5,no_indication_of_injury,2,30,unknown,dry,W FOSTER AVE,traffic_signal,not_divided,clear,0,2018,125612
straight_and_level,1622,following_too_closely,no_controls,0,4,rear_end,0,15,0,0,3,0,0,0,2,41.960359121,daylight,-87.784513469,5,no_indication_of_injury,3,30,no_defects,dry,W MONTROSE AVE,no_controls,not_divided,clear,0,2018,128018
straight_and_level,1934,unable_to_determine,no_controls,0,1,sideswipe_same_direction,0,8,0,0,2,0,0,0,4,41.932902467,daylight,-87.636373165,5,no_indication_of_injury,2,35,no_defects,dry,N LAKE SHORE DR,no_controls,one-way,clear,0,2018,112479
straight_and_level,413,driving_skills/knowledge/experience,no_controls,0,4,fixed_object,0,9,0,0,0,1,0,0,8,41.727061987,daylight,-87.585584859,5,nonincapacitating_injury,1,30,no_defects,dry,S STONY ISLAND AVE,no_controls,divided_-_w/median_barrier,clear,0,2018,124901
"curve,_level",1722,unable_to_determine,no_controls,0,4,sideswipe_same_direction,1,13,0,0,2,0,0,0,4,41.960684905,daylight,-87.747384248,5,no_indication_of_injury,2,30,no_defects,dry,N CICERO AVE,no_controls,divided_-_w/median_(not_raised),clear,0,2018,116535
straight_and_level,312,unable_to_determine,no_controls,0,2,parked_motor_vehicle,1,9,0,0,1,0,0,0,4,41.778597183,unknown,-87.615441388,5,no_indication_of_injury,2,30,no_defects,dry,S DR MARTIN LUTHER KING JR DR,no_controls,not_divided,clear,0,2018,115354
straight_and_level,923,following_too_closely,no_controls,0,6,rear_end,1,19,0,0,3,0,0,1,4,41.803029726,dusk,-87.684420375,5,no_indication_of_injury,2,30,no_defects,dry,S WESTERN AVE,no_controls,divided_-_w/median_barrier,clear,0,2018,125763
straight_and_level,2011,unable_to_determine,no_controls,0,3,parked_motor_vehicle,1,13,0,0,1,0,0,0,2,41.979936956,daylight,-87.691899988,5,no_indication_of_injury,2,30,no_defects,dry,N CAMPBELL AVE,no_controls,one-way,clear,0,2018,116770
straight_and_level,1711,improper_turning/no_signal,functioning_properly,0,1,turning,0,9,0,0,2,0,0,0,2,41.994542305,daylight,-87.713896784,5,no_indication_of_injury,2,30,no_defects,dry,N LINCOLN AVE,traffic_signal,not_divided,clear,0,2018,112092
straight_and_level,1925,"vision_obscured_(signs,_tree_limbs,_buildings,_etc.)",no_controls,0,5,parked_motor_vehicle,0,8,0,0,1,0,0,0,2,41.953048412,daylight,-87.646464658,5,no_indication_of_injury,2,30,unknown,dry,W SHERIDAN RD,no_controls,divided_-_w/median_(not_raised),clear,0,2018,119522
straight_and_level,832,improper_overtaking/passing,functioning_properly,0,5,sideswipe_same_direction,1,3,0,0,5,0,0,0,6,41.771486576,daylight,-87.683576546,5,no_indication_of_injury,2,25,no_defects,dry,S WESTERN AVE,traffic_signal,not_divided,cloudy/overcast,0,2018,125355
straight_and_level,231,disregarding_stop_sign,functioning_properly,0,4,angle,0,3,0,0,2,0,0,1,2,41.801957001,darkness,-87.619550586,5,no_indication_of_injury,2,30,no_defects,dry,S PRAIRIE AVE,stop_sign/flasher,not_divided,clear,0,2018,126758
straight_and_level,2433,unable_to_determine,no_controls,0,1,rear_end,0,8,0,0,2,0,0,0,2,41.997878882,daylight,-87.675247003,5,no_indication_of_injury,2,25,unknown,wet,W DEVON AVE,no_controls,not_divided,rain,0,2018,122081
straight_and_level,2514,improper_turning/no_signal,no_controls,0,4,parked_motor_vehicle,0,7,0,0,1,0,0,0,1,41.92879067,daylight,-87.756515855,5,no_indication_of_injury,2,25,no_defects,dry,W DRUMMOND PL,no_controls,one-way,clear,0,2018,111247
straight_and_level,2012,improper_lane_usage,no_controls,0,5,turning,1,22,0,0,3,0,0,0,4,41.990678521,"darkness,_lighted_road",-87.672299815,5,no_indication_of_injury,3,35,no_defects,dry,W PETERSON AVE,no_controls,not_divided,clear,0,2018,120228
straight_and_level,212,unable_to_determine,no_controls,0,3,parked_motor_vehicle,0,15,0,0,1,0,0,0,1,41.825274444,daylight,-87.61717189,5,no_indication_of_injury,2,30,no_defects,dry,S DR MARTIN LUTHER KING JR DR,no_controls,one-way,clear,0,2018,114225
straight_and_level,1934,improper_overtaking/passing,functioning_properly,0,5,parked_motor_vehicle,0,14,0,0,1,0,0,0,1,41.938800382,daylight,-87.6442956,5,no_indication_of_injury,2,30,unknown,dry,W BRIAR PL,stop_sign/flasher,one-way,clear,0,2018,112245
straight_and_level,824,failing_to_yield_right-of-way,functioning_properly,0,3,turning,0,11,0,0,4,0,0,0,4,41.793370554,daylight,-87.684175377,5,no_indication_of_injury,2,20,no_defects,dry,S WESTERN AVE,traffic_signal,not_divided,clear,0,2018,116528
straight_and_level,1433,improper_overtaking/passing,functioning_properly,0,6,sideswipe_same_direction,1,10,0,0,2,0,0,0,4,41.910819207,daylight,-87.661934471,5,no_indication_of_injury,2,30,no_defects,wet,W NORTH AVE,traffic_signal,divided_-_w/median_(not_raised),clear,0,2018,124522
straight_and_level,813,following_too_closely,no_controls,0,3,rear_end,0,18,0,0,2,0,0,0,2,41.791205308,daylight,-87.733051593,5,no_indication_of_injury,2,20,no_defects,dry,S KOSTNER AVE,no_controls,not_divided,clear,0,2018,119421
straight_and_level,321,improper_backing,no_controls,0,4,sideswipe_opposite_direction,0,16,0,0,2,0,0,0,4,41.773638557,daylight,-87.586445519,5,no_indication_of_injury,2,30,no_defects,dry,S STONY ISLAND AVE,no_controls,not_divided,clear,0,2018,122707
straight_and_level,1633,not_applicable,no_controls,0,6,parked_motor_vehicle,1,15,0,0,1,0,0,0,2,41.940734363,daylight,-87.763974124,5,no_indication_of_injury,2,30,unknown,dry,N LINDER AVE,no_controls,not_divided,clear,0,2018,118818
straight_and_level,2432,failing_to_yield_right-of-way,functioning_properly,0,3,pedalcyclist,0,17,0,0,4,0,1,1,4,42.005311727,daylight,-87.672940538,5,"reported,_not_evident",2,30,no_defects,dry,N CLARK ST,traffic_signal,center_turn_lane,clear,0,2018,131483
straight_on_grade,1612,failing_to_yield_right-of-way,functioning_properly,0,5,angle,0,15,0,0,2,0,0,1,4,41.997248651,daylight,-87.810103525,5,no_indication_of_injury,2,30,no_defects,dry,W DEVON AVE,stop_sign/flasher,not_divided,clear,0,2018,127082
straight_and_level,113,following_too_closely,no_controls,0,0,rear_end,0,15,0,0,2,0,0,0,4,41.877066783,daylight,-87.62443921,5,no_indication_of_injury,2,30,unknown,unknown,S MICHIGAN AVE,no_controls,not_divided,cloudy/overcast,0,2018,119084
straight_and_level,2013,unable_to_determine,no_controls,0,1,parked_motor_vehicle,1,4,0,0,1,0,0,0,2,41.984471234,daylight,-87.661216659,5,no_indication_of_injury,2,20,no_defects,dry,N RIDGE AVE,no_controls,not_divided,clear,0,2018,121152
straight_and_level,722,driving_skills/knowledge/experience,other,0,4,fixed_object,0,14,0,0,1,0,0,1,4,41.772619788,daylight,-87.629806469,5,no_indication_of_injury,1,30,no_defects,dry,S WENTWORTH AVE,traffic_signal,divided_-_w/median_(not_raised),clear,0,2018,118901
straight_and_level,1913,failing_to_reduce_speed_to_avoid_crash,no_controls,0,1,pedestrian,0,18,0,0,1,1,0,0,2,41.966275703,daylight,-87.666798922,5,nonincapacitating_injury,2,35,unknown,dry,N CLARK ST,no_controls,not_divided,clear,0,2018,124983
straight_and_level,512,unable_to_determine,functioning_properly,0,0,angle,0,7,0,0,2,0,0,1,2,41.705378469,daylight,-87.613777691,5,no_indication_of_injury,2,30,no_defects,wet,E 104TH ST,stop_sign/flasher,not_divided,rain,0,2018,128513
straight_and_level,1214,improper_lane_usage,no_controls,0,5,pedalcyclist,1,13,0,0,2,0,0,0,2,41.8936285,daylight,-87.651347793,5,no_indication_of_injury,2,30,no_defects,dry,N SANGAMON ST,no_controls,one-way,clear,0,2018,131421
"curve,_level",1411,failing_to_yield_right-of-way,no_controls,0,3,angle,1,22,0,0,3,0,0,0,4,41.929702737,"darkness,_lighted_road",-87.707223694,5,no_indication_of_injury,2,30,unknown,wet,N KEDZIE AVE,no_controls,one-way,rain,0,2018,123737
straight_and_level,1733,unable_to_determine,no_controls,0,3,rear_end,0,17,0,0,2,0,0,0,2,41.947454169,daylight,-87.697907616,5,no_indication_of_injury,2,30,no_defects,wet,N CALIFORNIA AVE,no_controls,divided_-_w/median_(not_raised),rain,0,2018,111630
straight_and_level,1911,following_too_closely,no_controls,0,4,rear_end,0,15,0,0,2,0,0,0,4,41.966347364,daylight,-87.688983646,5,no_indication_of_injury,2,30,no_defects,dry,N WESTERN AVE,no_controls,not_divided,clear,0,2018,120817
straight_and_level,833,unable_to_determine,no_controls,0,3,angle,0,14,0,0,2,0,0,0,4,41.769507221,daylight,-87.722673268,5,no_indication_of_injury,2,25,no_defects,dry,S PULASKI RD,no_controls,divided_-_w/median_(not_raised),clear,0,2018,116367
straight_and_level,1723,failing_to_yield_right-of-way,no_controls,0,4,sideswipe_same_direction,0,14,0,0,2,0,0,0,1,41.954426671,daylight,-87.722875626,5,no_indication_of_injury,2,30,no_defects,dry,N HAMLIN AVE,no_controls,one-way,cloudy/overcast,0,2018,124600
straight_and_level,1624,following_too_closely,no_controls,0,5,rear_end,0,20,0,0,7,0,0,0,2,41.960441008,"darkness,_lighted_road",-87.767094471,5,no_indication_of_injury,2,30,unknown,dry,N CENTRAL AVE,no_controls,other,clear,0,2018,124751
straight_and_level,132,exceeding_authorized_speed_limit,functioning_properly,0,3,pedalcyclist,0,8,0,0,1,1,0,1,4,41.860479162,daylight,-87.614611398,5,nonincapacitating_injury,2,25,no_defects,dry,E WALDRON DR,stop_sign/flasher,divided_-_w/median_(not_raised),clear,0,2018,131477
straight_and_level,922,unable_to_determine,no_controls,0,2,angle,0,17,0,0,2,0,0,0,2,41.810001478,daylight,-87.693181352,5,no_indication_of_injury,2,25,no_defects,dry,S FAIRFIELD AVE,no_controls,divided_-_w/median_(not_raised),clear,0,2018,126929
straight_and_level,1122,following_too_closely,unknown,0,3,rear_end,0,15,0,0,2,0,0,0,2,41.880864537,daylight,-87.723424322,5,no_indication_of_injury,2,30,unknown,unknown,W MADISON ST,traffic_signal,not_divided,clear,0,2018,121676
straight_and_level,1914,improper_overtaking/passing,functioning_properly,0,4,sideswipe_same_direction,0,16,0,0,2,0,0,1,4,41.968857563,daylight,-87.654670266,5,no_indication_of_injury,2,30,no_defects,dry,N SHERIDAN RD,traffic_signal,not_divided,clear,0,2018,119578
straight_and_level,411,failing_to_yield_right-of-way,functioning_properly,0,2,angle,1,7,0,0,1,0,1,0,8,41.756004194,daylight,-87.585522235,5,"reported,_not_evident",2,30,no_defects,dry,S STONY ISLAND AVE,stop_sign/flasher,divided_-_w/median_barrier,clear,0,2018,123222
straight_and_level,914,following_too_closely,functioning_properly,0,2,sideswipe_same_direction,0,13,0,0,2,0,0,0,2,41.854955901,daylight,-87.630781287,5,no_indication_of_injury,2,30,no_defects,dry,S ARCHER AVE,traffic_signal,not_divided,clear,0,2018,114128
straight_and_level,1022,not_applicable,no_controls,0,0,other_object,0,22,0,0,1,0,0,0,6,41.859653795,darkness,-87.700813934,5,no_indication_of_injury,1,30,"rut,_holes",wet,W OGDEN AVE,no_controls,not_divided,rain,0,2018,122917
straight_and_level,1613,failing_to_reduce_speed_to_avoid_crash,functioning_properly,0,1,rear_end,1,10,0,0,2,0,0,0,6,41.980493219,daylight,-87.806829804,5,no_indication_of_injury,2,30,no_defects,wet,N HARLEM AVE,traffic_signal,not_divided,rain,0,2018,126816
straight_and_level,2534,following_too_closely,no_controls,0,2,rear_end,1,16,0,0,2,0,0,1,2,41.917041327,daylight,-87.727716942,5,no_indication_of_injury,2,30,no_defects,dry,W ARMITAGE AVE,no_controls,divided_-_w/median_(not_raised),clear,0,2018,128216
straight_and_level,1814,unable_to_determine,functioning_properly,0,5,angle,0,18,0,0,2,0,0,1,2,41.922081041,dusk,-87.636607832,5,no_indication_of_injury,2,30,no_defects,dry,N LINCOLN PARK WEST,stop_sign/flasher,not_divided,clear,0,2018,112789
straight_and_level,131,disregarding_traffic_signals,functioning_properly,0,3,turning,0,5,0,0,2,0,0,1,4,41.852933968,dawn,-87.630214239,5,no_indication_of_injury,2,30,no_defects,dry,S CLARK ST,traffic_signal,divided_-_w/median_barrier,clear,0,2018,127170
straight_and_level,114,improper_lane_usage,functioning_properly,0,4,sideswipe_same_direction,0,20,0,0,2,0,0,0,3,41.884576751,daylight,-87.620828604,5,no_indication_of_injury,2,30,no_defects,dry,N LOWER COLUMBUS DR,traffic_signal,not_divided,clear,0,2018,117021
straight_and_level,1833,unable_to_determine,no_controls,0,1,sideswipe_same_direction,1,15,0,0,3,0,0,0,3,41.898245851,daylight,-87.617989744,5,no_indication_of_injury,2,0,no_defects,dry,N LAKE SHORE DR SB,no_controls,divided_-_w/median_barrier,clear,0,2018,118589
straight_and_level,2411,following_too_closely,functioning_properly,0,5,rear_end,0,12,0,0,1,1,0,1,2,42.012003121,daylight,-87.697769671,5,nonincapacitating_injury,2,25,no_defects,dry,W TOUHY AVE,stop_sign/flasher,not_divided,clear,0,2018,118466
straight_and_level,1831,improper_overtaking/passing,no_controls,0,2,sideswipe_same_direction,0,9,0,1,3,0,0,0,4,41.892204556,daylight,-87.632746103,5,incapacitating_injury,2,30,no_defects,dry,N LA SALLE DR,no_controls,divided_-_w/median_barrier,clear,0,2018,120338
straight_and_level,522,unable_to_determine,functioning_properly,0,3,turning,0,9,0,0,2,0,0,1,4,41.692537042,daylight,-87.623249265,5,no_indication_of_injury,2,30,no_defects,dry,S STATE ST,traffic_signal,not_divided,clear,0,2018,125511
straight_and_level,2522,improper_overtaking/passing,no_controls,0,0,sideswipe_same_direction,1,16,0,0,2,0,0,0,2,41.919949507,daylight,-87.746343173,5,no_indication_of_injury,2,30,no_defects,dry,N CICERO AVE,no_controls,not_divided,clear,0,2018,111407
straight_and_level,331,unable_to_determine,functioning_properly,0,5,head_on,1,13,0,0,2,0,0,1,2,41.773455972,daylight,-87.585022352,5,no_indication_of_injury,2,30,no_defects,dry,E 67TH ST,traffic_signal,not_divided,clear,0,2018,119304
straight_and_level,1824,unable_to_determine,functioning_properly,0,0,turning,0,16,0,0,2,0,0,1,6,41.902481646,daylight,-87.624221044,5,no_indication_of_injury,2,30,no_defects,dry,N LAKE SHORE DR SB,stop_sign/flasher,divided_-_w/median_barrier,clear,0,2018,116161
straight_and_level,2234,unable_to_determine,no_controls,0,1,parked_motor_vehicle,1,9,0,0,1,0,0,0,1,41.696945507,daylight,-87.648491084,5,no_indication_of_injury,2,30,no_defects,dry,W 108TH PL,no_controls,not_divided,clear,0,2018,127355
straight_and_level,1831,improper_overtaking/passing,no_controls,0,6,sideswipe_same_direction,1,2,0,0,2,0,0,0,4,41.893282026,"darkness,_lighted_road",-87.635203823,5,no_indication_of_injury,2,30,no_defects,wet,W ONTARIO ST,no_controls,one-way,rain,0,2018,122202
straight_and_level,232,failing_to_yield_right-of-way,no_controls,0,2,pedestrian,1,16,0,0,2,0,1,0,3,41.789557471,daylight,-87.62248293,5,"reported,_not_evident",3,30,no_defects,dry,S MICHIGAN AVE,no_controls,one-way,clear,0,2018,116806
straight_and_level,1524,failing_to_reduce_speed_to_avoid_crash,no_controls,0,3,parked_motor_vehicle,0,23,0,0,2,0,0,0,1,41.895226664,darkness,-87.758205858,5,no_indication_of_injury,2,30,unknown,wet,N LOCKWOOD AVE,no_controls,one-way,rain,0,2018,113926
straight_and_level,623,driving_skills/knowledge/experience,no_controls,0,6,parked_motor_vehicle,1,18,0,0,1,0,0,0,1,41.756659353,daylight,-87.616919921,5,no_indication_of_injury,2,30,no_defects,dry,E 76TH ST,no_controls,divided_-_w/median_(not_raised),clear,0,2018,112218
"curve,_level",2433,unable_to_determine,no_controls,0,0,other_noncollision,0,1,0,0,1,0,0,0,1,41.998119947,"darkness,_lighted_road",-87.65689468,5,no_indication_of_injury,1,35,other,dry,W SHERIDAN RD,no_controls,not_divided,clear,0,2018,128982
straight_and_level,1823,failing_to_reduce_speed_to_avoid_crash,functioning_properly,0,6,rear_end,0,18,0,0,7,0,0,1,2,41.89812004,daylight,-87.63737677,6,no_indication_of_injury,3,30,no_defects,dry,N ORLEANS ST,stop_sign/flasher,not_divided,clear,0,2018,113229
straight_and_level,1823,failing_to_yield_right-of-way,functioning_properly,0,5,angle,0,0,0,0,2,1,0,1,2,41.89659113,"darkness,_lighted_road",-87.637319267,6,nonincapacitating_injury,3,30,no_defects,dry,N ORLEANS ST,traffic_signal,not_divided,clear,0,2018,132254
straight_and_level,1914,improper_backing,functioning_properly,0,0,angle,0,19,0,0,3,0,1,0,1,41.963752034,daylight,-87.652024677,6,"reported,_not_evident",2,25,no_defects,dry,W SUNNYSIDE AVE,stop_sign/flasher,one-way,clear,0,2018,112421
straight_and_level,1811,unable_to_determine,functioning_properly,0,2,rear_end,0,8,0,0,2,0,0,1,4,41.925110816,daylight,-87.667997322,6,no_indication_of_injury,2,30,no_defects,wet,N ASHLAND AVE,traffic_signal,not_divided,rain,0,2018,136512
straight_and_level,2522,failing_to_yield_right-of-way,no_controls,0,2,turning,0,19,0,0,3,0,0,1,2,41.917139644,daylight,-87.737696726,6,no_indication_of_injury,2,30,no_defects,dry,W ARMITAGE AVE,no_controls,not_divided,clear,0,2018,133958
straight_and_level,834,unable_to_determine,no_controls,0,5,parked_motor_vehicle,1,15,0,0,1,0,0,0,2,41.747110926,daylight,-87.731702482,6,no_indication_of_injury,2,25,no_defects,dry,S KOSTNER AVE,no_controls,divided_-_w/median_(not_raised),clear,0,2018,116972
straight_and_level,623,improper_overtaking/passing,no_controls,0,4,turning,0,13,0,0,2,0,0,0,2,41.758077844,daylight,-87.627690445,6,no_indication_of_injury,2,30,no_defects,dry,W 75TH ST,no_controls,not_divided,clear,0,2018,122969
straight_and_level,1432,improper_backing,no_controls,0,6,angle,0,10,0,0,2,0,0,0,1,41.927610459,daylight,-87.681392764,6,no_indication_of_injury,2,25,no_defects,dry,N ELSTON AVE,no_controls,parking_lot,clear,0,2018,119486
straight_and_level,1111,following_too_closely,no_controls,0,1,rear_end,1,14,0,0,3,0,0,0,4,41.901801367,daylight,-87.745815151,6,no_indication_of_injury,2,30,unknown,dry,N CICERO AVE,no_controls,not_divided,clear,0,2018,136044
straight_and_level,634,failing_to_yield_right-of-way,no_controls,0,4,turning,0,11,0,0,2,0,0,0,2,41.736122501,daylight,-87.628561642,6,no_indication_of_injury,2,30,no_defects,dry,W 87TH ST,no_controls,not_divided,clear,0,2018,137077
straight_and_level,823,unable_to_determine,no_controls,0,2,parked_motor_vehicle,1,10,0,0,1,0,0,0,2,41.779774525,daylight,-87.707866547,6,no_indication_of_injury,2,25,no_defects,dry,S HOMAN AVE,no_controls,not_divided,clear,0,2018,136319
straight_and_level,2432,following_too_closely,no_controls,0,1,rear_end,0,13,0,0,1,1,0,0,4,42.00514311,daylight,-87.660730045,6,nonincapacitating_injury,2,30,no_defects,dry,N SHERIDAN RD,no_controls,not_divided,clear,0,2018,123121
straight_and_level,1225,unable_to_determine,functioning_properly,0,5,sideswipe_same_direction,1,17,0,0,2,0,0,1,4,41.869188535,daylight,-87.680889951,6,no_indication_of_injury,2,30,no_defects,dry,W OGDEN AVE,traffic_signal,not_divided,clear,0,2018,128868
straight_and_level,1524,not_applicable,no_controls,0,6,rear_end,1,0,0,0,2,0,0,0,4,41.898673166,"darkness,_lighted_road",-87.755838149,6,no_indication_of_injury,2,30,no_defects,dry,N LARAMIE AVE,no_controls,not_divided,clear,0,2018,114472
straight_and_level,925,unable_to_determine,functioning_properly,0,6,angle,0,22,0,0,1,2,0,1,4,41.809202235,"darkness,_lighted_road",-87.63286103,6,nonincapacitating_injury,2,30,no_defects,wet,W 47TH ST,traffic_signal,divided_-_w/median_(not_raised),rain,0,2018,113113
straight_and_level,732,unable_to_determine,no_controls,0,5,parked_motor_vehicle,0,21,0,0,1,0,0,0,2,41.758655815,"darkness,_lighted_road",-87.63586261,6,no_indication_of_injury,2,30,no_defects,dry,S EGGLESTON AVE,no_controls,not_divided,clear,0,2018,137110
straight_and_level,122,failing_to_yield_right-of-way,no_controls,0,3,pedalcyclist,0,11,0,0,2,0,0,0,1,41.886679503,"darkness,_lighted_road",-87.631358115,6,no_indication_of_injury,2,25,no_defects,dry,W LOWER WACKER DR,no_controls,one-way,clear,0,2018,134260
straight_and_level,831,not_applicable,unknown,0,1,sideswipe_same_direction,0,17,0,0,2,0,0,1,2,41.771645893,daylight,-87.703113698,6,no_indication_of_injury,2,35,unknown,dry,S KEDZIE AVE,unknown,not_divided,clear,0,2018,135953