alignment,beat,contributory_cause,device_condition,dooring,dow,first_crash_type,hit_and_run,hour,injuries_fatal,injuries_incapacitating,injuries_no_indication,injuries_non_incapacitating,injuries_reported_not_evident,intersection_related,lane_count,latitude,lighting_condition,longitude,month,most_severe_injury,num_units,posted_speed_limit,road_defect,roadway_surface_cond,street,traffic_control_device,trafficway_type,weather_condition,work_zone,year,i
straight_and_level,414,unable_to_determine,no_controls,0,1,parked_motor_vehicle,1,17,0,0,1,0,0,0,1,41.758435517,daylight,-87.582107068,6,no_indication_of_injury,2,30,no_defects,dry,S RIDGELAND AVE,no_controls,one-way,clear,0,2018,122710
straight_and_level,231,improper_backing,no_controls,0,3,fixed_object,0,17,0,0,1,0,0,0,3,41.795930049,daylight,-87.622352107,6,no_indication_of_injury,1,20,unknown,unknown,S MICHIGAN AVE,no_controls,one-way,clear,0,2018,129743
straight_and_level,234,improper_lane_usage,no_controls,0,1,parked_motor_vehicle,1,1,0,0,1,0,0,0,2,41.797829377,darkness,-87.58561945,6,no_indication_of_injury,3,25,no_defects,dry,S CORNELL AVE,no_controls,not_divided,clear,0,2018,134293
straight_and_level,121,improper_turning/no_signal,functioning_properly,0,0,turning,0,17,0,0,4,0,1,0,6,41.884546149,daylight,-87.641347615,6,"reported,_not_evident",2,35,no_defects,dry,W RANDOLPH ST,traffic_signal,one-way,clear,0,2018,135665
straight_and_level,1733,disregarding_traffic_signals,functioning_properly,0,1,angle,1,23,0,0,2,0,0,1,4,41.93944102,"darkness,_lighted_road",-87.707672345,6,no_indication_of_injury,2,30,no_defects,dry,W BELMONT AVE,traffic_signal,not_divided,clear,0,2018,136629
straight_and_level,726,unable_to_determine,no_controls,0,4,fixed_object,0,11,0,0,3,0,0,0,1,41.775604456,daylight,-87.670341854,6,no_indication_of_injury,1,30,no_defects,dry,S HONORE ST,no_controls,alley,clear,0,2018,137124
straight_and_level,2411,following_too_closely,functioning_properly,0,4,rear_end,0,6,0,0,2,0,0,1,0,42.012371335,daylight,-87.690393917,6,no_indication_of_injury,2,30,no_defects,dry,N WESTERN AVE,traffic_signal,not_divided,clear,0,2018,137054
straight_and_level,121,following_too_closely,no_controls,0,4,sideswipe_same_direction,0,9,0,0,2,0,0,0,3,41.883265853,daylight,-87.638760821,6,no_indication_of_injury,2,30,no_defects,wet,N RIVERSIDE PLZ,no_controls,one-way,rain,0,2018,134531
straight_and_level,1911,improper_lane_usage,no_controls,0,2,sideswipe_same_direction,0,8,0,0,2,0,0,1,4,41.965697159,daylight,-87.688667154,6,no_indication_of_injury,2,30,no_defects,dry,N WESTERN AVE,no_controls,center_turn_lane,clear,0,2018,118516
straight_and_level,922,unable_to_determine,no_controls,0,2,angle,1,10,0,0,2,0,0,0,1,41.808054268,daylight,-87.703825541,6,no_indication_of_injury,2,10,no_defects,dry,S KEDZIE AVE,no_controls,parking_lot,cloudy/overcast,0,2018,129463
straight_and_level,1434,improper_backing,no_controls,0,2,rear_end,0,12,0,0,2,0,0,0,2,41.913749326,daylight,-87.680143979,6,no_indication_of_injury,2,0,no_defects,dry,N HOYNE AVE,no_controls,not_divided,clear,0,2018,133946
straight_and_level,726,"operating_vehicle_in_erratic,_reckless,_careless,_negligent_or_aggressive_manner",no_controls,0,3,parked_motor_vehicle,0,16,0,0,1,0,1,0,2,41.779224423,daylight,-87.672633358,6,"reported,_not_evident",2,35,no_defects,dry,W 63RD ST,no_controls,not_divided,clear,0,2018,127521
straight_and_level,1434,failing_to_yield_right-of-way,functioning_properly,0,5,turning,0,22,0,0,2,0,0,1,2,41.910652294,"darkness,_lighted_road",-87.673741253,6,no_indication_of_injury,2,30,no_defects,dry,W NORTH AVE,stop_sign/flasher,not_divided,clear,0,2018,132763
straight_and_level,2533,unable_to_determine,functioning_properly,0,6,rear_end,0,16,0,0,2,0,0,0,4,41.909761096,daylight,-87.743654442,6,no_indication_of_injury,2,30,no_defects,dry,W NORTH AVE,yield,divided_-_w/median_(not_raised),clear,0,2018,128933
straight_and_level,1433,weather,no_controls,0,1,parked_motor_vehicle,0,17,0,0,1,0,0,0,2,41.912953477,daylight,-87.672485034,6,no_indication_of_injury,3,20,no_defects,dry,N WOOD ST,no_controls,not_divided,cloudy/overcast,0,2018,133909
straight_and_level,1221,unable_to_determine,functioning_properly,0,3,angle,0,18,0,0,2,0,0,1,2,41.890891771,daylight,-87.679477443,6,no_indication_of_injury,2,30,no_defects,dry,W GRAND AVE,stop_sign/flasher,not_divided,clear,0,2018,128659
straight_and_level,114,"operating_vehicle_in_erratic,_reckless,_careless,_negligent_or_aggressive_manner",no_controls,0,4,sideswipe_same_direction,1,7,0,0,2,0,0,0,6,41.887261829,daylight,-87.615864407,6,no_indication_of_injury,2,30,no_defects,dry,E LOWER WACKER DR,no_controls,divided_-_w/median_barrier,clear,0,2018,131642
straight_and_level,915,unable_to_determine,no_controls,0,0,parked_motor_vehicle,1,2,0,0,1,0,0,0,2,41.834724998,"darkness,_lighted_road",-87.632652781,6,no_indication_of_injury,2,20,no_defects,wet,S WELLS ST,no_controls,not_divided,rain,0,2018,129462
straight_and_level,131,following_too_closely,functioning_properly,0,0,rear_end,0,19,0,0,2,0,0,0,2,41.852933968,daylight,-87.630214239,6,no_indication_of_injury,2,30,no_defects,dry,S CLARK ST,traffic_signal,not_divided,clear,0,2018,119377
straight_and_level,133,driving_skills/knowledge/experience,no_controls,0,6,rear_end,1,23,0,0,5,0,0,0,4,41.847420982,"darkness,_lighted_road",-87.612391204,6,no_indication_of_injury,2,45,no_defects,dry,S LAKE SHORE DR SB,no_controls,divided_-_w/median_barrier,clear,0,2018,138200
straight_and_level,1622,improper_overtaking/passing,functioning_properly,0,0,turning,1,14,0,0,6,0,0,1,4,41.990101079,daylight,-87.766293577,6,no_indication_of_injury,3,30,no_defects,wet,N CENTRAL AVE,traffic_signal,divided_-_w/median_(not_raised),rain,0,2018,128739
straight_and_level,913,following_too_closely,functioning_properly,0,3,rear_end,0,2,0,0,2,0,0,0,4,41.841928837,"darkness,_lighted_road",-87.657643262,6,no_indication_of_injury,2,30,no_defects,dry,S ARCHER AVE,traffic_signal,divided_-_w/median_(not_raised),clear,0,2018,129433
straight_and_level,111,unable_to_determine,no_controls,0,2,sideswipe_same_direction,0,13,0,0,2,0,0,0,2,41.883327829,daylight,-87.628689923,6,no_indication_of_injury,2,30,no_defects,dry,W WASHINGTON ST,no_controls,one-way,clear,0,2018,142502
straight_and_level,2512,improper_backing,no_controls,0,4,angle,0,19,0,0,3,0,0,1,2,41.927039892,daylight,-87.804531585,6,no_indication_of_injury,2,30,no_defects,dry,W WRIGHTWOOD AVE,no_controls,not_divided,clear,0,2018,131899
straight_and_level,611,exceeding_authorized_speed_limit,unknown,0,0,fixed_object,0,20,0,0,0,1,0,0,1,41.746740586,unknown,-87.668350756,6,nonincapacitating_injury,1,20,no_defects,unknown,S WOOD ST,unknown,one-way,unknown,0,2018,129017
straight_and_level,1933,improper_overtaking/passing,no_controls,0,6,sideswipe_same_direction,0,16,0,0,4,0,0,0,2,41.936489034,daylight,-87.654136681,6,no_indication_of_injury,2,30,no_defects,dry,N SHEFFIELD AVE,no_controls,not_divided,clear,0,2018,117177
straight_and_level,1034,failing_to_yield_right-of-way,no_controls,0,0,pedestrian,0,15,0,1,1,0,0,0,1,41.847022681,daylight,-87.690831649,6,incapacitating_injury,2,30,no_defects,dry,W LUTHER ST,no_controls,other,clear,0,2018,119863
straight_and_level,1031,"operating_vehicle_in_erratic,_reckless,_careless,_negligent_or_aggressive_manner",no_controls,0,6,parked_motor_vehicle,1,18,0,0,1,0,0,0,1,41.843867985,daylight,-87.720731073,6,no_indication_of_injury,2,30,no_defects,dry,S AVERS AVE,no_controls,not_divided,clear,0,2018,129005
straight_and_level,811,improper_lane_usage,no_controls,0,0,turning,1,5,0,0,2,0,0,0,4,41.792096009,daylight,-87.788983141,6,no_indication_of_injury,2,30,no_defects,dry,W ARCHER AVE,no_controls,not_divided,clear,0,2018,135590
straight_and_level,2024,unable_to_determine,no_controls,0,0,rear_end,0,19,0,0,3,0,0,0,2,41.969187427,darkness,-87.65573365,6,no_indication_of_injury,3,25,no_defects,dry,W LAWRENCE AVE,no_controls,not_divided,clear,0,2018,136015
straight_and_level,821,following_too_closely,no_controls,0,1,rear_end,0,18,0,0,2,0,0,1,2,41.808042504,daylight,-87.718738706,6,no_indication_of_injury,2,30,no_defects,dry,W 47TH ST,no_controls,not_divided,clear,0,2018,133381
straight_on_grade,131,driving_skills/knowledge/experience,no_controls,0,4,fixed_object,0,12,0,0,1,0,0,0,2,41.857879357,daylight,-87.630689443,6,no_indication_of_injury,1,30,no_defects,wet,W 18TH ST,no_controls,not_divided,rain,0,2018,134526
straight_and_level,1633,failing_to_yield_right-of-way,no_controls,0,4,sideswipe_same_direction,0,17,0,0,2,0,0,0,2,41.938518842,daylight,-87.779144841,6,no_indication_of_injury,2,30,no_defects,dry,W BELMONT AVE,no_controls,not_divided,clear,0,2018,129044
straight_and_level,1513,improper_turning/no_signal,no_controls,0,4,turning,1,21,0,0,3,0,0,0,4,41.865698958,daylight,-87.76479632,6,no_indication_of_injury,2,30,no_defects,dry,W ROOSEVELT RD,no_controls,not_divided,clear,0,2018,129014
straight_and_level,1533,following_too_closely,no_controls,0,1,rear_end,0,17,0,0,3,0,2,0,2,41.88154807,daylight,-87.754960249,6,"reported,_not_evident",2,30,unknown,dry,N LARAMIE AVE,no_controls,not_divided,clear,0,2018,136020
straight_and_level,1011,following_too_closely,functioning_properly,0,6,rear_end,0,11,0,0,5,0,0,0,4,41.865376846,daylight,-87.724997658,6,no_indication_of_injury,2,30,no_defects,wet,S PULASKI RD,traffic_signal,not_divided,rain,0,2018,128973
straight_and_level,1434,failing_to_reduce_speed_to_avoid_crash,functioning_properly,0,2,rear_end,1,13,0,0,3,0,3,1,4,41.910433046,daylight,-87.687078135,6,"reported,_not_evident",2,30,unknown,unknown,W NORTH AVE,traffic_signal,not_divided,clear,0,2018,136443
straight_and_level,114,improper_lane_usage,functioning_properly,0,4,sideswipe_same_direction,1,8,0,0,2,0,0,0,4,41.876712734,daylight,-87.624135817,6,no_indication_of_injury,2,30,unknown,dry,S MICHIGAN AVE,traffic_signal,divided_-_w/median_barrier,clear,0,2018,131647
straight_and_level,1812,unable_to_determine,no_controls,0,5,rear_end,0,14,0,0,3,0,0,0,2,41.92546021,daylight,-87.641447844,6,no_indication_of_injury,3,30,no_defects,dry,W FULLERTON PKWY,no_controls,not_divided,clear,0,2018,120554
straight_and_level,114,failing_to_reduce_speed_to_avoid_crash,functioning_properly,0,4,rear_end,0,15,0,0,2,0,0,1,6,41.880856048,daylight,-87.617635892,6,no_indication_of_injury,2,45,no_defects,wet,S LAKE SHORE DR SB,traffic_signal,divided_-_w/median_barrier,rain,0,2018,134873
straight_and_level,2223,unable_to_determine,no_controls,0,5,sideswipe_same_direction,0,15,0,0,2,0,0,0,4,41.720358088,daylight,-87.643038781,6,no_indication_of_injury,2,30,no_defects,dry,S HALSTED ST,no_controls,divided_-_w/median_barrier,clear,0,2018,122635
straight_and_level,1813,unable_to_determine,no_controls,0,2,sideswipe_same_direction,0,20,0,0,4,0,0,0,2,41.91371554,"darkness,_lighted_road",-87.648503703,6,no_indication_of_injury,2,30,no_defects,dry,W WILLOW ST,no_controls,divided_-_w/median_(not_raised),clear,0,2018,118496
"curve,_level",233,driving_on_wrong_side/wrong_way,no_controls,0,0,head_on,0,21,0,0,10,0,0,0,2,41.795155465,"darkness,_lighted_road",-87.607184247,6,no_indication_of_injury,3,30,no_defects,dry,S PAYNE DR,no_controls,not_divided,clear,0,2018,134245
straight_and_level,1911,failing_to_yield_right-of-way,no_controls,0,6,pedalcyclist,0,17,0,1,1,0,0,1,4,41.955008694,daylight,-87.679517591,6,incapacitating_injury,2,30,no_defects,dry,N LINCOLN AVE,no_controls,not_divided,clear,0,2018,132642
straight_and_level,1731,had_been_drinking_(use_when_arrest_is_not_made),no_controls,0,0,parked_motor_vehicle,0,0,0,0,1,0,0,0,1,41.947366051,"darkness,_lighted_road",-87.732141862,6,no_indication_of_injury,3,30,no_defects,dry,N KEELER AVE,no_controls,one-way,clear,0,2018,135366
straight_and_level,1022,unable_to_determine,no_controls,0,0,parked_motor_vehicle,1,7,0,0,1,0,0,0,0,41.854854408,unknown,-87.707632972,6,no_indication_of_injury,2,30,unknown,unknown,S SPAULDING AVE,no_controls,other,unknown,0,2018,124998
straight_and_level,413,disregarding_road_markings,functioning_properly,0,4,sideswipe_same_direction,0,18,0,0,2,0,0,0,6,41.724074784,daylight,-87.585303232,6,no_indication_of_injury,2,30,no_defects,wet,S STONY ISLAND AVE,stop_sign/flasher,divided_-_w/median_barrier,rain,0,2018,134908
straight_and_level,2234,unable_to_determine,unknown,0,4,angle,1,14,0,0,1,1,0,0,2,41.689388113,daylight,-87.657030493,6,nonincapacitating_injury,2,20,no_defects,dry,S LOOMIS ST,stop_sign/flasher,not_divided,clear,0,2018,128996
straight_and_level,823,unable_to_determine,no_controls,0,2,angle,1,17,0,0,2,0,0,0,0,41.776188472,daylight,-87.702925733,6,no_indication_of_injury,2,5,no_defects,dry,S KEDZIE AVE,no_controls,parking_lot,cloudy/overcast,0,2018,129431
straight_and_level,323,failing_to_yield_right-of-way,no_controls,0,6,angle,0,0,0,0,2,0,0,1,1,41.762094159,"darkness,_lighted_road",-87.608071298,6,no_indication_of_injury,2,30,no_defects,dry,S LANGLEY AVE,stop_sign/flasher,other,clear,0,2018,137373
"curve,_level",1133,failing_to_reduce_speed_to_avoid_crash,unknown,0,1,fixed_object,0,23,0,0,2,0,0,0,1,41.866344242,"darkness,_lighted_road",-87.720529632,6,no_indication_of_injury,2,5,unknown,wet,W ROOSEVELT RD,no_controls,unknown,rain,0,2018,133386
straight_and_level,123,unable_to_determine,functioning_properly,0,3,sideswipe_same_direction,0,7,0,0,3,0,0,1,4,41.86748292,daylight,-87.630492795,6,no_indication_of_injury,2,30,no_defects,dry,W ROOSEVELT RD,traffic_signal,divided_-_w/median_(not_raised),clear,0,2018,131645
straight_and_level,1631,unable_to_determine,functioning_properly,0,1,sideswipe_same_direction,0,10,0,0,2,0,0,1,4,41.938084468,daylight,-87.806896749,6,no_indication_of_injury,2,30,no_defects,wet,N HARLEM AVE,traffic_signal,divided_-_w/median_(not_raised),cloudy/overcast,0,2018,129380
straight_and_level,321,following_too_closely,functioning_properly,0,6,sideswipe_same_direction,0,16,0,0,2,0,0,1,3,41.775220087,daylight,-87.586436626,6,no_indication_of_injury,2,40,no_defects,dry,S STONY ISLAND AVE,traffic_signal,divided_-_w/median_barrier,clear,0,2018,136768
straight_and_level,2522,unable_to_determine,no_controls,0,5,sideswipe_opposite_direction,0,8,0,0,2,0,0,0,2,41.920617132,daylight,-87.734690319,6,no_indication_of_injury,2,20,no_defects,dry,W PALMER ST,no_controls,not_divided,clear,0,2018,128953
straight_and_level,434,failing_to_reduce_speed_to_avoid_crash,functioning_properly,0,2,turning,0,9,0,0,2,0,0,1,4,41.707998838,daylight,-87.56828,6,no_indication_of_injury,2,30,unknown,dry,S LUELLA AVE,traffic_signal,not_divided,clear,0,2018,129400
straight_and_level,1931,improper_overtaking/passing,no_controls,0,3,sideswipe_opposite_direction,0,10,0,0,2,0,0,0,1,41.927951656,daylight,-87.668389997,6,no_indication_of_injury,2,15,no_defects,dry,N ASHLAND AVE,no_controls,alley,clear,0,2018,136633
straight_and_level,111,disregarding_yield_sign,no_controls,0,4,sideswipe_same_direction,1,11,0,0,2,0,0,0,2,41.886829312,daylight,-87.624719879,6,no_indication_of_injury,2,30,no_defects,dry,N LOWER MICHIGAN AVE,no_controls,divided_-_w/median_barrier,clear,0,2018,116909
straight_and_level,2535,failing_to_yield_right-of-way,functioning_properly,0,2,angle,0,6,0,0,2,0,0,0,2,41.913767441,daylight,-87.716809369,6,no_indication_of_injury,2,25,no_defects,wet,N CENTRAL PARK AVE,other_warning_sign,divided_-_w/median_(not_raised),rain,0,2018,129363
straight_and_level,1631,failing_to_reduce_speed_to_avoid_crash,no_controls,0,0,rear_end,0,13,0,0,2,0,0,1,2,41.938076444,daylight,-87.814137668,6,no_indication_of_injury,2,30,no_defects,dry,W BELMONT AVE,no_controls,not_divided,clear,0,2018,129182
straight_and_level,2515,improper_overtaking/passing,no_controls,0,2,sideswipe_same_direction,1,13,0,0,2,0,0,0,2,41.917123854,daylight,-87.757553371,6,no_indication_of_injury,2,30,no_defects,dry,W GRAND AVE,no_controls,not_divided,clear,0,2018,133895
straight_and_level,132,following_too_closely,no_controls,0,6,rear_end,0,20,0,0,2,0,0,0,4,41.866310063,"darkness,_lighted_road",-87.610270154,6,no_indication_of_injury,2,30,no_defects,dry,S LYNN WHITE DR,no_controls,not_divided,clear,0,2018,137802
straight_and_level,1833,following_too_closely,functioning_properly,0,6,rear_end,1,23,0,0,2,0,0,0,4,41.898207112,"darkness,_lighted_road",-87.617836501,6,no_indication_of_injury,2,30,no_defects,dry,N LAKE SHORE DR,traffic_signal,divided_-_w/median_(not_raised),clear,0,2018,138986
straight_and_level,1632,"vision_obscured_(signs,_tree_limbs,_buildings,_etc.)",no_controls,0,3,pedalcyclist,0,15,0,0,2,0,0,0,4,41.958329416,daylight,-87.797567915,6,no_indication_of_injury,2,30,no_defects,dry,N OAK PARK AVE,no_controls,divided_-_w/median_(not_raised),clear,0,2018,131595
straight_and_level,1115,disregarding_traffic_signals,functioning_properly,0,0,angle,0,0,0,0,2,3,0,1,2,41.880804158,"darkness,_lighted_road",-87.728244422,6,nonincapacitating_injury,2,30,no_defects,dry,W MADISON ST,traffic_signal,not_divided,clear,0,2018,128706
straight_and_level,512,exceeding_authorized_speed_limit,no_controls,0,6,parked_motor_vehicle,1,2,0,0,1,0,0,0,1,41.704714005,"darkness,_lighted_road",-87.602581102,6,no_indication_of_injury,3,15,no_defects,wet,S MARYLAND AVE,no_controls,one-way,clear,0,2018,136063
straight_and_level,2221,following_too_closely,no_controls,0,2,rear_end,0,13,0,0,1,1,0,0,4,41.735570042,daylight,-87.671403902,6,nonincapacitating_injury,2,30,no_defects,dry,W 87TH ST,no_controls,divided_-_w/median_(not_raised),clear,0,2018,121576
straight_and_level,932,not_applicable,no_controls,0,4,parked_motor_vehicle,1,20,0,0,1,0,0,0,2,41.800909866,dawn,-87.668565753,6,no_indication_of_injury,2,30,no_defects,dry,S HERMITAGE AVE,no_controls,not_divided,clear,0,2018,137895
straight_and_level,713,following_too_closely,functioning_properly,0,5,rear_end,0,14,0,0,3,0,0,0,2,41.793600892,dusk,-87.663486731,6,no_indication_of_injury,2,30,no_defects,dry,S JUSTINE ST,traffic_signal,divided_-_w/median_(not_raised),cloudy/overcast,0,2018,135714
straight_and_level,811,following_too_closely,no_controls,0,3,rear_end,0,12,0,0,2,0,0,0,2,41.792139959,daylight,-87.797668624,6,no_indication_of_injury,2,30,no_defects,dry,W ARCHER AVE,no_controls,divided_-_w/median_(not_raised),clear,0,2018,135293
straight_and_level,2211,unable_to_determine,unknown,0,2,parked_motor_vehicle,1,20,0,0,1,0,0,0,0,41.706312845,unknown,-87.699767119,6,no_indication_of_injury,2,30,unknown,unknown,W 103RD ST,unknown,unknown,unknown,0,2018,132261
straight_and_level,824,driving_skills/knowledge/experience,functioning_properly,0,5,sideswipe_same_direction,0,5,0,0,2,0,0,0,6,41.79337566,daylight,-87.683882094,6,no_indication_of_injury,2,30,no_defects,dry,S WESTERN AVE,traffic_signal,divided_-_w/median_(not_raised),clear,0,2018,137409
straight_and_level,1924,unable_to_determine,unknown,0,6,sideswipe_same_direction,0,4,0,0,2,0,0,0,2,41.947060808,darkness,-87.657711447,6,no_indication_of_injury,2,30,unknown,dry,W ADDISON ST,unknown,not_divided,clear,0,2018,142897
straight_and_level,1933,unable_to_determine,no_controls,0,4,parked_motor_vehicle,1,17,0,0,1,0,0,0,1,41.935541161,unknown,-87.650436302,6,no_indication_of_injury,2,30,unknown,unknown,W OAKDALE AVE,no_controls,one-way,unknown,0,2018,133534
straight_and_level,1931,unable_to_determine,functioning_properly,0,2,sideswipe_same_direction,0,15,0,0,1,0,1,1,2,41.932297011,daylight,-87.678361087,6,"reported,_not_evident",2,30,unknown,dry,N CLYBOURN AVE,traffic_signal,divided_-_w/median_(not_raised),clear,0,2018,129500
straight_and_level,1834,disregarding_other_traffic_signs,functioning_properly,0,0,pedalcyclist,0,15,0,0,2,1,0,1,2,41.890892026,daylight,-87.624304829,6,nonincapacitating_injury,2,30,no_defects,dry,N LOWER MICHIGAN AVE,traffic_signal,one-way,clear,0,2018,133579
straight_and_level,1821,unable_to_determine,no_controls,0,1,parked_motor_vehicle,1,6,0,0,1,0,0,0,1,41.905852132,unknown,-87.633942174,6,no_indication_of_injury,2,30,unknown,unknown,W GOETHE ST,no_controls,one-way,unknown,0,2018,134581
straight_and_level,1533,unable_to_determine,no_controls,0,0,rear_end,0,4,0,0,2,0,0,0,2,41.872175543,"darkness,_lighted_road",-87.74523776,6,no_indication_of_injury,2,25,worn_surface,wet,W FLOURNOY ST,no_controls,one-way,clear,0,2018,120247
straight_and_level,2521,failing_to_yield_right-of-way,functioning_properly,0,4,angle,0,11,0,0,2,0,0,1,2,41.931545146,daylight,-87.753840463,6,no_indication_of_injury,2,30,no_defects,dry,W DIVERSEY AVE,stop_sign/flasher,not_divided,clear,0,2018,119375
straight_and_level,523,unable_to_determine,no_controls,0,2,parked_motor_vehicle,1,6,0,0,1,0,0,0,2,41.673076991,unknown,-87.633184456,6,no_indication_of_injury,2,30,no_defects,unknown,S EGGLESTON AVE,no_controls,not_divided,unknown,0,2018,134261
straight_and_level,1611,following_too_closely,functioning_properly,0,3,rear_end,0,10,0,0,2,0,0,0,4,41.997231609,daylight,-87.789461802,6,no_indication_of_injury,2,30,no_defects,dry,W DEVON AVE,traffic_signal,not_divided,clear,0,2018,129735
straight_and_level,531,road_construction/maintenance,functioning_properly,0,3,other_noncollision,0,8,0,0,1,0,0,0,1,41.6861117,daylight,-87.608425719,6,no_indication_of_injury,1,20,other,dry,S ST LAWRENCE AVE,other,one-way,cloudy/overcast,1,2018,136672
straight_and_level,815,failing_to_yield_right-of-way,functioning_properly,0,6,angle,0,14,0,1,2,0,0,1,4,41.794957445,daylight,-87.723356565,6,incapacitating_injury,3,30,no_defects,dry,S PULASKI RD,stop_sign/flasher,divided_-_w/median_(not_raised),clear,0,2018,137859
straight_and_level,513,following_too_closely,functioning_properly,0,6,rear_end,0,12,0,0,3,0,0,1,1,41.692760575,daylight,-87.618324379,6,no_indication_of_injury,3,30,no_defects,dry,E 111TH ST,traffic_signal,not_divided,clear,0,2018,135316
straight_and_level,1232,unable_to_determine,no_controls,0,1,parked_motor_vehicle,1,18,0,0,1,0,0,0,4,41.867007143,daylight,-87.649156949,6,no_indication_of_injury,2,30,no_defects,dry,W ROOSEVELT RD,no_controls,divided_-_w/median_barrier,clear,0,2018,124463
straight_and_level,1034,unable_to_determine,no_controls,0,2,rear_end,0,14,0,0,2,0,0,0,1,41.851868272,daylight,-87.690075121,6,no_indication_of_injury,2,10,no_defects,dry,W CERMAK RD,no_controls,parking_lot,clear,0,2018,121143
straight_and_level,1711,following_too_closely,no_controls,0,2,rear_end,0,16,0,0,3,0,0,0,2,41.983885226,daylight,-87.713929816,6,no_indication_of_injury,2,30,unknown,dry,N KIMBALL AVE,no_controls,not_divided,clear,0,2018,129457
straight_and_level,511,improper_lane_usage,no_controls,0,4,sideswipe_same_direction,1,15,0,0,2,0,0,0,2,41.711895201,daylight,-87.617682619,6,no_indication_of_injury,2,25,no_defects,dry,S PRAIRIE AVE,no_controls,not_divided,clear,0,2018,123841
straight_and_level,1111,disregarding_traffic_signals,functioning_properly,0,4,pedestrian,0,7,0,0,1,1,0,1,0,41.895476752,"darkness,_lighted_road",-87.72614436,6,nonincapacitating_injury,2,30,no_defects,wet,W CHICAGO AVE,traffic_signal,not_divided,rain,0,2018,134541
straight_and_level,414,failing_to_yield_right-of-way,functioning_properly,0,5,angle,0,18,0,0,3,0,1,1,4,41.751636269,daylight,-87.566378121,6,"reported,_not_evident",2,35,no_defects,dry,S YATES BLVD,traffic_signal,not_divided,clear,0,2018,121982
straight_and_level,632,failing_to_yield_right-of-way,no_controls,0,5,sideswipe_same_direction,0,16,0,0,2,0,0,0,4,41.743545234,daylight,-87.624350548,6,no_indication_of_injury,2,30,no_defects,dry,W 83RD ST,no_controls,center_turn_lane,clear,0,2018,135258
straight_and_level,1433,unable_to_determine,no_controls,0,3,parked_motor_vehicle,1,13,0,0,1,0,0,0,4,41.90536514,daylight,-87.667401656,6,no_indication_of_injury,3,30,no_defects,dry,N ASHLAND AVE,no_controls,divided_-_w/median_barrier,clear,0,2018,131637
straight_and_level,1632,not_applicable,no_controls,0,6,parked_motor_vehicle,0,10,0,0,1,0,0,0,2,41.945341545,daylight,-87.797338071,6,no_indication_of_injury,2,30,no_defects,wet,W ADDISON ST,no_controls,not_divided,clear,0,2018,128785
straight_and_level,131,unable_to_determine,no_controls,0,2,head_on,0,23,0,0,2,0,0,0,1,41.854184345,darkness,-87.626964851,6,no_indication_of_injury,2,0,no_defects,dry,S STATE ST,no_controls,not_divided,clear,0,2018,136403
straight_and_level,813,failing_to_yield_right-of-way,no_controls,0,5,pedalcyclist,0,17,0,0,2,0,0,0,1,41.778088437,daylight,-87.754223071,6,no_indication_of_injury,2,30,no_defects,dry,W 63RD ST,no_controls,other,clear,0,2018,132161
straight_and_level,1722,failing_to_yield_right-of-way,no_controls,0,6,sideswipe_same_direction,0,18,0,0,2,0,0,0,4,41.959702199,daylight,-87.747352139,6,no_indication_of_injury,2,30,no_defects,dry,N CICERO AVE,no_controls,divided_-_w/median_(not_raised),clear,0,2018,125081
straight_and_level,1024,driving_on_wrong_side/wrong_way,no_controls,0,6,angle,0,9,0,0,3,0,0,1,2,41.853521875,daylight,-87.707887866,6,no_indication_of_injury,2,30,no_defects,dry,S SPAULDING AVE,stop_sign/flasher,one-way,clear,0,2018,137834
straight_and_level,314,following_too_closely,functioning_properly,0,1,rear_end,0,10,0,0,2,0,0,0,2,41.778859449,daylight,-87.586569204,6,no_indication_of_injury,2,30,no_defects,wet,S STONY ISLAND AVE,stop_sign/flasher,not_divided,rain,0,2018,129113
straight_and_level,1612,unable_to_determine,no_controls,0,5,parked_motor_vehicle,1,13,0,0,1,0,0,0,1,41.988575183,daylight,-87.812977912,6,no_indication_of_injury,2,30,no_defects,wet,W TALCOTT AVE,no_controls,parking_lot,rain,0,2018,135035
straight_and_level,2011,unable_to_determine,no_controls,0,3,parked_motor_vehicle,0,16,0,0,2,0,0,0,6,41.986604803,daylight,-87.689689117,6,no_indication_of_injury,2,30,no_defects,dry,N WESTERN AVE,no_controls,not_divided,clear,0,2018,136620
straight_and_level,332,unable_to_determine,no_controls,0,1,rear_end,1,18,0,0,2,0,0,0,2,41.77323448,daylight,-87.585162528,6,no_indication_of_injury,2,35,no_defects,dry,E 67TH ST,no_controls,not_divided,clear,0,2018,135257
straight_and_level,1621,failing_to_yield_right-of-way,functioning_properly,0,6,turning,1,8,0,0,2,0,0,1,2,41.997388721,daylight,-87.763921519,6,no_indication_of_injury,2,30,no_defects,dry,N CENTRAL AVE,traffic_signal,divided_-_w/median_barrier,clear,1,2018,132569