alignment,beat,contributory_cause,device_condition,dooring,dow,first_crash_type,hit_and_run,hour,injuries_fatal,injuries_incapacitating,injuries_no_indication,injuries_non_incapacitating,injuries_reported_not_evident,intersection_related,lane_count,latitude,lighting_condition,longitude,month,most_severe_injury,num_units,posted_speed_limit,road_defect,roadway_surface_cond,street,traffic_control_device,trafficway_type,weather_condition,work_zone,year,i
straight_and_level,132,unable_to_determine,functioning_properly,0,0,rear_end,1,15,0,0,2,0,0,0,3,41.84924678,daylight,-87.62356733,6,no_indication_of_injury,2,30,no_defects,wet,S MICHIGAN AVE,traffic_signal,not_divided,rain,0,2018,129087
straight_and_level,2514,disregarding_stop_sign,functioning_properly,0,6,turning,1,4,0,0,2,0,0,1,2,41.9287087,darkness,-87.766004009,6,no_indication_of_injury,2,35,no_defects,wet,N CENTRAL AVE,stop_sign/flasher,not_divided,rain,0,2018,128623
straight_and_level,2513,unable_to_determine,no_controls,0,5,rear_end,0,13,0,0,4,0,0,0,2,41.911480305,daylight,-87.805707263,6,no_indication_of_injury,2,30,unknown,unknown,N HARLEM AVE,no_controls,not_divided,clear,0,2018,113644
straight_and_level,911,improper_overtaking/passing,unknown,0,4,sideswipe_same_direction,0,16,0,0,2,0,0,0,2,41.830192538,daylight,-87.684884479,6,no_indication_of_injury,2,30,unknown,wet,S WESTERN AVE,unknown,not_divided,rain,0,2018,135286
straight_and_level,1613,failing_to_yield_right-of-way,no_controls,0,4,angle,0,19,0,0,2,0,0,0,2,41.972118311,daylight,-87.788092199,6,no_indication_of_injury,2,30,no_defects,dry,N NAGLE AVE,no_controls,not_divided,clear,0,2018,131964
straight_and_level,1824,failing_to_yield_right-of-way,no_controls,0,3,sideswipe_same_direction,0,14,0,0,2,0,0,0,4,41.904076743,daylight,-87.624803937,6,no_indication_of_injury,2,45,no_defects,dry,N LAKE SHORE DR SB,no_controls,one-way,clear,0,2018,136746
straight_and_level,822,unable_to_determine,no_controls,0,1,turning,1,15,0,0,2,0,0,0,2,41.79318022,daylight,-87.717168321,6,no_indication_of_injury,2,25,no_defects,dry,W 55TH ST,no_controls,divided_-_w/median_(not_raised),rain,0,2018,128023
straight_and_level,734,failing_to_reduce_speed_to_avoid_crash,functioning_properly,0,6,angle,1,14,0,0,3,0,0,1,4,41.766708027,daylight,-87.659155664,6,no_indication_of_injury,2,30,no_defects,dry,S LOOMIS BLVD,stop_sign/flasher,divided_-_w/median_(not_raised),clear,0,2018,139451
straight_and_level,1911,unable_to_determine,no_controls,0,1,turning,0,7,0,0,2,0,0,0,2,41.961398949,daylight,-87.69232677,6,no_indication_of_injury,2,30,no_defects,wet,W MONTROSE AVE,no_controls,not_divided,rain,0,2018,129252
straight_and_level,332,unable_to_determine,no_controls,0,3,rear_end,1,7,0,0,2,0,0,0,3,41.767690177,daylight,-87.585816967,6,no_indication_of_injury,2,30,no_defects,dry,S STONY ISLAND AVE,no_controls,divided_-_w/median_barrier,clear,0,2018,129657
straight_and_level,1232,failing_to_yield_right-of-way,no_controls,0,5,turning,0,12,0,0,2,0,0,1,4,41.867040911,daylight,-87.6471523,6,no_indication_of_injury,2,30,no_defects,dry,W ROOSEVELT RD,no_controls,divided_-_w/median_barrier,clear,0,2018,132289
straight_and_level,623,failing_to_yield_right-of-way,functioning_properly,0,3,sideswipe_same_direction,0,11,0,0,2,0,0,1,2,41.750679023,daylight,-87.633931899,6,no_indication_of_injury,2,30,unknown,unknown,W 79TH ST,traffic_signal,divided_-_w/median_(not_raised),clear,0,2018,129760
straight_and_level,2223,driving_skills/knowledge/experience,no_controls,0,0,parked_motor_vehicle,0,4,0,0,1,0,0,0,4,41.731729878,"darkness,_lighted_road",-87.643344162,6,no_indication_of_injury,2,30,no_defects,wet,S HALSTED ST,no_controls,divided_-_w/median_barrier,rain,0,2018,129104
straight_and_level,1915,improper_backing,no_controls,0,6,parked_motor_vehicle,0,18,0,0,2,0,0,0,2,41.963458968,daylight,-87.63799401,6,no_indication_of_injury,2,30,unknown,dry,W MONTROSE HARBOR DR,no_controls,divided_-_w/median_(not_raised),clear,0,2018,132591
straight_and_level,1924,unable_to_determine,unknown,0,5,parked_motor_vehicle,1,18,0,0,1,0,0,0,2,41.940089011,dusk,-87.649391255,6,no_indication_of_injury,2,30,no_defects,dry,W BELMONT AVE,unknown,not_divided,clear,0,2018,132597
straight_and_level,312,unable_to_determine,functioning_properly,0,6,angle,1,12,0,0,4,0,1,1,4,41.780008277,daylight,-87.625522512,6,"reported,_not_evident",2,30,no_defects,dry,S STATE ST,traffic_signal,not_divided,clear,0,2018,138217
straight_on_grade,1214,improper_turning/no_signal,no_controls,0,2,pedestrian,0,22,0,1,2,0,0,1,4,41.89387242,"darkness,_lighted_road",-87.651523198,6,incapacitating_injury,2,30,no_defects,wet,N MILWAUKEE AVE,no_controls,not_divided,rain,0,2018,136753
straight_and_level,321,unable_to_determine,functioning_properly,0,3,rear_end,0,9,0,0,3,0,0,0,2,41.769417767,daylight,-87.61032063,6,no_indication_of_injury,2,30,no_defects,dry,S SOUTH CHICAGO AVE,traffic_signal,divided_-_w/median_(not_raised),clear,0,2018,131599
straight_and_level,1522,physical_condition_of_driver,no_controls,0,5,fixed_object,0,18,0,0,1,0,0,0,4,41.88045235,daylight,-87.757446777,6,no_indication_of_injury,1,30,unknown,dry,W MADISON ST,no_controls,divided_-_w/median_(not_raised),clear,0,2018,127942
straight_and_level,715,following_too_closely,no_controls,0,5,rear_end,0,14,0,0,5,0,0,0,1,41.791578711,daylight,-87.671949597,6,no_indication_of_injury,2,15,no_defects,dry,S WOLCOTT AVE,no_controls,alley,clear,0,2018,127886
straight_and_level,1132,unable_to_determine,no_controls,0,0,parked_motor_vehicle,1,19,0,0,1,0,0,0,2,41.876698735,dusk,-87.725679179,6,no_indication_of_injury,2,30,no_defects,dry,S PULASKI RD,no_controls,not_divided,clear,0,2018,113603
straight_and_level,1132,failing_to_reduce_speed_to_avoid_crash,no_controls,0,3,parked_motor_vehicle,0,8,0,0,2,0,0,0,2,41.87102836,daylight,-87.732063865,6,no_indication_of_injury,2,30,no_defects,dry,W FIFTH AVE,no_controls,not_divided,clear,0,2018,128525
straight_and_level,1235,improper_turning/no_signal,functioning_properly,0,1,fixed_object,0,7,0,0,1,0,0,1,2,41.857702166,daylight,-87.643657857,6,no_indication_of_injury,1,30,no_defects,dry,W 18TH ST,traffic_signal,divided_-_w/median_(not_raised),clear,0,2018,136094
straight_and_level,1533,unable_to_determine,no_controls,0,6,parked_motor_vehicle,1,23,0,0,1,0,0,0,1,41.877551299,darkness,-87.747566725,6,no_indication_of_injury,2,30,no_defects,dry,W QUINCY ST,no_controls,one-way,clear,0,2018,133869
straight_and_level,1233,failing_to_yield_right-of-way,functioning_properly,0,2,angle,0,7,0,0,2,0,0,1,2,41.861501922,daylight,-87.661271189,6,no_indication_of_injury,2,30,no_defects,dry,S LOOMIS ST,stop_sign/flasher,not_divided,cloudy/overcast,0,2018,136526
straight_on_grade,1733,following_too_closely,no_controls,0,3,rear_end,0,16,0,0,2,0,0,0,4,41.951610449,dusk,-87.69802624,6,no_indication_of_injury,2,30,no_defects,dry,N CALIFORNIA AVE,no_controls,divided_-_w/median_(not_raised),clear,0,2018,117043
straight_and_level,1834,improper_turning/no_signal,functioning_properly,0,5,turning,0,21,0,0,2,0,0,1,3,41.892593226,"darkness,_lighted_road",-87.624334048,6,no_indication_of_injury,2,25,no_defects,dry,N MICHIGAN AVE,traffic_signal,not_divided,clear,0,2018,132602
straight_and_level,523,failing_to_reduce_speed_to_avoid_crash,functioning_properly,0,6,rear_end,0,16,0,1,0,0,1,1,4,41.67380785,daylight,-87.641627959,6,incapacitating_injury,2,30,other,dry,S HALSTED ST,other_warning_sign,divided_-_w/median_(not_raised),clear,1,2018,137799
straight_and_level,911,failing_to_reduce_speed_to_avoid_crash,no_controls,0,3,parked_motor_vehicle,0,7,0,0,1,0,0,0,2,41.829964373,daylight,-87.690072095,6,no_indication_of_injury,4,25,no_defects,wet,S ROCKWELL ST,no_controls,not_divided,rain,0,2018,134195
straight_and_level,1915,improper_lane_usage,no_controls,0,4,parked_motor_vehicle,0,23,0,0,2,0,0,0,2,41.955002901,"darkness,_lighted_road",-87.656295881,6,no_indication_of_injury,3,20,no_defects,dry,N KENMORE AVE,no_controls,not_divided,clear,0,2018,131950
straight_and_level,1412,had_been_drinking_(use_when_arrest_is_not_made),no_controls,0,5,angle,1,22,0,0,7,0,0,0,1,41.931853468,"darkness,_lighted_road",-87.71282618,6,no_indication_of_injury,2,30,no_defects,dry,W DIVERSEY AVE,no_controls,alley,clear,0,2018,132652
straight_and_level,1925,disregarding_traffic_signals,functioning_properly,0,5,turning,0,13,0,0,2,0,0,1,6,41.940909163,daylight,-87.63936916,6,no_indication_of_injury,2,30,no_defects,dry,N LAKE SHORE DR,traffic_signal,not_divided,clear,0,2018,134991
straight_and_level,124,unable_to_determine,no_controls,0,2,head_on,0,17,0,0,2,0,0,0,2,41.869825747,daylight,-87.642348957,6,no_indication_of_injury,2,30,no_defects,dry,W TAYLOR ST,no_controls,not_divided,clear,0,2018,115954
straight_and_level,1221,unable_to_determine,no_controls,0,0,parked_motor_vehicle,1,18,0,0,2,0,0,0,4,41.893195775,daylight,-87.693520202,6,no_indication_of_injury,2,30,no_defects,dry,W GRAND AVE,no_controls,not_divided,clear,0,2018,126843
straight_and_level,423,failing_to_yield_right-of-way,functioning_properly,0,1,angle,0,17,0,0,2,0,0,1,2,41.731809341,daylight,-87.551441823,6,no_indication_of_injury,2,30,no_defects,dry,S COMMERCIAL AVE,stop_sign/flasher,not_divided,clear,0,2018,135892
straight_and_level,1213,failing_to_yield_right-of-way,functioning_properly,0,6,turning,0,0,0,0,5,0,0,1,0,41.896509293,"darkness,_lighted_road",-87.647755827,6,no_indication_of_injury,2,30,no_defects,dry,W CHICAGO AVE,traffic_signal,not_divided,clear,0,2018,137821
straight_and_level,834,failing_to_yield_right-of-way,functioning_properly,0,0,pedestrian,1,16,0,0,1,1,0,1,2,41.738810046,daylight,-87.702237197,6,nonincapacitating_injury,2,30,no_defects,dry,S KEDZIE AVE,traffic_signal,not_divided,clear,0,2018,113739
straight_and_level,234,distraction_-_from_inside_vehicle,no_controls,0,1,sideswipe_same_direction,0,20,0,0,3,0,0,0,2,41.799662004,"darkness,_lighted_road",-87.588003399,6,no_indication_of_injury,2,30,unknown,dry,E 53RD ST,no_controls,not_divided,clear,0,2018,136442
straight_and_level,2212,animal,no_controls,0,3,fixed_object,0,0,0,0,0,1,0,0,2,41.684582324,"darkness,_lighted_road",-87.686057432,6,nonincapacitating_injury,1,40,no_defects,wet,W 115TH ST,no_controls,not_divided,clear,0,2018,136655
straight_and_level,632,unable_to_determine,no_controls,0,4,turning,0,22,0,0,2,0,0,0,2,41.73626769,"darkness,_lighted_road",-87.622518648,6,no_indication_of_injury,2,9,no_defects,dry,E 87TH ST,no_controls,divided_-_w/median_(not_raised),clear,0,2018,119534
straight_and_level,1925,improper_backing,no_controls,0,6,rear_end,0,10,0,0,2,0,0,0,1,41.942388045,daylight,-87.640791573,6,no_indication_of_injury,2,25,no_defects,dry,W ALDINE AVE,no_controls,one-way,clear,0,2018,116590
straight_and_level,2223,unable_to_determine,functioning_properly,0,2,fixed_object,1,3,0,0,1,0,0,0,4,41.721635015,"darkness,_lighted_road",-87.638303281,6,no_indication_of_injury,1,30,no_defects,dry,W 95TH ST,traffic_signal,divided_-_w/median_barrier,clear,0,2018,127333
straight_and_level,332,"operating_vehicle_in_erratic,_reckless,_careless,_negligent_or_aggressive_manner",functioning_properly,0,6,turning,0,16,0,0,4,1,0,1,6,41.773292896,daylight,-87.586442368,6,nonincapacitating_injury,2,30,no_defects,dry,S STONY ISLAND AVE,traffic_signal,divided_-_w/median_barrier,clear,0,2018,139402
straight_and_level,1732,improper_lane_usage,no_controls,0,1,pedalcyclist,0,7,0,0,1,1,0,0,2,41.939242842,daylight,-87.723901261,6,nonincapacitating_injury,2,30,unknown,dry,W BELMONT AVE,no_controls,not_divided,clear,0,2018,175333
straight_and_level,2515,not_applicable,no_controls,0,3,parked_motor_vehicle,1,11,0,0,1,0,0,0,2,41.923737656,daylight,-87.77443712,6,no_indication_of_injury,2,30,no_defects,dry,W FULLERTON AVE,no_controls,not_divided,clear,0,2018,136728
straight_and_level,2011,unable_to_determine,functioning_properly,0,3,sideswipe_same_direction,0,16,0,0,4,0,0,1,4,41.983032278,daylight,-87.695089813,6,no_indication_of_injury,2,30,no_defects,dry,W BRYN MAWR AVE,traffic_signal,divided_-_w/median_(not_raised),clear,0,2018,120947
straight_and_level,614,not_applicable,other,0,1,parked_motor_vehicle,1,6,0,0,1,0,0,0,1,41.74429324,unknown,-87.65949551,6,no_indication_of_injury,2,20,other,wet,S BISHOP ST,no_controls,one-way,rain,0,2018,129176
straight_and_level,1633,following_too_closely,no_controls,0,4,rear_end,0,11,0,0,2,0,0,0,2,41.945593652,daylight,-87.766893218,6,no_indication_of_injury,2,30,no_defects,dry,N CENTRAL AVE,no_controls,divided_-_w/median_(not_raised),clear,0,2018,128689
straight_and_level,1211,improper_lane_usage,functioning_properly,0,1,pedalcyclist,1,15,0,0,1,0,1,0,4,41.896344584,daylight,-87.701386285,6,"reported,_not_evident",2,30,no_defects,dry,W GRAND AVE,traffic_signal,not_divided,clear,0,2018,131550
straight_and_level,121,driving_skills/knowledge/experience,no_controls,0,3,rear_end,0,9,0,0,2,0,0,0,2,41.885575521,daylight,-87.642916789,6,no_indication_of_injury,2,35,no_defects,dry,N JEFFERSON ST,no_controls,other,clear,0,2018,134196
straight_and_level,722,improper_turning/no_signal,unknown,0,0,turning,0,21,0,0,7,0,0,1,2,41.769289715,"darkness,_lighted_road",-87.626137469,6,no_indication_of_injury,2,30,unknown,unknown,W 69TH ST,traffic_signal,center_turn_lane,fog/smoke/haze,0,2018,128743
straight_and_level,114,driving_skills/knowledge/experience,no_controls,0,2,fixed_object,0,3,0,0,1,0,0,0,3,41.868355441,"darkness,_lighted_road",-87.617697815,6,no_indication_of_injury,1,35,no_defects,wet,S LAKE SHORE DR W,no_controls,divided_-_w/median_barrier,clear,0,2018,129377
straight_and_level,1624,failing_to_yield_right-of-way,functioning_properly,0,5,angle,0,15,0,0,2,2,0,1,2,41.959627922,daylight,-87.753783028,6,nonincapacitating_injury,3,30,no_defects,dry,N MILWAUKEE AVE,stop_sign/flasher,not_divided,clear,0,2018,137370
straight_and_level,1832,improper_turning/no_signal,unknown,0,4,sideswipe_same_direction,0,12,0,0,2,0,0,1,2,41.89924865,daylight,-87.628346565,6,no_indication_of_injury,2,30,no_defects,dry,W DELAWARE PL,no_controls,one-way,clear,0,2018,137038
straight_and_level,1814,improper_turning/no_signal,no_controls,0,5,turning,0,16,0,0,2,0,0,0,2,41.911249656,daylight,-87.633300248,6,no_indication_of_injury,2,30,no_defects,dry,N LA SALLE DR,no_controls,not_divided,clear,0,2018,137508
straight_and_level,412,disregarding_stop_sign,functioning_properly,0,6,turning,0,23,0,0,3,0,0,0,2,41.740604917,"darkness,_lighted_road",-87.575628365,6,no_indication_of_injury,2,30,no_defects,wet,S JEFFERY BLVD,stop_sign/flasher,not_divided,rain,0,2018,132944
straight_on_grade,2221,improper_overtaking/passing,no_controls,0,6,sideswipe_same_direction,0,14,0,0,4,0,0,0,4,41.722941218,daylight,-87.662862871,6,no_indication_of_injury,2,30,no_defects,dry,S ASHLAND AVE,no_controls,divided_-_w/median_(not_raised),clear,0,2018,137826
straight_and_level,2532,following_too_closely,no_controls,0,1,rear_end,0,15,0,0,2,0,0,0,2,41.909499822,daylight,-87.764635599,6,no_indication_of_injury,2,30,no_defects,dry,W NORTH AVE,no_controls,not_divided,clear,0,2018,136473
straight_and_level,1224,unable_to_determine,functioning_properly,0,3,turning,1,15,0,0,2,0,0,1,4,41.885553809,daylight,-87.647528956,6,no_indication_of_injury,2,30,no_defects,dry,W LAKE ST,traffic_signal,not_divided,clear,0,2018,134483
straight_on_hillcrest,511,disregarding_traffic_signals,functioning_properly,0,5,pedalcyclist,0,11,0,0,2,1,0,1,4,41.714711594,daylight,-87.614099311,6,nonincapacitating_injury,2,30,no_defects,dry,E 99TH ST,traffic_signal,not_divided,clear,0,2018,134507
straight_and_level,1033,unable_to_determine,no_controls,0,3,parked_motor_vehicle,0,1,0,0,1,0,0,0,0,41.848154513,"darkness,_lighted_road",-87.699127253,6,no_indication_of_injury,2,15,no_defects,dry,S MARSHALL BLVD,no_controls,other,clear,0,2018,129768
straight_and_level,2013,following_too_closely,functioning_properly,0,2,rear_end,0,16,0,0,1,1,0,1,4,41.976303989,daylight,-87.668237702,6,nonincapacitating_injury,2,30,no_defects,dry,W FOSTER AVE,traffic_signal,divided_-_w/median_(not_raised),clear,0,2018,136355
straight_and_level,822,unable_to_determine,no_controls,0,1,rear_end,0,15,0,0,2,0,0,0,2,41.79529335,daylight,-87.703758272,6,no_indication_of_injury,2,25,no_defects,dry,S KEDZIE AVE,no_controls,divided_-_w/median_(not_raised),clear,0,2018,123516
straight_and_level,2012,improper_turning/no_signal,functioning_properly,0,1,turning,0,9,0,0,7,0,0,0,2,41.97594011,daylight,-87.689005529,6,no_indication_of_injury,2,30,no_defects,dry,N WESTERN AVE,traffic_signal,not_divided,clear,0,2018,111953
straight_and_level,1114,unable_to_determine,no_controls,0,2,angle,0,15,0,0,5,0,0,0,1,41.882782076,daylight,-87.728033747,6,no_indication_of_injury,2,20,no_defects,dry,N KARLOV AVE,no_controls,one-way,clear,0,2018,122129
straight_and_level,1234,unable_to_determine,no_controls,0,2,parked_motor_vehicle,1,15,0,0,2,0,0,0,2,41.856937115,daylight,-87.670049088,6,no_indication_of_injury,2,20,no_defects,dry,W 18TH PL,no_controls,not_divided,clear,0,2018,112211
straight_and_level,813,unable_to_determine,no_controls,0,6,sideswipe_same_direction,0,10,0,0,2,0,0,0,4,41.774853038,daylight,-87.7434563,6,no_indication_of_injury,2,35,no_defects,dry,W 65TH ST,no_controls,not_divided,clear,0,2018,119187
straight_and_level,712,improper_backing,no_controls,0,0,parked_motor_vehicle,0,6,0,0,1,0,0,0,1,41.787501226,daylight,-87.647267419,6,no_indication_of_injury,2,30,no_defects,dry,S PEORIA ST,no_controls,one-way,clear,0,2018,133099
straight_and_level,1224,unable_to_determine,no_controls,0,4,angle,0,13,0,0,5,0,0,0,2,41.883840443,daylight,-87.648440325,6,no_indication_of_injury,2,30,no_defects,dry,N GREEN ST,no_controls,not_divided,cloudy/overcast,0,2018,132205
straight_and_level,1021,unable_to_determine,no_controls,0,5,turning,0,11,0,0,2,0,0,0,2,41.856780438,daylight,-87.71012536,7,no_indication_of_injury,2,30,unknown,wet,S HOMAN AVE,no_controls,not_divided,rain,0,2018,146281
straight_and_level,733,failing_to_yield_right-of-way,no_controls,0,6,sideswipe_same_direction,0,19,0,0,0,6,0,0,2,41.761018738,daylight,-87.644454088,7,nonincapacitating_injury,2,30,no_defects,dry,S HALSTED ST,no_controls,divided_-_w/median_(not_raised),clear,0,2018,146300
straight_and_level,1231,failing_to_yield_right-of-way,no_controls,0,4,turning,1,12,0,0,3,0,0,0,6,41.873434566,daylight,-87.666433681,7,no_indication_of_injury,2,30,no_defects,dry,S ASHLAND AVE,no_controls,center_turn_lane,clear,0,2018,145423
straight_and_level,1132,unable_to_determine,no_controls,0,5,parked_motor_vehicle,1,20,0,0,1,0,0,0,1,41.875075582,"darkness,_lighted_road",-87.73195006,7,no_indication_of_injury,2,25,no_defects,wet,W VAN BUREN ST,no_controls,not_divided,rain,0,2018,145568
straight_and_level,2531,unable_to_determine,no_controls,0,3,rear_end,0,16,0,0,2,0,0,0,2,41.902179471,daylight,-87.770572427,7,no_indication_of_injury,2,30,no_defects,dry,W DIVISION ST,no_controls,divided_-_w/median_(not_raised),clear,0,2018,147001
straight_and_level,1031,unable_to_determine,no_controls,0,6,parked_motor_vehicle,1,1,0,0,1,0,0,0,3,41.840354402,darkness,-87.732536831,7,no_indication_of_injury,2,30,no_defects,dry,W 28TH ST,no_controls,one-way,clear,0,2018,148003
straight_and_level,631,unable_to_determine,functioning_properly,0,0,sideswipe_same_direction,0,14,0,0,2,0,0,0,2,41.7475738,daylight,-87.614811143,7,no_indication_of_injury,2,30,no_defects,dry,E 81ST ST,traffic_signal,not_divided,clear,0,2018,148246
straight_and_level,1212,unable_to_determine,no_controls,0,6,sideswipe_same_direction,0,1,0,0,2,0,0,0,2,41.896105111,darkness,-87.68455199,7,no_indication_of_injury,2,30,no_defects,dry,N OAKLEY BLVD,no_controls,not_divided,clear,0,2018,140533
straight_and_level,114,improper_overtaking/passing,functioning_properly,0,4,sideswipe_same_direction,0,14,0,0,2,0,0,1,4,41.882048398,daylight,-87.62421733,7,no_indication_of_injury,2,30,no_defects,wet,S MICHIGAN AVE,stop_sign/flasher,not_divided,clear,0,2018,145390
straight_and_level,1113,following_too_closely,no_controls,0,4,rear_end,1,14,0,0,3,0,0,0,4,41.88688882,daylight,-87.745361373,7,no_indication_of_injury,3,35,unknown,dry,N CICERO AVE,no_controls,not_divided,clear,0,2018,145143
straight_and_level,2535,unable_to_determine,no_controls,0,0,parked_motor_vehicle,0,20,0,0,1,0,0,1,2,41.91655336,"darkness,_lighted_road",-87.720274798,7,no_indication_of_injury,2,30,no_defects,dry,N RIDGEWAY AVE,no_controls,not_divided,clear,0,2018,147087
straight_and_level,2011,following_too_closely,no_controls,0,5,rear_end,0,9,0,0,2,0,0,0,2,41.98205255,daylight,-87.693541211,7,no_indication_of_injury,2,30,no_defects,dry,N LINCOLN AVE,no_controls,not_divided,clear,0,2018,145496
straight_and_level,2011,unable_to_determine,no_controls,0,4,parked_motor_vehicle,1,15,0,0,1,0,0,0,1,41.979629258,unknown,-87.691064577,7,no_indication_of_injury,2,25,unknown,unknown,W BALMORAL AVE,no_controls,one-way,unknown,0,2018,140941
straight_and_level,2424,unable_to_determine,no_controls,0,3,angle,0,16,0,1,1,0,0,1,2,42.01146046,daylight,-87.674593452,7,incapacitating_injury,2,30,unknown,dry,N CLARK ST,no_controls,divided_-_w/median_(not_raised),clear,0,2018,147483
straight_and_level,1614,following_too_closely,no_controls,0,1,rear_end,0,16,0,1,2,0,0,0,2,41.957603991,daylight,-87.836821237,7,incapacitating_injury,3,30,no_defects,dry,N CUMBERLAND AVE,no_controls,divided_-_w/median_barrier,clear,0,2018,139450
straight_and_level,1613,bicycle_advancing_legally_on_red_light,no_controls,0,2,pedalcyclist,0,12,0,0,2,0,0,0,1,41.968379928,daylight,-87.807101534,7,no_indication_of_injury,2,30,no_defects,dry,W GUNNISON ST,no_controls,not_divided,clear,0,2018,146578
straight_and_level,2233,failing_to_yield_right-of-way,no_controls,0,4,turning,0,20,0,0,2,0,0,0,4,41.691472109,"darkness,_lighted_road",-87.642502007,7,no_indication_of_injury,2,30,no_defects,dry,S HALSTED ST,no_controls,divided_-_w/median_barrier,clear,0,2018,142488
straight_and_level,1824,unable_to_determine,no_controls,0,3,rear_end,0,15,0,0,9,0,0,0,3,41.904076743,daylight,-87.624803937,7,no_indication_of_injury,2,45,no_defects,dry,N LAKE SHORE DR SB,no_controls,one-way,clear,0,2018,139762
straight_and_level,1523,unable_to_determine,no_controls,0,4,parked_motor_vehicle,0,20,0,0,1,0,0,0,1,41.885884079,"darkness,_lighted_road",-87.760967051,7,no_indication_of_injury,2,15,no_defects,dry,W FULTON ST,no_controls,one-way,clear,0,2018,142962
straight_and_level,632,unable_to_determine,no_controls,0,4,rear_end,0,17,0,0,2,0,0,0,2,41.743682187,daylight,-87.615938672,7,no_indication_of_injury,2,30,unknown,dry,E 83RD ST,no_controls,not_divided,clear,0,2018,142342
straight_and_level,1032,unable_to_determine,no_controls,0,4,turning,0,15,0,0,2,0,0,0,4,41.838114152,daylight,-87.704994465,7,no_indication_of_injury,2,30,no_defects,dry,S KEDZIE AVE,no_controls,divided_-_w/median_(not_raised),clear,0,2018,147680
straight_and_level,2221,exceeding_authorized_speed_limit,unknown,0,0,sideswipe_same_direction,0,22,0,0,1,3,0,0,4,41.724094917,"darkness,_lighted_road",-87.662600604,7,nonincapacitating_injury,3,35,no_defects,dry,S ASHLAND AVE,no_controls,divided_-_w/median_(not_raised),clear,0,2018,141220
straight_and_level,511,following_too_closely,functioning_properly,0,3,rear_end,0,16,0,0,2,0,0,0,4,41.713330982,daylight,-87.628613896,7,no_indication_of_injury,2,30,no_defects,dry,S WENTWORTH AVE,traffic_signal,divided_-_w/median_(not_raised),clear,0,2018,139383
straight_and_level,132,driving_on_wrong_side/wrong_way,no_controls,0,2,sideswipe_opposite_direction,0,22,0,0,2,0,0,0,1,41.866436012,"darkness,_lighted_road",-87.613998339,7,no_indication_of_injury,2,20,no_defects,dry,E SOLIDARITY DR,no_controls,other,clear,0,2018,149065
straight_and_level,2011,improper_lane_usage,no_controls,0,4,turning,0,11,0,0,2,0,0,0,2,41.990299689,daylight,-87.705133214,7,no_indication_of_injury,2,25,no_defects,dry,W PETERSON AVE,no_controls,parking_lot,snow,0,2018,147434
straight_and_level,822,improper_lane_usage,no_controls,0,5,sideswipe_same_direction,0,4,0,0,3,0,0,0,4,41.789396567,dawn,-87.722911784,7,no_indication_of_injury,2,30,no_defects,dry,S PULASKI RD,no_controls,not_divided,clear,0,2018,142786
straight_and_level,324,failing_to_yield_right-of-way,functioning_properly,0,4,turning,0,8,0,0,2,0,0,1,2,41.758932092,daylight,-87.579350995,7,no_indication_of_injury,2,30,no_defects,dry,S BENNETT AVE,stop_sign/flasher,divided_-_w/median_(not_raised),clear,0,2018,142530
straight_and_level,1823,improper_lane_usage,functioning_properly,0,5,sideswipe_same_direction,0,21,0,0,2,0,0,1,4,41.903742983,"darkness,_lighted_road",-87.634551362,7,no_indication_of_injury,2,30,no_defects,dry,W DIVISION ST,traffic_signal,not_divided,clear,0,2018,142754
straight_and_level,2412,unable_to_determine,other,0,3,angle,0,16,0,0,3,0,1,1,2,41.997820425,daylight,-87.69104545,7,"reported,_not_evident",4,30,no_defects,dry,W DEVON AVE,stop_sign/flasher,divided_-_w/median_(not_raised),clear,0,2018,147466
straight_and_level,211,unable_to_determine,no_controls,0,5,parked_motor_vehicle,1,17,0,0,1,0,0,0,1,41.833293769,daylight,-87.61685734,7,no_indication_of_injury,2,0,no_defects,dry,S DR MARTIN LUTHER KING JR DR,no_controls,parking_lot,clear,0,2018,140536
straight_and_level,122,unable_to_determine,functioning_properly,0,6,turning,0,11,0,0,2,0,0,1,6,41.885761124,dawn,-87.632595153,7,no_indication_of_injury,2,30,no_defects,wet,N LA SALLE ST,traffic_signal,divided_-_w/median_barrier,rain,0,2018,143312
straight_and_level,331,unable_to_determine,no_controls,0,6,parked_motor_vehicle,1,13,0,0,1,0,0,0,1,41.769105255,unknown,-87.575009091,7,no_indication_of_injury,2,30,no_defects,dry,S CHAPPEL AVE,no_controls,one-way,clear,0,2018,140836
straight_and_level,2221,failing_to_yield_right-of-way,functioning_properly,0,3,turning,1,16,0,0,4,0,0,1,4,41.73020471,daylight,-87.663046692,7,no_indication_of_injury,2,30,unknown,dry,S ASHLAND AVE,stop_sign/flasher,divided_-_w/median_(not_raised),clear,0,2018,144712
straight_and_level,221,following_too_closely,no_controls,0,5,rear_end,0,11,0,0,1,1,0,0,2,41.809572517,daylight,-87.611394621,7,nonincapacitating_injury,2,30,no_defects,dry,E 47TH ST,no_controls,not_divided,clear,0,2018,142845