alignment,beat,contributory_cause,device_condition,dooring,dow,first_crash_type,hit_and_run,hour,injuries_fatal,injuries_incapacitating,injuries_no_indication,injuries_non_incapacitating,injuries_reported_not_evident,intersection_related,lane_count,latitude,lighting_condition,longitude,month,most_severe_injury,num_units,posted_speed_limit,road_defect,roadway_surface_cond,street,traffic_control_device,trafficway_type,weather_condition,work_zone,year,i
straight_and_level,1731,disregarding_traffic_signals,functioning_properly,0,4,turning,0,18,0,0,2,0,0,0,4,41.941111071,daylight,-87.727386304,7,no_indication_of_injury,2,30,unknown,unknown,N MILWAUKEE AVE,stop_sign/flasher,divided_-_w/median_(not_raised),clear,0,2018,148300
straight_and_level,832,unable_to_determine,no_controls,0,3,rear_end,1,13,0,0,3,0,0,0,2,41.772050447,daylight,-87.685823662,7,no_indication_of_injury,3,25,unknown,dry,W MARQUETTE RD,no_controls,not_divided,clear,0,2018,147334
straight_and_level,734,following_too_closely,functioning_properly,0,0,rear_end,1,17,0,0,3,0,0,0,2,41.76859881,daylight,-87.654354405,7,no_indication_of_injury,2,25,no_defects,dry,S RACINE AVE,traffic_signal,not_divided,clear,0,2018,148558
straight_and_level,1131,unable_to_determine,no_controls,0,4,rear_end,0,8,0,0,3,0,0,0,2,41.87434216,daylight,-87.734833909,7,no_indication_of_injury,2,30,unknown,dry,W CONGRESS PKWY,no_controls,not_divided,clear,0,2018,145119
straight_and_level,1915,unable_to_determine,no_controls,0,4,rear_end,1,17,0,0,2,0,0,0,2,41.954682326,daylight,-87.649113709,7,no_indication_of_injury,2,30,no_defects,dry,W IRVING PARK RD,no_controls,divided_-_w/median_barrier,clear,0,2018,142418
straight_and_level,2012,improper_turning/no_signal,functioning_properly,0,0,sideswipe_same_direction,0,4,0,0,2,0,0,0,2,41.989009755,dawn,-87.674805814,7,no_indication_of_injury,2,25,unknown,dry,N RAVENSWOOD AVE,traffic_signal,not_divided,clear,0,2018,138249
straight_and_level,114,failing_to_reduce_speed_to_avoid_crash,functioning_properly,0,5,rear_end,0,9,0,0,2,0,0,1,5,41.867594625,daylight,-87.622497474,7,no_indication_of_injury,2,30,no_defects,dry,E ROOSEVELT RD,traffic_signal,divided_-_w/median_barrier,clear,0,2018,148015
straight_and_level,1623,improper_overtaking/passing,functioning_properly,0,3,sideswipe_same_direction,0,9,0,0,2,0,0,1,2,41.975056892,daylight,-87.767957059,7,no_indication_of_injury,2,30,no_defects,dry,N NORTHWEST HWY,traffic_signal,divided_-_w/median_(not_raised),clear,0,2018,148021
straight_and_level,623,disregarding_traffic_signals,functioning_properly,0,6,angle,1,2,0,0,1,1,0,1,0,41.756304116,"darkness,_lighted_road",-87.625291055,7,nonincapacitating_injury,2,30,no_defects,dry,W 76TH ST,traffic_signal,other,clear,0,2018,141651
straight_and_level,234,unable_to_determine,functioning_properly,0,2,fixed_object,0,15,0,0,1,0,0,0,2,41.801829631,daylight,-87.587826048,7,no_indication_of_injury,1,30,no_defects,dry,S LAKE PARK AVE,traffic_signal,divided_-_w/median_(not_raised),clear,0,2018,140595
straight_and_level,1224,unable_to_determine,no_controls,0,2,parked_motor_vehicle,0,23,0,0,1,0,0,0,2,41.883715076,darkness,-87.65106665,7,no_indication_of_injury,2,30,no_defects,dry,N SANGAMON ST,no_controls,not_divided,clear,0,2018,139500
straight_and_level,1814,improper_turning/no_signal,no_controls,0,4,turning,0,8,0,0,3,0,0,0,4,41.916484592,daylight,-87.635050424,7,no_indication_of_injury,2,30,no_defects,dry,N CLARK ST,no_controls,divided_-_w/median_(not_raised),clear,0,2018,142361
straight_and_level,1432,unable_to_determine,no_controls,0,4,turning,0,12,0,0,2,0,0,0,4,41.920772878,daylight,-87.687367163,7,no_indication_of_injury,2,30,no_defects,dry,N WESTERN AVE,no_controls,divided_-_w/median_(not_raised),clear,0,2018,140127
straight_and_level,2514,failing_to_yield_right-of-way,no_controls,0,2,turning,0,15,0,0,4,0,0,1,2,41.933008084,daylight,-87.76501726,7,no_indication_of_injury,2,30,no_defects,dry,W GEORGE ST,no_controls,not_divided,clear,0,2018,148984
straight_and_level,1422,unable_to_determine,no_controls,0,4,sideswipe_same_direction,0,12,0,0,2,0,0,0,4,41.90992855,daylight,-87.713071012,7,no_indication_of_injury,2,30,other,dry,W NORTH AVE,no_controls,divided_-_w/median_barrier,clear,0,2018,139811
straight_and_level,822,unable_to_determine,unknown,0,0,parked_motor_vehicle,1,4,0,0,1,0,0,0,2,41.78963574,dusk,-87.712100456,7,no_indication_of_injury,2,25,unknown,dry,W 57TH ST,no_controls,not_divided,clear,0,2018,143474
straight_and_level,2524,unable_to_determine,no_controls,0,6,other_object,0,23,0,0,1,0,0,0,2,41.924666501,darkness,-87.720724285,7,no_indication_of_injury,1,30,"rut,_holes",dry,W FULLERTON AVE,no_controls,not_divided,clear,0,2018,145957
straight_and_level,1922,equipment_-_vehicle_condition,no_controls,0,2,sideswipe_opposite_direction,0,8,0,0,1,1,0,0,1,41.95065902,daylight,-87.675786739,7,nonincapacitating_injury,2,30,no_defects,dry,W GRACE ST,no_controls,not_divided,clear,0,2018,148945
straight_and_level,1631,animal,no_controls,0,3,animal,0,20,0,0,0,1,0,0,4,41.940355782,dusk,-87.836817356,7,nonincapacitating_injury,1,35,no_defects,dry,W FOREST PRESERVE AVE,no_controls,divided_-_w/median_(not_raised),clear,0,2018,147496
straight_and_level,734,disregarding_traffic_signals,functioning_properly,0,0,angle,0,18,0,0,2,0,3,1,2,41.76500934,daylight,-87.65426109,7,"reported,_not_evident",2,30,no_defects,dry,S RACINE AVE,traffic_signal,not_divided,clear,0,2018,148260
straight_and_level,1622,unable_to_determine,no_controls,0,5,parked_motor_vehicle,0,4,0,0,1,0,0,0,1,41.989426595,dawn,-87.776598616,7,no_indication_of_injury,2,30,no_defects,dry,N ELSTON AVE,no_controls,not_divided,clear,0,2018,145847
straight_and_level,731,following_too_closely,unknown,0,5,sideswipe_same_direction,1,5,0,0,3,0,0,1,2,41.765543643,unknown,-87.629835905,7,no_indication_of_injury,2,30,unknown,unknown,W 71ST ST,traffic_signal,not_divided,unknown,0,2018,149579
straight_and_level,1931,unable_to_determine,no_controls,0,4,fixed_object,0,16,0,0,1,0,0,0,2,41.928603173,daylight,-87.673136725,7,no_indication_of_injury,1,30,no_defects,dry,W WRIGHTWOOD AVE,no_controls,not_divided,clear,0,2018,142445
straight_on_grade,1135,unable_to_determine,no_controls,0,4,parked_motor_vehicle,1,8,0,0,1,0,0,0,2,41.873714523,daylight,-87.692831535,7,no_indication_of_injury,2,30,no_defects,dry,W HARRISON ST,traffic_signal,not_divided,clear,0,2018,139819
straight_and_level,732,not_applicable,functioning_properly,0,4,other_object,0,6,0,0,1,0,0,0,2,41.768844419,daylight,-87.637302448,7,no_indication_of_injury,2,30,no_defects,dry,W 69TH ST,traffic_signal,not_divided,clear,0,2018,95393
straight_and_level,1832,failing_to_yield_right-of-way,no_controls,0,1,sideswipe_same_direction,0,4,0,0,2,0,0,0,3,41.892501394,"darkness,_lighted_road",-87.633838989,7,no_indication_of_injury,2,30,no_defects,dry,W OHIO ST,no_controls,one-way,clear,0,2018,143913
straight_and_level,1222,following_too_closely,functioning_properly,0,3,rear_end,0,5,0,0,2,0,0,0,2,41.884142519,daylight,-87.701439894,7,no_indication_of_injury,2,30,no_defects,dry,N SACRAMENTO BLVD,traffic_signal,not_divided,clear,0,2018,141973
straight_and_level,1924,following_too_closely,functioning_properly,0,2,rear_end,0,17,0,0,7,0,1,1,6,41.944418929,daylight,-87.654390469,7,"reported,_not_evident",2,30,unknown,unknown,N SHEFFIELD AVE,traffic_signal,not_divided,clear,0,2018,138988
straight_and_level,223,unable_to_determine,no_controls,0,2,fixed_object,0,12,0,0,1,0,0,0,2,41.809407505,daylight,-87.607551792,7,no_indication_of_injury,1,0,no_defects,dry,E 47TH ST,no_controls,divided_-_w/median_(not_raised),clear,0,2018,144216
straight_and_level,1711,following_too_closely,no_controls,0,3,rear_end,0,18,0,0,3,0,0,0,4,41.990228387,daylight,-87.729999206,7,no_indication_of_injury,3,30,no_defects,dry,W PETERSON AVE,no_controls,divided_-_w/median_(not_raised),clear,0,2018,141944
straight_and_level,1834,failing_to_reduce_speed_to_avoid_crash,functioning_properly,0,5,rear_end,0,20,0,0,1,0,1,0,2,41.890828501,"darkness,_lighted_road",-87.627889869,7,"reported,_not_evident",2,35,no_defects,dry,N STATE ST,traffic_signal,not_divided,clear,0,2018,140248
straight_and_level,123,unable_to_determine,no_controls,0,6,turning,0,15,0,0,5,0,0,0,2,41.87438111,daylight,-87.632807478,7,no_indication_of_injury,2,30,no_defects,dry,W HARRISON ST,no_controls,not_divided,clear,0,2018,143239
straight_and_level,211,unable_to_determine,no_controls,0,2,parked_motor_vehicle,1,11,0,0,1,0,0,0,2,41.835954886,daylight,-87.613350154,7,no_indication_of_injury,2,30,unknown,unknown,E 32ND ST,no_controls,not_divided,clear,0,2018,149806
straight_and_level,1032,driving_skills/knowledge/experience,no_controls,0,0,sideswipe_same_direction,0,17,0,0,3,0,0,0,1,41.839101289,daylight,-87.708602697,7,no_indication_of_injury,3,30,no_defects,dry,W 30TH ST,no_controls,one-way,clear,0,2018,143832
straight_and_level,432,improper_overtaking/passing,no_controls,0,5,sideswipe_same_direction,1,17,0,0,2,0,0,0,3,41.70438329,daylight,-87.526488572,7,no_indication_of_injury,2,30,no_defects,wet,S INDIANAPOLIS AVE,no_controls,not_divided,rain,0,2018,146563
straight_and_level,1235,improper_turning/no_signal,no_controls,0,2,parked_motor_vehicle,0,12,0,0,2,0,0,0,2,41.857662543,daylight,-87.640169851,7,no_indication_of_injury,2,30,no_defects,dry,S CANALPORT AVE,no_controls,divided_-_w/median_(not_raised),clear,0,2018,141604
straight_and_level,1823,failing_to_yield_right-of-way,functioning_properly,1,1,pedalcyclist,0,16,0,0,1,1,0,1,2,41.899687954,daylight,-87.637142379,7,nonincapacitating_injury,2,30,no_defects,dry,N ORLEANS ST,stop_sign/flasher,not_divided,clear,0,2018,148934
straight_and_level,835,following_too_closely,no_controls,0,6,parked_motor_vehicle,0,22,0,0,1,0,2,0,2,41.755352812,"darkness,_lighted_road",-87.708204408,7,"reported,_not_evident",2,20,no_defects,dry,W 76TH ST,no_controls,not_divided,clear,0,2018,143972
straight_and_level,822,unable_to_determine,functioning_properly,0,6,fixed_object,0,1,0,0,1,0,0,1,4,41.793022192,"darkness,_lighted_road",-87.723005203,7,no_indication_of_injury,1,35,no_defects,wet,S PULASKI RD,traffic_signal,divided_-_w/median_(not_raised),rain,0,2018,145456
straight_and_level,2234,unable_to_determine,functioning_improperly,0,5,parked_motor_vehicle,1,12,0,0,1,0,0,0,2,41.696184193,daylight,-87.652088343,7,no_indication_of_injury,2,30,no_defects,dry,S RACINE AVE,stop_sign/flasher,divided_-_w/median_(not_raised),clear,0,2018,142855
straight_and_level,121,improper_overtaking/passing,functioning_properly,0,2,sideswipe_same_direction,0,9,0,0,3,0,0,0,4,41.880699246,daylight,-87.639725027,7,no_indication_of_injury,2,30,no_defects,dry,W MONROE ST,traffic_signal,not_divided,clear,0,2018,141732
straight_and_level,1211,following_too_closely,no_controls,0,5,rear_end,0,20,0,0,2,0,0,0,2,41.90281333,"darkness,_lighted_road",-87.697128814,7,no_indication_of_injury,2,30,no_defects,wet,W DIVISION ST,no_controls,not_divided,cloudy/overcast,0,2018,145859
straight_and_level,1722,unable_to_determine,no_controls,0,1,fixed_object,0,9,0,0,2,0,0,0,2,41.957334307,daylight,-87.732733236,7,no_indication_of_injury,1,30,no_defects,dry,N KEELER AVE,stop_sign/flasher,one-way,clear,0,2018,140867
straight_and_level,1511,failing_to_yield_right-of-way,functioning_properly,0,0,angle,0,15,0,0,2,0,0,1,2,41.898571792,daylight,-87.768012945,7,no_indication_of_injury,2,30,no_defects,dry,W AUGUSTA BLVD,stop_sign/flasher,divided_-_w/median_(not_raised),clear,0,2018,143539
straight_and_level,1621,road_construction/maintenance,no_controls,0,2,turning,0,8,0,0,2,0,0,1,4,41.995718667,daylight,-87.763589375,7,no_indication_of_injury,2,35,no_defects,dry,N CALDWELL AVE,no_controls,not_divided,clear,1,2018,148929
straight_and_level,434,unable_to_determine,functioning_properly,0,2,fixed_object,0,18,0,0,1,0,0,0,4,41.669213711,daylight,-87.559402246,7,no_indication_of_injury,1,40,no_defects,dry,S TORRENCE AVE,other,divided_-_w/median_(not_raised),clear,0,2018,146846
straight_and_level,1234,failing_to_yield_right-of-way,functioning_properly,0,1,angle,0,17,0,0,5,0,0,1,2,41.856921621,daylight,-87.671224762,7,no_indication_of_injury,2,30,unknown,unknown,S WOOD ST,stop_sign/flasher,not_divided,clear,0,2018,141290
straight_and_level,131,following_too_closely,functioning_properly,0,3,sideswipe_same_direction,0,16,0,0,3,0,0,0,7,41.867323482,daylight,-87.625653447,7,no_indication_of_injury,2,30,no_defects,dry,E ROOSEVELT RD,traffic_signal,divided_-_w/median_(not_raised),clear,0,2018,142068
straight_and_level,2533,"operating_vehicle_in_erratic,_reckless,_careless,_negligent_or_aggressive_manner",no_controls,0,5,pedestrian,0,8,0,1,2,0,0,0,2,41.90241957,daylight,-87.750143531,7,incapacitating_injury,2,30,no_defects,dry,W DIVISION ST,no_controls,not_divided,clear,0,2018,148075
straight_and_level,131,failing_to_yield_right-of-way,no_controls,0,4,sideswipe_same_direction,0,8,0,0,2,0,0,0,4,41.864999533,daylight,-87.624243006,7,no_indication_of_injury,2,30,no_defects,dry,S MICHIGAN AVE,no_controls,divided_-_w/median_barrier,clear,0,2018,142366
straight_and_level,823,unable_to_determine,no_controls,0,6,parked_motor_vehicle,1,1,0,0,1,0,0,0,1,41.775588495,"darkness,_lighted_road",-87.699246438,7,no_indication_of_injury,2,30,no_defects,wet,S WHIPPLE ST,no_controls,one-way,unknown,0,2018,145856
straight_and_level,1034,improper_backing,no_controls,0,2,rear_end,0,20,0,0,2,0,0,0,1,41.848511059,darkness,-87.685416996,7,no_indication_of_injury,2,30,no_defects,dry,W 24TH ST,no_controls,not_divided,clear,0,2018,148978
straight_and_level,2411,following_too_closely,no_controls,0,1,rear_end,0,14,0,0,2,0,0,0,1,42.012100099,daylight,-87.683556213,7,no_indication_of_injury,2,30,no_defects,dry,W TOUHY AVE,no_controls,not_divided,clear,0,2018,138619
straight_and_level,1611,equipment_-_vehicle_condition,no_controls,0,3,parked_motor_vehicle,0,20,0,0,1,0,0,0,2,41.995533881,"darkness,_lighted_road",-87.80413857,7,no_indication_of_injury,3,30,no_defects,dry,N NORTHWEST HWY,no_controls,divided_-_w/median_(not_raised),clear,0,2018,145114
straight_and_level,512,failing_to_yield_right-of-way,functioning_properly,0,5,turning,0,11,0,0,1,2,0,1,2,41.707715064,daylight,-87.586249797,7,nonincapacitating_injury,2,55,no_defects,dry,S STONY ISLAND EXT AVE,traffic_signal,divided_-_w/median_barrier,clear,0,2018,140236
straight_and_level,132,improper_lane_usage,no_controls,0,1,sideswipe_same_direction,0,10,0,0,2,0,0,0,3,41.851199837,daylight,-87.618819484,7,no_indication_of_injury,2,30,no_defects,dry,S DR MARTIN LUTHER KING JR DR,no_controls,driveway,clear,0,2018,144003
straight_and_level,1834,failing_to_reduce_speed_to_avoid_crash,no_controls,0,6,fixed_object,0,16,0,0,5,0,0,0,2,41.895108106,"darkness,_lighted_road",-87.621807923,7,no_indication_of_injury,1,30,unknown,unknown,E HURON ST,no_controls,parking_lot,unknown,0,2018,145864
straight_on_hillcrest,524,unable_to_determine,functioning_properly,0,5,overturned,1,22,0,0,1,0,0,0,2,41.678532035,"darkness,_lighted_road",-87.642077388,7,no_indication_of_injury,1,30,no_defects,wet,S HALSTED ST,stop_sign/flasher,divided_-_w/median_barrier,rain,0,2018,145922
straight_and_level,1831,failing_to_yield_right-of-way,no_controls,1,3,pedalcyclist,0,10,0,0,1,1,0,0,2,41.896542545,daylight,-87.634347755,7,nonincapacitating_injury,2,30,unknown,dry,N WELLS ST,no_controls,not_divided,clear,0,2018,147017
straight_and_level,2515,improper_turning/no_signal,no_controls,0,5,turning,1,2,0,0,2,0,0,0,2,41.919323343,"darkness,_lighted_road",-87.768270721,7,no_indication_of_injury,2,30,no_defects,dry,W GRAND AVE,no_controls,not_divided,clear,0,2018,145497
straight_and_level,423,unable_to_determine,no_controls,0,2,sideswipe_same_direction,0,23,0,0,4,0,0,0,2,41.737285572,"darkness,_lighted_road",-87.551575144,7,no_indication_of_injury,2,30,no_defects,dry,S COMMERCIAL AVE,no_controls,not_divided,clear,0,2018,147019
straight_and_level,2011,following_too_closely,functioning_properly,0,3,rear_end,0,5,0,0,2,0,0,0,4,41.976121122,daylight,-87.689307316,7,no_indication_of_injury,2,30,no_defects,dry,N WESTERN AVE,traffic_signal,not_divided,clear,0,2018,142020
straight_and_level,1111,exceeding_authorized_speed_limit,functioning_properly,0,3,turning,0,21,0,0,2,0,0,1,4,41.902307989,"darkness,_lighted_road",-87.745830587,7,no_indication_of_injury,2,30,no_defects,dry,N CICERO AVE,traffic_signal,not_divided,clear,0,2018,139302
straight_on_hillcrest,431,"operating_vehicle_in_erratic,_reckless,_careless,_negligent_or_aggressive_manner",no_controls,0,3,parked_motor_vehicle,0,15,0,0,1,0,0,0,2,41.722731656,daylight,-87.544600987,7,no_indication_of_injury,2,30,no_defects,dry,E 95TH ST,no_controls,not_divided,clear,0,2018,139406
straight_and_level,612,unable_to_determine,no_controls,0,0,parked_motor_vehicle,1,13,0,0,1,0,0,0,0,41.755464413,daylight,-87.65371782,7,no_indication_of_injury,2,0,no_defects,dry,S RACINE AVE,no_controls,parking_lot,clear,0,2018,138252
straight_and_level,714,unable_to_determine,no_controls,0,1,head_on,0,1,0,0,3,0,0,0,2,41.782506299,darkness,-87.668996612,7,no_indication_of_injury,2,30,no_defects,dry,S WOOD ST,no_controls,not_divided,clear,0,2018,140843
straight_and_level,1814,improper_overtaking/passing,functioning_properly,0,2,sideswipe_same_direction,0,8,0,0,2,0,0,1,8,41.911272006,daylight,-87.633228987,7,no_indication_of_injury,2,30,no_defects,dry,W NORTH AVE,traffic_signal,divided_-_w/median_(not_raised),clear,0,2018,139456
straight_and_level,1122,failing_to_yield_right-of-way,not_functioning,0,1,angle,0,17,0,0,0,3,0,1,8,41.881671576,daylight,-87.715938208,7,nonincapacitating_injury,2,30,no_defects,dry,W WASHINGTON BLVD,traffic_signal,not_divided,clear,0,2018,141933
straight_and_level,2211,"vision_obscured_(signs,_tree_limbs,_buildings,_etc.)",other,0,1,rear_end,0,17,0,0,2,0,0,0,2,41.691729726,daylight,-87.696377521,7,no_indication_of_injury,2,30,unknown,unknown,W 111TH ST,other_railroad_crossing,not_divided,clear,0,2018,143942
straight_and_level,1831,unable_to_determine,functioning_properly,0,0,sideswipe_same_direction,0,11,0,0,3,0,0,1,3,41.890823318,daylight,-87.634197239,7,no_indication_of_injury,2,25,no_defects,dry,N WELLS ST,traffic_signal,one-way,clear,0,2018,138318
straight_and_level,223,unable_to_determine,no_controls,0,1,rear_end,0,12,0,0,2,0,0,0,0,41.808901664,daylight,-87.606696966,7,no_indication_of_injury,2,0,no_defects,dry,S COTTAGE GROVE AVE,no_controls,parking_lot,clear,0,2018,146595
straight_and_level,412,unable_to_determine,no_controls,0,1,rear_end,1,18,0,0,3,0,0,0,3,41.738683185,daylight,-87.585833234,7,no_indication_of_injury,3,30,unknown,dry,S STONY ISLAND AVE,no_controls,not_divided,clear,0,2018,143997
straight_and_level,2521,following_too_closely,functioning_properly,0,1,rear_end,0,16,0,0,2,0,0,1,4,41.934885529,daylight,-87.746581541,7,no_indication_of_injury,2,30,no_defects,dry,N CICERO AVE,traffic_signal,divided_-_w/median_(not_raised),clear,0,2018,141274
straight_and_level,731,failing_to_yield_right-of-way,no_controls,0,1,angle,0,17,0,0,2,0,0,0,2,41.765465928,daylight,-87.628073682,7,no_indication_of_injury,2,30,no_defects,dry,S VINCENNES AVE,no_controls,not_divided,clear,0,2018,146993
straight_and_level,131,unable_to_determine,no_controls,0,0,fixed_object,0,14,0,0,1,0,0,0,2,41.855307141,daylight,-87.629497168,7,no_indication_of_injury,1,30,no_defects,dry,S ARCHER AVE,no_controls,divided_-_w/median_(not_raised),clear,0,2018,138647
straight_and_level,1235,improper_overtaking/passing,no_controls,0,3,sideswipe_same_direction,0,15,0,0,2,0,0,0,2,41.855411785,daylight,-87.645286306,7,no_indication_of_injury,2,30,no_defects,dry,S UNION AVE,no_controls,one-way,clear,0,2018,147139
straight_and_level,1712,unable_to_determine,functioning_properly,0,1,rear_end,0,14,0,0,2,0,0,0,2,41.968408669,daylight,-87.72276878,7,no_indication_of_injury,2,30,no_defects,wet,W LAWRENCE AVE,traffic_signal,divided_-_w/median_(not_raised),rain,0,2018,144014
straight_and_level,834,driving_skills/knowledge/experience,no_controls,0,4,angle,0,9,0,0,2,0,0,0,1,41.73528212,daylight,-87.702994383,7,no_indication_of_injury,2,20,no_defects,dry,W 87TH ST,no_controls,parking_lot,clear,0,2018,142481
straight_and_level,1622,not_applicable,no_controls,0,0,parked_motor_vehicle,0,17,0,0,2,0,0,0,1,41.972125815,daylight,-87.771121557,7,no_indication_of_injury,2,20,no_defects,dry,N MAJOR AVE,no_controls,one-way,clear,0,2018,140967
straight_and_level,2031,failing_to_yield_right-of-way,no_controls,0,1,parked_motor_vehicle,1,9,0,0,1,0,0,0,1,41.970633583,daylight,-87.696176158,7,no_indication_of_injury,2,30,no_defects,dry,W AINSLIE ST,no_controls,one-way,clear,0,2018,145037
straight_and_level,2211,failing_to_yield_right-of-way,no_controls,0,2,sideswipe_same_direction,0,17,0,0,2,0,0,1,1,41.693047036,daylight,-87.718112536,7,no_indication_of_injury,2,20,no_defects,dry,S SPRINGFIELD AVE,no_controls,not_divided,clear,0,2018,138929
straight_and_level,132,unable_to_determine,no_controls,0,5,sideswipe_same_direction,1,20,0,0,2,0,0,0,4,41.865124991,dawn,-87.619539925,7,no_indication_of_injury,2,55,no_defects,dry,S LAKE SHORE DR W,no_controls,one-way,clear,0,2018,142809
straight_and_level,1712,failing_to_reduce_speed_to_avoid_crash,functioning_properly,0,0,turning,0,20,0,0,4,0,0,1,4,41.968331139,"darkness,_lighted_road",-87.728177456,7,no_indication_of_injury,2,30,no_defects,dry,N PULASKI RD,traffic_signal,not_divided,clear,0,2018,140987
straight_and_level,1931,distraction_-_from_inside_vehicle,no_controls,0,0,rear_end,0,15,0,0,2,0,0,0,2,41.932255698,daylight,-87.671522516,7,no_indication_of_injury,2,30,no_defects,dry,W DIVERSEY PKWY,no_controls,not_divided,clear,0,2018,148322
straight_and_level,2522,not_applicable,no_controls,0,5,rear_end,0,10,0,0,2,0,0,0,2,41.917822707,daylight,-87.749979226,7,no_indication_of_injury,2,30,no_defects,dry,N LAPORTE AVE,no_controls,not_divided,clear,0,2018,140123
straight_and_level,2023,failing_to_yield_right-of-way,no_controls,0,3,parked_motor_vehicle,0,23,0,0,1,0,0,0,1,41.98151191,darkness,-87.658103743,7,no_indication_of_injury,2,20,no_defects,dry,N WINTHROP AVE,no_controls,divided_-_w/median_(not_raised),clear,0,2018,139662
straight_and_level,1632,distraction_-_from_inside_vehicle,no_controls,0,1,rear_end,0,12,0,0,4,0,0,1,4,41.952698312,daylight,-87.807119299,7,no_indication_of_injury,2,30,no_defects,dry,N HARLEM AVE,traffic_signal,not_divided,clear,0,2018,142339
straight_on_grade,1113,unable_to_determine,functioning_properly,0,3,head_on,0,13,0,0,2,0,0,1,4,41.877074588,daylight,-87.735473968,7,no_indication_of_injury,2,30,no_defects,dry,W JACKSON BLVD,traffic_signal,not_divided,clear,0,2018,142001
straight_and_level,2411,unable_to_determine,no_controls,0,4,sideswipe_same_direction,0,12,0,0,2,0,0,0,4,42.013220374,daylight,-87.690095048,7,no_indication_of_injury,3,30,unknown,unknown,N WESTERN AVE,no_controls,center_turn_lane,clear,0,2018,145116
straight_and_level,611,unable_to_determine,functioning_properly,0,0,turning,1,21,0,0,2,0,0,0,4,41.746803021,darkness,-87.664873245,7,no_indication_of_injury,2,30,unknown,unknown,W 81ST ST,stop_sign/flasher,not_divided,sleet/hail,0,2018,147065
straight_and_level,1215,unable_to_determine,no_controls,0,0,parked_motor_vehicle,1,10,0,0,1,0,0,0,2,41.894243039,daylight,-87.660802395,7,no_indication_of_injury,2,30,no_defects,dry,W HURON ST,no_controls,not_divided,clear,0,2018,143922
straight_and_level,1231,failing_to_yield_right-of-way,no_controls,0,1,sideswipe_same_direction,0,11,0,0,2,0,0,0,2,41.873336953,daylight,-87.657309886,7,no_indication_of_injury,2,20,no_defects,dry,W FLOURNOY ST,no_controls,not_divided,clear,0,2018,138576
straight_and_level,1925,unable_to_determine,no_controls,0,2,parked_motor_vehicle,1,18,0,0,1,0,0,0,1,41.943541224,daylight,-87.64722126,7,no_indication_of_injury,2,20,no_defects,dry,W ROSCOE ST,no_controls,one-way,clear,0,2018,139497
straight_and_level,2023,unable_to_determine,functioning_properly,0,5,sideswipe_same_direction,1,16,0,0,2,0,0,0,4,41.976512256,daylight,-87.654567231,7,no_indication_of_injury,2,30,no_defects,dry,W FOSTER AVE,traffic_signal,divided_-_w/median_(not_raised),clear,1,2018,142898
straight_and_level,831,unable_to_determine,no_controls,0,2,parked_motor_vehicle,1,10,0,0,1,0,0,0,1,41.773753987,daylight,-87.691880474,7,no_indication_of_injury,2,20,no_defects,dry,W 66TH ST,no_controls,other,clear,0,2018,149778
straight_and_level,532,improper_backing,no_controls,0,6,parked_motor_vehicle,0,0,0,0,1,0,0,1,2,41.677262,darkness,-87.615562172,7,no_indication_of_injury,1,30,no_defects,dry,S CALUMET AVE,no_controls,not_divided,clear,0,2018,161654
straight_and_level,532,improper_backing,no_controls,0,0,parked_motor_vehicle,1,9,0,0,1,0,0,0,2,41.680310216,daylight,-87.620730604,7,no_indication_of_injury,2,30,no_defects,wet,S MICHIGAN AVE,no_controls,not_divided,rain,0,2018,146209
straight_and_level,121,improper_lane_usage,no_controls,0,6,sideswipe_same_direction,0,18,0,0,2,0,0,0,3,41.879203111,daylight,-87.639551821,7,no_indication_of_injury,2,30,unknown,dry,W ADAMS ST,no_controls,not_divided,clear,0,2018,145949
straight_and_level,1923,driving_skills/knowledge/experience,no_controls,0,5,fixed_object,0,0,0,0,1,0,0,0,0,41.949103839,"darkness,_lighted_road",-87.657481033,7,no_indication_of_injury,1,25,no_defects,dry,W WAVELAND AVE,no_controls,parking_lot,clear,0,2018,145071
straight_and_level,1531,unable_to_determine,functioning_improperly,0,3,rear_end,0,12,0,0,2,0,3,0,2,41.900327305,daylight,-87.755583928,7,"reported,_not_evident",2,25,no_defects,dry,N LARAMIE AVE,stop_sign/flasher,not_divided,clear,0,2018,145978
straight_and_level,1624,failing_to_yield_right-of-way,no_controls,0,6,turning,0,19,0,0,2,0,0,0,1,41.95899981,dusk,-87.747903219,7,no_indication_of_injury,2,30,no_defects,dry,W CULLOM AVE,no_controls,one-way,clear,0,2018,148624
straight_and_level,1933,unable_to_determine,unknown,0,2,pedalcyclist,0,23,0,0,2,0,0,1,2,41.932746527,"darkness,_lighted_road",-87.653928731,7,no_indication_of_injury,2,30,unknown,unknown,W DIVERSEY PKWY,traffic_signal,center_turn_lane,unknown,0,2018,145010