alignment,beat,contributory_cause,device_condition,dooring,dow,first_crash_type,hit_and_run,hour,injuries_fatal,injuries_incapacitating,injuries_no_indication,injuries_non_incapacitating,injuries_reported_not_evident,intersection_related,lane_count,latitude,lighting_condition,longitude,month,most_severe_injury,num_units,posted_speed_limit,road_defect,roadway_surface_cond,street,traffic_control_device,trafficway_type,weather_condition,work_zone,year,i
straight_and_level,1233,not_applicable,no_controls,0,3,parked_motor_vehicle,0,20,0,0,1,0,0,0,0,41.858370295,darkness,-87.660900905,7,no_indication_of_injury,2,0,no_defects,dry,S BLUE ISLAND AVE,no_controls,parking_lot,clear,0,2018,147073
straight_and_level,621,improper_overtaking/passing,functioning_properly,0,6,sideswipe_same_direction,0,13,0,0,2,0,0,1,2,41.750549559,daylight,-87.644188368,7,no_indication_of_injury,2,30,no_defects,dry,S HALSTED ST,traffic_signal,divided_-_w/median_(not_raised),clear,0,2018,140531
straight_and_level,1621,following_too_closely,functioning_properly,0,2,sideswipe_same_direction,0,10,0,0,3,0,0,0,2,41.97959355,daylight,-87.758589272,7,no_indication_of_injury,2,25,no_defects,dry,N ELSTON AVE,traffic_signal,not_divided,clear,0,2018,146701
straight_and_level,424,disregarding_traffic_signals,functioning_properly,0,1,angle,0,15,0,0,3,0,0,1,2,41.728372251,daylight,-87.550143979,7,no_indication_of_injury,2,30,no_defects,dry,E 92ND ST,traffic_signal,not_divided,clear,0,2018,141266
straight_and_level,2533,improper_lane_usage,no_controls,0,2,sideswipe_same_direction,0,15,0,0,3,0,0,0,2,41.902456179,daylight,-87.746481287,7,no_indication_of_injury,2,30,no_defects,dry,W DIVISION ST,no_controls,divided_-_w/median_(not_raised),clear,0,2018,81963
straight_and_level,623,not_applicable,unknown,0,5,fixed_object,1,7,0,0,2,0,0,0,1,41.754079742,unknown,-87.619688913,7,no_indication_of_injury,2,30,unknown,unknown,S INDIANA AVE,unknown,unknown,unknown,0,2018,140559
straight_and_level,122,disregarding_traffic_signals,functioning_properly,0,1,angle,0,5,0,0,3,0,1,1,3,41.883310254,"darkness,_lighted_road",-87.637101493,7,"reported,_not_evident",3,30,no_defects,dry,W WASHINGTON ST,traffic_signal,divided_-_w/median_barrier,clear,0,2018,146610
straight_and_level,1915,improper_overtaking/passing,functioning_properly,0,2,turning,0,16,0,0,3,0,0,0,2,41.95464969,daylight,-87.651011697,7,no_indication_of_injury,2,30,unknown,unknown,W IRVING PARK RD,traffic_signal,not_divided,clear,0,2018,141749
straight_and_level,2413,following_too_closely,no_controls,0,4,rear_end,1,13,0,0,2,0,0,0,2,41.997406422,daylight,-87.702132228,7,no_indication_of_injury,2,30,no_defects,dry,W DEVON AVE,no_controls,divided_-_w/median_(not_raised),clear,0,2018,147429
straight_on_grade,1513,improper_backing,no_controls,0,6,angle,0,21,0,0,2,0,0,0,3,41.865685273,"darkness,_lighted_road",-87.765743383,7,no_indication_of_injury,2,30,unknown,dry,W ROOSEVELT RD,no_controls,parking_lot,clear,0,2018,142007
straight_and_level,2412,unable_to_determine,no_controls,0,1,parked_motor_vehicle,1,4,0,0,1,0,0,0,1,41.999669364,"darkness,_lighted_road",-87.704734555,7,no_indication_of_injury,2,30,no_defects,dry,N SACRAMENTO AVE,no_controls,one-way,clear,0,2018,148746
straight_and_level,223,texting,no_controls,0,0,rear_end,0,3,0,0,2,0,0,0,2,41.809293609,"darkness,_lighted_road",-87.615278412,7,no_indication_of_injury,2,30,no_defects,dry,E 47TH ST,no_controls,divided_-_w/median_(not_raised),clear,0,2018,149213
straight_and_level,2534,failing_to_reduce_speed_to_avoid_crash,no_controls,0,6,sideswipe_same_direction,0,2,0,0,2,0,0,0,2,41.908225698,"darkness,_lighted_road",-87.726615049,7,no_indication_of_injury,2,30,no_defects,dry,N PULASKI RD,no_controls,not_divided,clear,0,2018,140481
straight_and_level,1235,unable_to_determine,no_controls,0,1,rear_end,0,4,0,0,2,0,0,0,5,41.845341821,"darkness,_lighted_road",-87.665739323,7,no_indication_of_injury,2,30,unknown,dry,S ASHLAND AVE,no_controls,divided_-_w/median_(not_raised),clear,0,2018,147403
straight_and_level,824,not_applicable,no_controls,0,4,parked_motor_vehicle,0,13,0,0,1,0,0,0,2,41.789830188,daylight,-87.684073757,7,no_indication_of_injury,2,30,no_defects,dry,S WESTERN AVE,no_controls,divided_-_w/median_(not_raised),clear,0,2018,145890
straight_and_level,1922,unable_to_determine,no_controls,0,6,parked_motor_vehicle,1,17,0,0,1,0,0,0,1,41.946101382,daylight,-87.674474867,7,no_indication_of_injury,2,25,no_defects,dry,W EDDY ST,no_controls,one-way,clear,0,2018,150178
straight_and_level,2033,failing_to_yield_right-of-way,no_controls,0,2,parked_motor_vehicle,1,11,0,0,1,0,0,0,2,41.974118217,"darkness,_lighted_road",-87.664839066,7,no_indication_of_injury,2,30,worn_surface,dry,N GLENWOOD AVE,no_controls,not_divided,clear,0,2018,147066
straight_and_level,1213,improper_overtaking/passing,no_controls,0,1,sideswipe_same_direction,0,9,0,0,2,0,0,0,2,41.896184781,daylight,-87.667213245,7,no_indication_of_injury,2,35,no_defects,dry,W CHICAGO AVE,no_controls,not_divided,clear,0,2018,141277
straight_and_level,1732,following_too_closely,functioning_properly,0,6,rear_end,0,12,0,0,3,0,0,0,2,41.939331524,daylight,-87.716947134,7,no_indication_of_injury,2,30,no_defects,wet,W BELMONT AVE,traffic_signal,divided_-_w/median_(not_raised),rain,0,2018,143286
straight_and_level,2413,unable_to_determine,no_controls,0,5,parked_motor_vehicle,1,8,0,0,1,0,0,0,1,41.992359074,unknown,-87.692400237,7,no_indication_of_injury,2,25,no_defects,dry,W GLENLAKE AVE,no_controls,one-way,clear,0,2018,147673
straight_and_level,2513,unable_to_determine,unknown,0,0,rear_end,0,3,0,0,2,0,0,0,4,41.914260892,"darkness,_lighted_road",-87.775539084,7,no_indication_of_injury,2,30,no_defects,dry,N AUSTIN AVE,unknown,divided_-_w/median_(not_raised),clear,0,2018,137862
straight_and_level,1235,following_too_closely,functioning_properly,0,2,rear_end,0,22,0,0,2,0,0,1,2,41.857730449,"darkness,_lighted_road",-87.64191665,7,no_indication_of_injury,2,25,unknown,dry,W 18TH ST,traffic_signal,not_divided,clear,0,2018,149762
straight_and_level,215,unable_to_determine,no_controls,0,1,parked_motor_vehicle,0,0,0,0,1,0,0,0,2,41.809935568,unknown,-87.619462582,7,no_indication_of_injury,2,30,no_defects,dry,S PRAIRIE AVE,no_controls,not_divided,clear,0,2018,146552
straight_and_level,1814,failing_to_yield_right-of-way,no_controls,0,6,sideswipe_same_direction,1,23,0,0,2,0,0,0,4,41.912956345,"darkness,_lighted_road",-87.626527733,7,no_indication_of_injury,2,40,no_defects,dry,E LA SALLE DR,no_controls,not_divided,clear,0,2018,140821
straight_and_level,2432,"operating_vehicle_in_erratic,_reckless,_careless,_negligent_or_aggressive_manner",no_controls,0,2,turning,0,16,0,0,2,0,0,0,4,42.001742018,daylight,-87.678419124,7,no_indication_of_injury,2,30,no_defects,dry,N RIDGE BLVD,no_controls,not_divided,clear,0,2018,141714
straight_and_level,1724,failing_to_yield_right-of-way,functioning_properly,0,4,angle,0,16,0,0,2,0,0,0,2,41.961139126,daylight,-87.698542382,7,no_indication_of_injury,2,30,unknown,dry,W MONTROSE AVE,stop_sign/flasher,not_divided,clear,0,2018,142438
straight_and_level,1423,improper_turning/no_signal,functioning_properly,0,5,turning,1,23,0,0,5,0,0,0,4,41.910108146,"darkness,_lighted_road",-87.69696937,7,no_indication_of_injury,2,30,no_defects,dry,W NORTH AVE,traffic_signal,divided_-_w/median_(not_raised),clear,0,2018,140698
straight_and_level,1723,following_too_closely,functioning_properly,0,1,rear_end,1,18,0,0,3,0,0,0,2,41.96096023,daylight,-87.717976192,7,no_indication_of_injury,2,30,unknown,dry,W MONTROSE AVE,traffic_signal,not_divided,clear,0,2018,148605
straight_and_level,834,following_too_closely,functioning_properly,0,6,rear_end,0,13,0,0,2,0,0,0,2,41.738751747,daylight,-87.702235677,7,no_indication_of_injury,2,30,no_defects,dry,S KEDZIE AVE,traffic_signal,not_divided,clear,0,2018,140537
straight_and_level,324,unable_to_determine,no_controls,0,3,parked_motor_vehicle,1,15,0,0,1,0,0,0,2,41.765928192,daylight,-87.586470078,7,no_indication_of_injury,2,30,no_defects,dry,S STONY ISLAND AVE,no_controls,not_divided,clear,0,2018,142385
straight_and_level,813,failing_to_reduce_speed_to_avoid_crash,not_functioning,0,6,rear_end,0,21,0,0,5,0,0,0,6,41.786811546,"darkness,_lighted_road",-87.741509091,7,no_indication_of_injury,3,35,no_defects,wet,S CICERO AVE,traffic_signal,divided_-_w/median_(not_raised),clear,0,2018,145917
straight_and_level,1733,not_applicable,no_controls,0,4,pedalcyclist,0,16,0,0,0,1,0,0,2,41.948886276,daylight,-87.707734668,7,nonincapacitating_injury,2,30,worn_surface,dry,N KEDZIE AVE,no_controls,not_divided,clear,0,2018,147428
straight_and_level,1031,unable_to_determine,no_controls,0,1,parked_motor_vehicle,1,8,0,0,1,0,0,0,1,41.836359177,unknown,-87.723263926,7,no_indication_of_injury,2,30,unknown,unknown,S HARDING AVE,no_controls,one-way,unknown,0,2018,148567
straight_and_level,132,unable_to_determine,no_controls,0,5,parked_motor_vehicle,1,20,0,0,1,0,0,0,2,41.856295093,unknown,-87.622442486,7,no_indication_of_injury,2,30,unknown,unknown,S INDIANA AVE,no_controls,divided_-_w/median_barrier,unknown,0,2018,148681
straight_and_level,921,unable_to_determine,functioning_properly,0,6,rear_end,1,9,0,0,2,0,0,0,4,41.823021387,daylight,-87.68473353,7,no_indication_of_injury,2,35,no_defects,wet,S WESTERN AVE,traffic_signal,divided_-_w/median_(not_raised),rain,0,2018,145807
straight_and_level,1934,unable_to_determine,no_controls,0,1,angle,0,7,0,0,2,0,0,0,2,41.937607124,daylight,-87.640709556,7,no_indication_of_injury,2,30,unknown,dry,W BARRY AVE,no_controls,one-way,clear,0,2018,141782
straight_and_level,132,failing_to_reduce_speed_to_avoid_crash,functioning_properly,0,0,rear_end,1,15,0,0,2,0,0,0,4,41.867387914,daylight,-87.620491034,7,no_indication_of_injury,2,30,no_defects,dry,S COLUMBUS DR,traffic_signal,divided_-_w/median_(not_raised),clear,0,2018,141702
straight_and_level,114,failing_to_yield_right-of-way,no_controls,0,2,sideswipe_same_direction,0,17,0,0,2,0,0,0,2,41.867889391,daylight,-87.618806348,7,no_indication_of_injury,2,40,no_defects,dry,S LAKE SHORE DR W,no_controls,divided_-_w/median_barrier,clear,0,2018,146835
"curve,_level",1934,failing_to_reduce_speed_to_avoid_crash,functioning_properly,0,5,rear_end,0,12,0,0,2,0,0,1,8,41.93661723,daylight,-87.633757764,7,no_indication_of_injury,2,40,no_defects,dry,N LAKE SHORE DR NB,lane_use_marking,divided_-_w/median_barrier,clear,0,2018,141610
straight_and_level,622,improper_backing,no_controls,0,2,parked_motor_vehicle,1,22,0,0,2,0,0,0,1,41.737481167,"darkness,_lighted_road",-87.640154345,7,no_indication_of_injury,3,30,no_defects,dry,S LOWE AVE,no_controls,one-way,clear,0,2018,147096
straight_and_level,824,unable_to_determine,no_controls,0,5,parked_motor_vehicle,0,12,0,0,0,1,0,0,4,41.791093302,daylight,-87.68411066,7,nonincapacitating_injury,2,30,no_defects,dry,S WESTERN AVE,no_controls,not_divided,clear,0,2018,148067
straight_and_level,1912,unable_to_determine,no_controls,0,4,parked_motor_vehicle,1,3,0,0,1,0,0,0,1,41.968319692,darkness,-87.670858113,7,no_indication_of_injury,2,30,unknown,dry,N PAULINA ST,no_controls,one-way,clear,0,2018,142384
straight_and_level,2521,failing_to_yield_right-of-way,no_controls,0,3,pedalcyclist,0,13,0,0,1,1,0,0,2,41.931688919,daylight,-87.743016947,7,nonincapacitating_injury,2,15,no_defects,dry,W DIVERSEY AVE,no_controls,not_divided,clear,0,2018,139306
straight_and_level,1511,driving_skills/knowledge/experience,no_controls,0,2,parked_motor_vehicle,1,21,0,0,2,0,0,0,1,41.892013066,"darkness,_lighted_road",-87.772862389,7,no_indication_of_injury,2,30,worn_surface,dry,W ERIE ST,no_controls,one-way,clear,0,2018,141706
straight_and_level,923,unable_to_determine,no_controls,0,0,parked_motor_vehicle,1,10,0,0,1,0,0,0,1,41.799115769,daylight,-87.691362559,7,no_indication_of_injury,2,30,no_defects,dry,S WASHTENAW AVE,no_controls,one-way,clear,0,2018,140830
straight_and_level,1221,improper_lane_usage,no_controls,0,1,sideswipe_same_direction,0,9,0,0,2,0,0,0,2,41.892473163,daylight,-87.692335988,7,no_indication_of_injury,2,35,no_defects,dry,W GRAND AVE,no_controls,divided_-_w/median_(not_raised),clear,0,2018,143823
curve_on_hillcrest,113,unable_to_determine,no_controls,0,1,parked_motor_vehicle,1,6,0,0,1,0,0,0,1,41.879387334,daylight,-87.627063652,7,no_indication_of_injury,2,10,no_defects,dry,E ADAMS ST,no_controls,parking_lot,clear,0,2018,141370
straight_and_level,835,not_applicable,functioning_properly,0,1,turning,0,9,0,0,2,0,0,1,0,41.753539184,daylight,-87.702604519,7,no_indication_of_injury,2,30,no_defects,dry,W 77TH ST,traffic_signal,other,clear,0,2018,139738
straight_and_level,634,failing_to_reduce_speed_to_avoid_crash,no_controls,0,5,sideswipe_same_direction,0,8,0,0,2,0,0,0,2,41.735863334,daylight,-87.632677631,7,no_indication_of_injury,2,35,no_defects,dry,W 87TH ST,no_controls,divided_-_w/median_barrier,clear,0,2018,145418
straight_and_level,1834,failing_to_reduce_speed_to_avoid_crash,functioning_properly,0,2,rear_end,0,5,0,0,1,0,2,0,1,41.893473053,dawn,-87.622600112,7,"reported,_not_evident",2,30,no_defects,dry,E ONTARIO ST,traffic_signal,one-way,clear,0,2018,139112
straight_and_level,1822,had_been_drinking_(use_when_arrest_is_not_made),functioning_properly,0,5,fixed_object,1,2,0,0,0,2,0,1,2,41.903550856,"darkness,_lighted_road",-87.64662594,7,nonincapacitating_injury,1,30,unknown,dry,W DIVISION ST,stop_sign/flasher,not_divided,clear,0,2018,142883
straight_and_level,2515,unable_to_determine,no_controls,0,3,parked_motor_vehicle,1,14,0,0,1,0,0,0,1,41.917593752,daylight,-87.758877455,7,no_indication_of_injury,2,30,no_defects,dry,W GRAND AVE,no_controls,not_divided,clear,0,2018,139644
straight_and_level,2212,unable_to_determine,no_controls,0,5,fixed_object,1,16,0,0,1,0,0,0,1,41.688535115,daylight,-87.672637023,7,no_indication_of_injury,2,10,no_defects,dry,S LONGWOOD DR,no_controls,driveway,clear,0,2018,143880
straight_and_level,222,unable_to_determine,no_controls,0,4,sideswipe_same_direction,1,18,0,0,2,0,0,0,3,41.815128922,daylight,-87.593254675,8,no_indication_of_injury,2,0,no_defects,dry,S LAKE SHORE DR NB,no_controls,divided_-_w/median_barrier,clear,0,2018,150667
straight_and_level,1233,failing_to_yield_right-of-way,functioning_properly,0,2,angle,1,9,0,0,2,0,0,1,1,41.859717716,daylight,-87.656624664,8,no_indication_of_injury,2,30,no_defects,wet,S RACINE AVE,stop_sign/flasher,not_divided,cloudy/overcast,0,2018,141838
straight_and_level,1612,road_construction/maintenance,no_controls,0,5,fixed_object,0,16,0,0,1,0,0,0,2,42.001972674,daylight,-87.818851244,8,no_indication_of_injury,1,30,"rut,_holes",dry,W NORTH SHORE AVE,no_controls,not_divided,clear,0,2018,134048
straight_and_level,231,unable_to_determine,unknown,0,6,parked_motor_vehicle,0,9,0,0,1,0,0,0,6,41.794835342,daylight,-87.620676969,8,no_indication_of_injury,2,25,unknown,dry,E GARFIELD BLVD,unknown,divided_-_w/median_(not_raised),clear,0,2018,134842
straight_on_hillcrest,1833,improper_turning/no_signal,no_controls,0,1,fixed_object,0,6,0,0,1,0,0,0,2,41.898079921,dawn,-87.623945706,8,no_indication_of_injury,1,10,no_defects,dry,N MICHIGAN AVE,no_controls,ramp,clear,0,2018,141878
straight_and_level,1121,unable_to_determine,no_controls,0,5,turning,0,8,0,0,2,0,0,1,2,41.893764624,daylight,-87.711532177,8,no_indication_of_injury,2,30,no_defects,dry,N HOMAN AVE,stop_sign/flasher,divided_-_w/median_(not_raised),clear,0,2018,44532
straight_and_level,2522,failing_to_yield_right-of-way,no_controls,0,5,sideswipe_same_direction,0,9,0,0,2,0,0,0,2,41.917177019,daylight,-87.734182438,8,no_indication_of_injury,2,30,no_defects,dry,W ARMITAGE AVE,no_controls,divided_-_w/median_(not_raised),clear,0,2018,150140
straight_and_level,1434,improper_lane_usage,no_controls,1,6,pedalcyclist,0,13,0,0,2,1,0,0,2,41.916975426,daylight,-87.687885571,8,nonincapacitating_injury,2,30,other,dry,N MILWAUKEE AVE,no_controls,divided_-_w/median_(not_raised),clear,1,2018,32575
straight_and_level,431,"vision_obscured_(signs,_tree_limbs,_buildings,_etc.)",functioning_properly,0,1,turning,0,20,0,0,0,2,0,1,4,41.722454974,darkness,-87.570673806,8,nonincapacitating_injury,2,30,no_defects,wet,S PAXTON AVE,traffic_signal,not_divided,rain,0,2018,141867
straight_and_level,432,failing_to_yield_right-of-way,functioning_properly,0,5,angle,0,18,0,0,2,1,0,1,2,41.698955238,daylight,-87.525923838,8,nonincapacitating_injury,2,30,no_defects,dry,S AVENUE B,stop_sign/flasher,one-way,clear,0,2018,82284
straight_and_level,131,exceeding_safe_speed_for_conditions,functioning_properly,0,2,rear_end,0,15,0,0,3,0,0,1,2,41.848350323,daylight,-87.627124506,8,no_indication_of_injury,3,30,no_defects,wet,S STATE ST,traffic_signal,not_divided,rain,0,2018,131705
straight_and_level,524,failing_to_reduce_speed_to_avoid_crash,functioning_properly,0,0,turning,0,13,0,0,1,1,0,1,4,41.677856496,daylight,-87.642056268,8,nonincapacitating_injury,2,35,unknown,unknown,S HALSTED ST,traffic_signal,divided_-_w/median_barrier,clear,0,2018,140735
straight_and_level,712,unable_to_determine,no_controls,0,6,parked_motor_vehicle,1,19,0,0,1,0,0,0,2,41.779784073,dusk,-87.649702953,8,no_indication_of_injury,2,30,no_defects,dry,W 63RD ST,no_controls,divided_-_w/median_(not_raised),clear,0,2018,135459
straight_and_level,1932,following_too_closely,functioning_properly,0,1,rear_end,0,16,0,0,2,0,0,0,2,41.938724494,daylight,-87.668481486,8,no_indication_of_injury,2,35,no_defects,dry,N ASHLAND AVE,traffic_signal,not_divided,clear,0,2018,136226
straight_and_level,112,improper_turning/no_signal,functioning_properly,0,6,rear_end,0,17,0,0,2,0,0,0,2,41.881995198,daylight,-87.627647245,8,no_indication_of_injury,2,30,no_defects,dry,S STATE ST,traffic_signal,not_divided,clear,0,2018,145234
straight_on_grade,1925,following_too_closely,no_controls,0,4,rear_end,0,15,0,0,3,0,0,0,1,41.940546052,daylight,-87.638479895,8,no_indication_of_injury,3,40,no_defects,dry,N LAKE SHORE DR NB,no_controls,ramp,clear,0,2018,138707
straight_and_level,1215,following_too_closely,no_controls,0,3,rear_end,0,18,0,0,2,0,0,0,4,41.886913969,daylight,-87.667171106,8,no_indication_of_injury,2,35,no_defects,wet,N ASHLAND AVE,no_controls,divided_-_w/median_barrier,rain,0,2018,137660
straight_and_level,334,disregarding_traffic_signals,functioning_properly,0,1,turning,0,15,0,0,2,0,0,1,4,41.766354044,daylight,-87.566335038,8,no_indication_of_injury,2,30,no_defects,dry,S SOUTH SHORE DR,traffic_signal,other,clear,0,2018,146658
straight_and_level,1033,unable_to_determine,no_controls,0,2,rear_end,0,16,0,0,2,0,0,0,2,41.83727705,daylight,-87.695172247,8,no_indication_of_injury,2,35,no_defects,wet,S CALIFORNIA AVE,no_controls,not_divided,rain,0,2018,131706
straight_and_level,223,driving_skills/knowledge/experience,no_controls,0,1,sideswipe_same_direction,0,15,0,0,2,0,0,0,2,41.803687568,daylight,-87.604393924,8,no_indication_of_injury,2,30,no_defects,dry,S DREXEL BLVD,no_controls,not_divided,clear,0,2018,128358
straight_and_level,1623,unable_to_determine,no_controls,0,6,rear_end,0,9,0,0,1,0,1,0,4,41.963613671,daylight,-87.747459547,8,"reported,_not_evident",2,30,no_defects,dry,N CICERO AVE,no_controls,divided_-_w/median_barrier,cloudy/overcast,0,2018,145183
straight_and_level,713,improper_overtaking/passing,no_controls,0,5,head_on,1,1,0,0,1,1,0,0,2,41.77968322,"darkness,_lighted_road",-87.657096605,8,nonincapacitating_injury,2,30,no_defects,wet,W 63RD ST,no_controls,not_divided,rain,0,2018,143151
straight_and_level,1834,improper_overtaking/passing,functioning_properly,0,2,turning,0,10,0,0,2,0,0,1,3,41.891958186,daylight,-87.617571296,8,no_indication_of_injury,2,30,no_defects,dry,E GRAND AVE,traffic_signal,one-way,clear,0,2018,131666
straight_and_level,2523,improper_lane_usage,no_controls,0,5,sideswipe_same_direction,1,14,0,0,6,0,0,0,4,41.936521084,daylight,-87.727258852,8,no_indication_of_injury,2,30,no_defects,dry,N PULASKI RD,no_controls,not_divided,clear,0,2018,134077
straight_on_grade,1412,"vision_obscured_(signs,_tree_limbs,_buildings,_etc.)",no_controls,0,2,pedestrian,0,18,0,0,2,1,0,0,2,41.931896442,daylight,-87.70964426,8,nonincapacitating_injury,2,30,no_defects,dry,W DIVERSEY AVE,no_controls,not_divided,clear,0,2018,137263
straight_and_level,2234,unable_to_determine,no_controls,0,3,fixed_object,1,12,0,0,1,0,0,0,1,41.686338219,daylight,-87.655427177,8,no_indication_of_injury,1,10,no_defects,dry,S ADA ST,no_controls,alley,clear,0,2018,133240
straight_and_level,431,following_too_closely,no_controls,0,6,rear_end,0,16,0,0,4,0,0,0,3,41.720486412,daylight,-87.584809577,8,no_indication_of_injury,3,35,no_defects,dry,S STONY ISLAND AVE,no_controls,divided_-_w/median_(not_raised),clear,0,2018,141875
straight_and_level,1122,improper_overtaking/passing,functioning_properly,0,5,pedestrian,1,15,0,0,1,1,0,0,2,41.880848568,daylight,-87.720608574,8,nonincapacitating_injury,2,30,no_defects,dry,N HAMLIN BLVD,lane_use_marking,divided_-_w/median_barrier,clear,0,2018,139271
straight_and_level,1233,unable_to_determine,no_controls,0,4,rear_end,0,12,0,0,2,0,0,0,2,41.861417857,daylight,-87.666388256,8,no_indication_of_injury,2,30,no_defects,dry,S ASHLAND AVE,no_controls,not_divided,clear,1,2018,143651
straight_and_level,1215,unable_to_determine,functioning_properly,0,5,rear_end,0,16,0,0,2,0,0,0,2,41.896030052,daylight,-87.667143359,8,no_indication_of_injury,2,30,no_defects,unknown,N ASHLAND AVE,traffic_signal,not_divided,clear,0,2018,147175
straight_and_level,932,equipment_-_vehicle_condition,no_controls,0,0,parked_motor_vehicle,0,17,0,0,0,0,1,0,1,41.799750938,daylight,-87.675532494,8,"reported,_not_evident",3,20,no_defects,dry,W JAMES ST,no_controls,one-way,clear,0,2018,140770
straight_and_level,922,improper_lane_usage,functioning_properly,0,4,turning,0,6,0,0,2,0,0,0,4,41.808322708,daylight,-87.68454779,8,no_indication_of_injury,2,35,no_defects,dry,W 47TH ST,traffic_signal,not_divided,clear,0,2018,138516
straight_and_level,1532,unable_to_determine,no_controls,0,5,parked_motor_vehicle,1,6,0,0,1,0,0,0,2,41.881845879,unknown,-87.751485789,8,no_indication_of_injury,2,0,no_defects,dry,W WASHINGTON BLVD,no_controls,divided_-_w/median_(not_raised),clear,0,2018,144150
straight_and_level,1921,improper_backing,functioning_properly,0,5,angle,0,11,0,0,3,0,0,0,2,41.942747195,daylight,-87.688354321,8,no_indication_of_injury,2,15,no_defects,wet,N WESTERN AVE,stop_sign/flasher,parking_lot,clear,0,2018,150496
straight_and_level,1814,unable_to_determine,no_controls,0,3,fixed_object,0,15,0,0,0,1,0,0,8,41.922171156,daylight,-87.629765915,8,nonincapacitating_injury,1,40,no_defects,dry,N LAKE SHORE DR NB,no_controls,divided_-_w/median_(not_raised),clear,0,2018,150210
straight_and_level,1011,exceeding_safe_speed_for_conditions,no_controls,0,2,parked_motor_vehicle,1,15,0,0,1,0,0,0,2,41.864139085,daylight,-87.731882327,8,no_indication_of_injury,2,30,no_defects,dry,W 13TH ST,no_controls,divided_-_w/median_(not_raised),clear,0,2018,137249
straight_and_level,915,improper_backing,unknown,0,2,rear_end,0,22,0,0,2,0,0,0,0,41.830922442,"darkness,_lighted_road",-87.631650518,8,no_indication_of_injury,2,30,unknown,unknown,S WENTWORTH AVE,unknown,parking_lot,clear,0,2018,142631
straight_and_level,1224,unable_to_determine,no_controls,0,2,parked_motor_vehicle,0,15,0,0,1,0,0,0,2,41.880078623,daylight,-87.665449839,8,no_indication_of_injury,2,30,no_defects,dry,W MONROE ST,no_controls,not_divided,clear,0,2018,148794
straight_and_level,935,disregarding_road_markings,functioning_properly,0,5,turning,0,5,0,0,2,0,0,1,3,41.809095821,daylight,-87.632731197,8,no_indication_of_injury,2,30,no_defects,dry,S WELLS ST,traffic_signal,one-way,clear,0,2018,150448
straight_and_level,1834,unable_to_determine,no_controls,0,0,parked_motor_vehicle,1,16,0,0,1,0,0,0,1,41.892094137,daylight,-87.611569884,8,no_indication_of_injury,2,20,unknown,dry,E GRAND AVE,no_controls,parking_lot,clear,0,2018,146349
straight_and_level,2212,unable_to_determine,no_controls,0,3,angle,0,14,0,0,2,0,0,0,2,41.70589186,daylight,-87.68145763,8,no_indication_of_injury,2,30,unknown,dry,S WESTERN AVE,no_controls,not_divided,clear,0,2018,149570
straight_and_level,1235,not_applicable,no_controls,0,3,sideswipe_same_direction,0,12,0,0,2,0,0,0,4,41.852524941,daylight,-87.661366083,8,no_indication_of_injury,2,30,no_defects,dry,W CERMAK RD,no_controls,not_divided,clear,0,2018,142715
straight_and_level,912,physical_condition_of_driver,no_controls,0,6,rear_end,0,18,0,0,9,1,0,0,4,41.827074409,daylight,-87.682817124,8,nonincapacitating_injury,5,30,no_defects,dry,S ARCHER AVE,no_controls,not_divided,clear,0,2018,140426
straight_and_level,413,not_applicable,no_controls,0,4,sideswipe_same_direction,0,17,0,0,3,0,0,0,3,41.724130492,daylight,-87.585351631,8,no_indication_of_injury,2,40,no_defects,dry,S STONY ISLAND AVE,no_controls,divided_-_w/median_barrier,clear,0,2018,133241
straight_and_level,1224,improper_lane_usage,no_controls,0,3,parked_motor_vehicle,1,6,0,0,1,0,0,0,2,41.880200882,daylight,-87.658274606,8,no_indication_of_injury,2,30,unknown,dry,W MONROE ST,no_controls,not_divided,clear,0,2018,132413
straight_and_level,832,exceeding_authorized_speed_limit,functioning_properly,0,0,turning,0,0,0,0,3,0,0,0,4,41.771888407,"darkness,_lighted_road",-87.683295196,8,no_indication_of_injury,2,30,no_defects,wet,S WESTERN AVE,traffic_signal,divided_-_w/median_(not_raised),rain,0,2018,144862
straight_and_level,213,improper_overtaking/passing,no_controls,0,0,rear_end,0,19,0,0,5,0,0,0,2,41.8235757,daylight,-87.628565097,8,no_indication_of_injury,2,35,no_defects,dry,W PERSHING RD,no_controls,not_divided,clear,0,2018,145674
straight_and_level,1024,unable_to_determine,no_controls,0,1,parked_motor_vehicle,0,17,0,0,2,0,1,0,2,41.846152133,daylight,-87.709897189,8,"reported,_not_evident",2,30,no_defects,dry,W 25TH ST,no_controls,divided_-_w/median_(not_raised),clear,0,2018,141117
straight_and_level,2515,unable_to_determine,functioning_properly,0,3,rear_end,0,21,0,0,3,0,0,0,2,41.919990079,daylight,-87.773126851,8,no_indication_of_injury,2,30,no_defects,wet,W GRAND AVE,traffic_signal,not_divided,clear,0,2018,137635