alignment,beat,contributory_cause,device_condition,dooring,dow,first_crash_type,hit_and_run,hour,injuries_fatal,injuries_incapacitating,injuries_no_indication,injuries_non_incapacitating,injuries_reported_not_evident,intersection_related,lane_count,latitude,lighting_condition,longitude,month,most_severe_injury,num_units,posted_speed_limit,road_defect,roadway_surface_cond,street,traffic_control_device,trafficway_type,weather_condition,work_zone,year,i
straight_and_level,1433,driving_skills/knowledge/experience,no_controls,0,5,other_object,0,10,0,0,4,0,0,0,1,41.906970321,daylight,-87.671908642,9,no_indication_of_injury,3,0,no_defects,dry,N MILWAUKEE AVE,no_controls,alley,clear,0,2018,154939
straight_and_level,2524,unable_to_determine,no_controls,0,4,parked_motor_vehicle,0,5,0,0,1,0,0,0,4,41.925775237,dawn,-87.726661373,9,no_indication_of_injury,2,30,no_defects,dry,N PULASKI RD,no_controls,divided_-_w/median_(not_raised),clear,0,2018,154069
straight_and_level,1134,not_applicable,no_controls,0,0,other_object,0,7,0,0,3,0,0,0,2,41.870127785,daylight,-87.709477767,9,no_indication_of_injury,1,30,no_defects,dry,W ARTHINGTON ST,no_controls,not_divided,clear,0,2018,150746
straight_and_level,421,unable_to_determine,no_controls,0,0,parked_motor_vehicle,1,10,0,0,1,0,0,0,1,41.752873412,daylight,-87.553797714,9,no_indication_of_injury,2,30,worn_surface,dry,S EXCHANGE AVE,no_controls,divided_-_w/median_barrier,clear,0,2018,150693
straight_and_level,1431,"evasive_action_due_to_animal,_object,_nonmotorist",no_controls,0,1,pedalcyclist,0,15,0,0,3,0,0,0,2,41.91766638,daylight,-87.689552417,9,no_indication_of_injury,2,30,no_defects,dry,W ARMITAGE AVE,no_controls,divided_-_w/median_(not_raised),clear,0,2018,153142
straight_and_level,234,unable_to_determine,functioning_properly,0,3,turning,0,11,0,0,2,0,0,0,1,41.799450397,daylight,-87.58767122,9,no_indication_of_injury,2,0,no_defects,dry,E 53RD ST,traffic_signal,not_divided,clear,0,2018,58465
straight_and_level,1833,disregarding_stop_sign,functioning_properly,0,4,angle,1,7,0,0,2,0,0,1,2,41.895656618,daylight,-87.62697185,9,no_indication_of_injury,2,25,no_defects,dry,N WABASH AVE,stop_sign/flasher,one-way,clear,0,2018,154159
straight_and_level,234,unable_to_determine,no_controls,0,0,parked_motor_vehicle,1,17,0,0,2,0,0,0,1,41.798346043,daylight,-87.59190249,9,no_indication_of_injury,2,0,no_defects,dry,S DORCHESTER AVE,no_controls,unknown,clear,0,2018,155988
straight_and_level,1824,distraction_-_from_inside_vehicle,functioning_properly,0,5,rear_end,0,14,0,0,1,1,0,0,4,41.905886003,daylight,-87.625450553,9,nonincapacitating_injury,2,30,no_defects,wet,N LAKE SHORE DR,traffic_signal,not_divided,rain,0,2018,159583
straight_and_level,814,failing_to_yield_right-of-way,functioning_properly,0,2,head_on,0,6,0,0,2,2,0,0,6,41.798558278,"darkness,_lighted_road",-87.743071866,9,nonincapacitating_injury,2,30,no_defects,wet,S CICERO AVE,traffic_signal,center_turn_lane,rain,0,2018,158163
straight_and_level,122,failing_to_yield_right-of-way,functioning_properly,0,5,turning,0,12,0,0,3,0,0,1,4,41.87928364,daylight,-87.637100704,9,no_indication_of_injury,2,30,no_defects,dry,S WACKER DR,traffic_signal,divided_-_w/median_barrier,clear,0,2018,158770
straight_and_level,2512,failing_to_yield_right-of-way,no_controls,0,1,turning,0,18,0,0,3,0,0,1,2,41.922051897,daylight,-87.806045668,9,no_indication_of_injury,2,30,no_defects,wet,N HARLEM AVE,no_controls,not_divided,rain,0,2018,150962
straight_and_level,815,failing_to_yield_right-of-way,functioning_properly,0,4,turning,0,8,0,0,2,0,0,0,4,41.807870506,daylight,-87.732270795,9,no_indication_of_injury,2,20,other,wet,W 47TH ST,stop_sign/flasher,divided_-_w/median_(not_raised),rain,0,2018,151931
straight_and_level,1411,improper_backing,no_controls,0,2,parked_motor_vehicle,1,18,0,0,1,0,0,0,0,41.9317527,daylight,-87.69169984,9,no_indication_of_injury,2,15,no_defects,dry,N MAPLEWOOD AVE,no_controls,parking_lot,clear,0,2018,151647
straight_on_hillcrest,2411,following_too_closely,no_controls,0,1,rear_end,0,10,0,0,2,0,0,0,2,42.012264366,daylight,-87.695944713,9,no_indication_of_injury,2,25,no_defects,dry,W TOUHY AVE,no_controls,not_divided,clear,0,2018,155564
straight_and_level,232,failing_to_yield_right-of-way,functioning_properly,0,5,sideswipe_same_direction,0,13,0,0,3,0,0,1,3,41.79098039,daylight,-87.622224114,9,no_indication_of_injury,2,30,no_defects,wet,S MICHIGAN AVE,traffic_signal,one-way,rain,0,2018,152234
straight_and_level,1632,unable_to_determine,no_controls,0,4,sideswipe_opposite_direction,0,8,0,0,2,0,0,0,0,41.938255709,daylight,-87.796519503,9,no_indication_of_injury,2,15,no_defects,dry,W BELMONT AVE,no_controls,parking_lot,clear,0,2018,156626
straight_and_level,835,disregarding_traffic_signals,functioning_properly,0,1,angle,1,20,0,0,2,0,0,1,0,41.742635886,"darkness,_lighted_road",-87.692579914,9,no_indication_of_injury,2,0,no_defects,dry,S CALIFORNIA AVE,traffic_signal,other,clear,0,2018,153537
straight_and_level,1233,disregarding_stop_sign,functioning_properly,0,1,angle,1,4,0,0,2,0,0,0,2,41.864890498,"darkness,_lighted_road",-87.676342673,9,no_indication_of_injury,2,30,unknown,dry,S DAMEN AVE,stop_sign/flasher,not_divided,clear,0,2018,155261
straight_and_level,1831,had_been_drinking_(use_when_arrest_is_not_made),no_controls,0,0,parked_motor_vehicle,1,1,0,0,3,0,0,0,2,41.890119747,"darkness,_lighted_road",-87.632036059,9,no_indication_of_injury,3,30,no_defects,dry,W HUBBARD ST,no_controls,not_divided,clear,0,2018,155617
straight_and_level,1032,failing_to_reduce_speed_to_avoid_crash,functioning_properly,0,0,rear_end,1,12,0,0,2,0,0,0,4,41.844424831,daylight,-87.705185452,9,no_indication_of_injury,2,30,no_defects,dry,S KEDZIE AVE,traffic_signal,divided_-_w/median_(not_raised),clear,0,2018,155380
straight_and_level,2031,failing_to_yield_right-of-way,no_controls,0,2,angle,0,15,0,0,3,0,0,0,1,41.973202679,daylight,-87.698037078,9,no_indication_of_injury,2,20,unknown,dry,W WINNEMAC AVE,no_controls,alley,clear,0,2018,155949
straight_and_level,2222,failing_to_reduce_speed_to_avoid_crash,functioning_properly,0,6,sideswipe_same_direction,0,22,0,0,2,1,0,0,4,41.73582307,"darkness,_lighted_road",-87.653488836,9,nonincapacitating_injury,2,35,unknown,dry,W 87TH ST,traffic_signal,center_turn_lane,clear,0,2018,152503
straight_and_level,735,unable_to_determine,functioning_properly,0,2,sideswipe_same_direction,1,18,0,0,2,0,0,0,4,41.768386508,darkness,-87.668710735,9,no_indication_of_injury,2,30,no_defects,wet,W 69TH ST,traffic_signal,not_divided,rain,0,2018,158232
straight_and_level,1932,not_applicable,no_controls,0,3,parked_motor_vehicle,0,20,0,0,1,0,0,0,1,41.925292488,darkness,-87.665832036,9,no_indication_of_injury,2,5,unknown,dry,W FULLERTON AVE,no_controls,parking_lot,clear,0,2018,159291
straight_and_level,1014,"evasive_action_due_to_animal,_object,_nonmotorist",functioning_properly,0,3,pedestrian,0,7,0,0,2,1,0,0,6,41.854153459,daylight,-87.715486478,9,nonincapacitating_injury,2,30,no_defects,dry,W OGDEN AVE,traffic_signal,divided_-_w/median_(not_raised),clear,0,2018,153868
straight_and_level,1214,improper_lane_usage,no_controls,0,3,sideswipe_same_direction,0,11,0,0,2,0,0,0,2,41.893207007,daylight,-87.657012249,9,no_indication_of_injury,2,30,no_defects,dry,N OGDEN AVE,no_controls,not_divided,clear,0,2018,156919
straight_and_level,1225,unable_to_determine,no_controls,0,5,parked_motor_vehicle,1,16,0,0,1,0,0,0,2,41.877611658,daylight,-87.674227868,9,no_indication_of_injury,2,20,no_defects,dry,W JACKSON BLVD,no_controls,one-way,clear,0,2018,154656
straight_on_hillcrest,1834,improper_turning/no_signal,functioning_properly,0,4,turning,0,16,0,0,4,0,0,0,4,41.889532204,daylight,-87.620555104,9,no_indication_of_injury,2,30,"rut,_holes",dry,N COLUMBUS DR,traffic_signal,center_turn_lane,clear,0,2018,154140
straight_on_grade,1032,unable_to_determine,functioning_properly,0,2,parked_motor_vehicle,0,15,0,0,11,0,0,0,2,41.840983976,daylight,-87.705085849,9,no_indication_of_injury,2,30,no_defects,dry,W 28TH ST,traffic_signal,divided_-_w/median_(not_raised),clear,0,2018,151351
straight_and_level,1723,improper_backing,no_controls,0,2,parked_motor_vehicle,0,21,0,0,1,0,0,0,1,41.967774566,daylight,-87.715937507,9,no_indication_of_injury,2,30,no_defects,wet,N ST LOUIS AVE,no_controls,one-way,clear,0,2018,158573
straight_and_level,921,unable_to_determine,functioning_properly,0,2,sideswipe_opposite_direction,1,18,0,0,2,0,0,1,1,41.820787442,daylight,-87.70214472,9,no_indication_of_injury,2,30,no_defects,dry,S ALBANY AVE,stop_sign/flasher,one-way,clear,0,2018,157159
straight_and_level,1411,unable_to_determine,functioning_properly,0,0,turning,0,13,0,0,3,2,0,1,0,41.932006693,daylight,-87.69746847,9,nonincapacitating_injury,2,30,unknown,dry,N CALIFORNIA AVE,traffic_signal,divided_-_w/median_(not_raised),clear,0,2018,157837
straight_and_level,711,failing_to_yield_right-of-way,no_controls,0,5,turning,0,18,0,0,0,0,3,0,2,41.779909928,"darkness,_lighted_road",-87.641547618,9,"reported,_not_evident",2,30,no_defects,dry,W 63RD ST,no_controls,divided_-_w/median_(not_raised),clear,0,2018,157898
straight_and_level,614,improper_overtaking/passing,no_controls,0,2,parked_motor_vehicle,0,15,0,0,2,0,0,0,1,41.745262838,daylight,-87.659811897,9,no_indication_of_injury,2,20,no_defects,dry,S BISHOP ST,no_controls,one-way,clear,0,2018,155876
straight_and_level,1432,distraction_-_from_inside_vehicle,functioning_properly,0,4,angle,0,16,0,0,2,0,0,1,4,41.917607892,daylight,-87.687263997,9,no_indication_of_injury,2,35,no_defects,dry,N WESTERN AVE,unknown,divided_-_w/median_(not_raised),clear,0,2018,154477
straight_and_level,1814,following_too_closely,no_controls,0,1,rear_end,0,17,0,0,2,0,0,0,2,41.918435732,daylight,-87.634300616,9,no_indication_of_injury,2,30,no_defects,dry,N STOCKTON DR,no_controls,not_divided,clear,0,2018,155504
straight_and_level,2223,under_the_influence_of_alcohol/drugs_(use_when_arrest_is_effected),no_controls,0,0,parked_motor_vehicle,0,15,0,0,1,0,0,0,1,41.728081316,daylight,-87.637179512,9,no_indication_of_injury,5,25,no_defects,dry,S PARNELL AVE,no_controls,one-way,clear,0,2018,152779
straight_and_level,1023,unable_to_determine,unknown,0,2,angle,0,16,0,0,2,0,0,0,2,41.864408793,daylight,-87.686645897,9,no_indication_of_injury,2,30,unknown,unknown,W OGDEN AVE,unknown,divided_-_w/median_(not_raised),clear,0,2018,158212
straight_and_level,1722,equipment_-_vehicle_condition,no_controls,0,0,parked_motor_vehicle,0,3,0,0,1,0,0,0,1,41.966925596,"darkness,_lighted_road",-87.741566879,9,no_indication_of_injury,3,30,no_defects,dry,N KILBOURN AVE,no_controls,one-way,clear,0,2018,152798
straight_and_level,811,failing_to_reduce_speed_to_avoid_crash,no_controls,0,3,turning,1,22,0,0,2,0,0,1,4,41.790043969,"darkness,_lighted_road",-87.801300395,9,no_indication_of_injury,2,30,no_defects,dry,S HARLEM AVE,no_controls,not_divided,clear,0,2018,154178
straight_and_level,1824,improper_backing,no_controls,0,2,other_object,0,8,0,0,1,0,0,0,2,41.901682076,daylight,-87.627441931,9,no_indication_of_injury,1,30,no_defects,wet,E BELLEVUE PL,no_controls,not_divided,rain,0,2018,158192
straight_and_level,1513,unable_to_determine,no_controls,0,2,parked_motor_vehicle,0,12,0,0,1,0,0,0,1,41.877999141,daylight,-87.766261499,9,no_indication_of_injury,2,30,no_defects,dry,S PARKSIDE AVE,no_controls,one-way,clear,0,2018,158551
straight_and_level,2423,disregarding_traffic_signals,functioning_properly,0,0,angle,0,14,0,0,2,0,0,1,4,42.015011703,daylight,-87.66452241,9,no_indication_of_injury,2,30,no_defects,dry,N SHERIDAN RD,traffic_signal,not_divided,clear,0,2018,155239
straight_and_level,331,following_too_closely,no_controls,0,6,rear_end,1,19,0,0,2,0,0,0,2,41.775562728,darkness,-87.576444451,9,no_indication_of_injury,2,30,no_defects,dry,E MARQUETTE DR,no_controls,not_divided,clear,0,2018,160131
straight_and_level,624,exceeding_authorized_speed_limit,no_controls,0,4,head_on,1,16,0,0,2,0,0,0,1,41.751144633,daylight,-87.607006762,9,no_indication_of_injury,2,5,no_defects,dry,E 79TH ST,no_controls,alley,clear,0,2018,154056
straight_and_level,1113,unable_to_determine,no_controls,0,1,angle,1,18,0,0,4,0,0,0,1,41.882311153,daylight,-87.738130834,9,no_indication_of_injury,2,30,no_defects,dry,N KILBOURN AVE,no_controls,one-way,clear,0,2018,151517
straight_and_level,1711,following_too_closely,functioning_properly,0,2,rear_end,0,17,0,0,2,0,0,0,3,41.997237289,daylight,-87.711797783,9,no_indication_of_injury,2,30,no_defects,dry,W DEVON AVE,traffic_signal,not_divided,clear,0,2018,152086
straight_and_level,1023,failing_to_reduce_speed_to_avoid_crash,no_controls,0,1,rear_end,0,4,0,0,2,0,0,0,1,41.852961679,darkness,-87.69290447,9,no_indication_of_injury,2,30,no_defects,wet,W 21ST PL,stop_sign/flasher,one-way,clear,0,2018,151039
straight_and_level,1623,failing_to_yield_right-of-way,functioning_properly,0,5,angle,0,17,0,0,2,0,0,1,2,41.969871645,daylight,-87.755228654,9,no_indication_of_injury,2,25,no_defects,dry,W AINSLIE ST,stop_sign/flasher,not_divided,clear,0,2018,157325
straight_and_level,612,not_applicable,no_controls,0,6,parked_motor_vehicle,1,2,0,0,2,0,0,0,1,41.747562986,"darkness,_lighted_road",-87.650165754,9,no_indication_of_injury,2,30,worn_surface,dry,S CARPENTER ST,no_controls,one-way,clear,0,2018,152571
straight_and_level,713,unable_to_determine,no_controls,0,3,parked_motor_vehicle,1,7,0,0,1,0,0,0,0,41.793560191,daylight,-87.663770469,9,no_indication_of_injury,2,0,no_defects,dry,W GARFIELD BLVD,no_controls,other,clear,0,2018,151513
straight_and_level,1634,unable_to_determine,no_controls,0,6,parked_motor_vehicle,1,17,0,0,1,0,0,0,2,41.945947563,daylight,-87.752343303,9,no_indication_of_injury,2,30,no_defects,wet,W ADDISON ST,no_controls,not_divided,rain,0,2018,150479
straight_and_level,1921,failing_to_yield_right-of-way,no_controls,0,3,pedestrian,0,8,0,0,1,0,1,0,2,41.946722544,daylight,-87.680917903,9,"reported,_not_evident",2,25,no_defects,dry,W ADDISON ST,no_controls,not_divided,clear,0,2018,158576
straight_and_level,1624,following_too_closely,functioning_properly,0,2,rear_end,0,9,0,0,2,0,0,0,4,41.953354653,daylight,-87.761956179,9,no_indication_of_injury,2,30,no_defects,dry,W IRVING PARK RD,traffic_signal,not_divided,clear,0,2018,158196
straight_and_level,1711,failing_to_yield_right-of-way,no_controls,0,4,pedestrian,0,19,0,1,1,0,0,0,2,41.99723093,"darkness,_lighted_road",-87.71219548,9,incapacitating_injury,2,30,no_defects,dry,W DEVON AVE,no_controls,not_divided,clear,0,2018,158875
straight_and_level,1822,improper_overtaking/passing,functioning_properly,0,2,sideswipe_same_direction,0,13,0,0,2,0,0,0,4,41.910816767,daylight,-87.647773966,9,no_indication_of_injury,2,30,no_defects,dry,W NORTH AVE,lane_use_marking,divided_-_w/median_(not_raised),clear,0,2018,155954
straight_and_level,123,improper_backing,functioning_properly,0,6,rear_end,0,18,0,0,2,0,0,0,6,41.868622039,daylight,-87.624260744,9,no_indication_of_injury,2,30,no_defects,dry,S MICHIGAN AVE,traffic_signal,divided_-_w/median_barrier,clear,0,2018,159618
straight_and_level,623,unable_to_determine,functioning_properly,0,5,pedestrian,0,23,0,1,1,0,0,0,2,41.750891047,"darkness,_lighted_road",-87.625968505,9,incapacitating_injury,2,35,no_defects,dry,S LAFAYETTE AVE,traffic_signal,one-way,clear,0,2018,157199
straight_and_level,124,not_applicable,unknown,0,3,parked_motor_vehicle,1,7,0,0,1,0,0,0,4,41.869030908,daylight,-87.642100215,9,no_indication_of_injury,2,25,no_defects,dry,S JEFFERSON ST,no_controls,divided_-_w/median_(not_raised),clear,0,2018,151927
straight_and_level,314,not_applicable,no_controls,0,2,rear_end,0,11,0,0,3,0,0,0,2,41.779395764,daylight,-87.596028956,9,no_indication_of_injury,2,30,no_defects,dry,S WOODLAWN AVE,no_controls,not_divided,clear,0,2018,159160
straight_and_level,121,improper_overtaking/passing,functioning_properly,0,1,sideswipe_same_direction,0,8,0,0,2,0,0,1,3,41.878052776,daylight,-87.641219025,9,no_indication_of_injury,2,30,no_defects,dry,S CLINTON ST,traffic_signal,one-way,clear,0,2018,153108
straight_and_level,114,disregarding_traffic_signals,functioning_properly,0,6,angle,0,19,0,0,2,0,0,0,8,41.867620541,"darkness,_lighted_road",-87.61900613,9,no_indication_of_injury,2,35,no_defects,dry,E ROOSEVELT DR,traffic_signal,divided_-_w/median_barrier,clear,0,2018,153566
straight_and_level,2524,disregarding_stop_sign,functioning_properly,0,2,turning,1,5,0,0,2,0,0,1,0,41.926481726,"darkness,_lighted_road",-87.717189588,9,no_indication_of_injury,2,30,no_defects,wet,N CENTRAL PARK AVE,stop_sign/flasher,other,rain,0,2018,158234
straight_and_level,2223,unable_to_determine,no_controls,0,4,parked_motor_vehicle,1,9,0,0,1,0,0,0,2,41.732442782,daylight,-87.644131343,9,no_indication_of_injury,2,30,no_defects,dry,W 89TH ST,no_controls,not_divided,clear,0,2018,156607
straight_and_level,1911,unable_to_determine,no_controls,0,2,parked_motor_vehicle,0,14,0,0,1,0,0,0,2,41.964422404,daylight,-87.685639292,9,no_indication_of_injury,2,30,no_defects,dry,N LINCOLN AVE,no_controls,not_divided,clear,0,2018,151294
straight_and_level,1213,failing_to_reduce_speed_to_avoid_crash,no_controls,0,3,rear_end,0,18,0,0,2,0,0,0,2,41.896168367,daylight,-87.668202743,9,no_indication_of_injury,2,30,no_defects,dry,W CHICAGO AVE,no_controls,not_divided,clear,0,2018,153766
straight_and_level,1732,following_too_closely,no_controls,0,5,rear_end,0,16,0,0,5,0,0,0,2,41.950073288,daylight,-87.72765652,9,no_indication_of_injury,3,30,no_defects,dry,N PULASKI RD,no_controls,not_divided,clear,0,2018,156949
straight_and_level,1732,unable_to_determine,no_controls,0,3,parked_motor_vehicle,1,23,0,0,1,0,0,0,1,41.940972517,"darkness,_lighted_road",-87.71442105,9,no_indication_of_injury,4,25,no_defects,wet,W SCHOOL ST,no_controls,one-way,rain,0,2018,151558
straight_and_level,1231,unable_to_determine,functioning_properly,0,1,sideswipe_same_direction,0,10,0,0,2,0,0,0,3,41.875055534,daylight,-87.667287369,9,no_indication_of_injury,2,30,no_defects,dry,W CONGRESS PKWY,traffic_signal,one-way,clear,0,2018,160528
straight_and_level,631,unable_to_determine,no_controls,0,6,parked_motor_vehicle,1,16,0,0,1,0,0,0,1,41.745411628,daylight,-87.619468608,9,no_indication_of_injury,2,30,no_defects,dry,S INDIANA AVE,no_controls,one-way,clear,0,2018,157234
straight_and_level,334,improper_backing,no_controls,0,2,parked_motor_vehicle,1,19,0,0,1,0,0,0,4,41.759112601,"darkness,_lighted_road",-87.565147626,9,no_indication_of_injury,2,35,no_defects,dry,E 75TH ST,no_controls,not_divided,clear,0,2018,156280
straight_and_level,1023,unable_to_determine,no_controls,0,3,turning,0,14,0,0,3,0,0,0,2,41.862782915,daylight,-87.691943453,9,no_indication_of_injury,2,35,no_defects,dry,W OGDEN AVE,no_controls,not_divided,clear,0,2018,156160
straight_and_level,1934,unable_to_determine,no_controls,0,6,parked_motor_vehicle,1,12,0,0,1,0,0,0,2,41.932902467,daylight,-87.636373165,9,no_indication_of_injury,2,10,no_defects,dry,N LAKE SHORE DR,no_controls,parking_lot,clear,0,2018,154974
straight_and_level,1834,improper_turning/no_signal,functioning_properly,0,2,turning,0,9,0,0,3,0,0,1,5,41.892637896,daylight,-87.625341406,9,no_indication_of_injury,2,30,no_defects,dry,E OHIO ST,traffic_signal,one-way,clear,0,2018,155903
straight_and_level,1531,failing_to_yield_right-of-way,functioning_properly,0,1,pedestrian,0,10,0,0,1,1,0,1,2,41.894855863,daylight,-87.750581312,10,nonincapacitating_injury,2,30,no_defects,dry,W CHICAGO AVE,traffic_signal,divided_-_w/median_barrier,clear,0,2018,160220
straight_on_hillcrest,1232,improper_overtaking/passing,functioning_properly,0,3,sideswipe_same_direction,0,22,0,0,2,0,0,0,4,41.879108043,"darkness,_lighted_road",-87.647229624,10,no_indication_of_injury,2,30,no_defects,dry,W ADAMS ST,traffic_signal,not_divided,clear,0,2018,152723
straight_and_level,1122,unable_to_determine,functioning_properly,0,1,rear_end,1,16,0,0,1,1,2,1,2,41.882007102,daylight,-87.720942747,10,nonincapacitating_injury,2,30,no_defects,dry,W WASHINGTON BLVD,traffic_signal,divided_-_w/median_(not_raised),clear,0,2018,142537
straight_and_level,1824,exceeding_safe_speed_for_conditions,no_controls,0,0,fixed_object,0,10,0,0,1,0,0,0,4,41.900958919,daylight,-87.619928174,10,no_indication_of_injury,1,45,no_defects,wet,N LAKE SHORE DR SB,no_controls,divided_-_w/median_barrier,rain,0,2018,19581
straight_and_level,1831,improper_turning/no_signal,functioning_properly,0,3,turning,0,20,0,0,2,0,0,1,0,41.891654251,darkness,-87.637113331,10,no_indication_of_injury,2,30,unknown,dry,W GRAND AVE,traffic_signal,one-way,clear,0,2018,157052
straight_and_level,2512,failing_to_yield_right-of-way,no_controls,0,5,angle,0,17,0,0,2,0,0,0,2,41.925511677,daylight,-87.795154552,10,no_indication_of_injury,2,30,no_defects,dry,N OAK PARK AVE,stop_sign/flasher,not_divided,clear,0,2018,153693
straight_and_level,2232,unable_to_determine,no_controls,0,1,parked_motor_vehicle,1,7,0,0,1,0,0,0,1,41.708101346,unknown,-87.641502087,10,no_indication_of_injury,2,30,no_defects,dry,S EMERALD AVE,no_controls,one-way,clear,0,2018,150901
straight_and_level,2513,following_too_closely,no_controls,0,4,rear_end,0,6,0,0,4,0,0,0,4,41.909187951,"darkness,_lighted_road",-87.790910853,10,no_indication_of_injury,4,30,no_defects,dry,W NORTH AVE,no_controls,divided_-_w/median_(not_raised),cloudy/overcast,0,2018,152927
straight_and_level,123,improper_turning/no_signal,unknown,0,4,turning,0,18,0,0,2,0,0,1,4,41.87546835,dusk,-87.633508311,10,no_indication_of_injury,2,30,unknown,unknown,S WELLS ST,traffic_signal,one-way,clear,0,2018,152350
straight_and_level,1123,unable_to_determine,no_controls,0,1,sideswipe_same_direction,0,11,0,0,2,0,0,0,4,41.880804615,daylight,-87.711375496,10,no_indication_of_injury,2,30,no_defects,dry,W MADISON ST,no_controls,not_divided,clear,0,2018,160176
straight_and_level,911,improper_overtaking/passing,no_controls,0,0,sideswipe_same_direction,0,21,0,0,2,0,0,0,4,41.827556181,"darkness,_lighted_road",-87.704394725,10,no_indication_of_injury,2,30,no_defects,dry,S KEDZIE AVE,no_controls,not_divided,clear,0,2018,149912
straight_and_level,1122,improper_turning/no_signal,functioning_properly,0,5,sideswipe_same_direction,0,9,0,0,3,0,0,1,0,41.885145913,daylight,-87.721065713,10,no_indication_of_injury,3,30,no_defects,dry,N HAMLIN BLVD,traffic_signal,not_divided,cloudy/overcast,0,2018,154263
straight_and_level,1935,improper_overtaking/passing,functioning_properly,0,4,sideswipe_same_direction,0,1,0,0,2,0,0,0,2,41.930184361,"darkness,_lighted_road",-87.649073342,10,no_indication_of_injury,2,30,unknown,dry,N HALSTED ST,lane_use_marking,not_divided,clear,0,2018,147504
straight_and_level,1834,improper_turning/no_signal,functioning_properly,0,0,turning,0,8,0,0,3,0,0,1,3,41.892413487,daylight,-87.625453387,10,no_indication_of_injury,2,30,no_defects,dry,E OHIO ST,lane_use_marking,other,clear,0,2018,149850
straight_and_level,2013,failing_to_reduce_speed_to_avoid_crash,unknown,0,5,sideswipe_same_direction,0,23,0,0,2,0,0,0,4,41.978233158,unknown,-87.660067069,10,no_indication_of_injury,2,30,unknown,wet,N BROADWAY,unknown,unknown,rain,0,2018,161613
straight_and_level,1213,improper_lane_usage,no_controls,0,3,sideswipe_same_direction,0,15,0,0,2,0,0,0,4,41.903349177,daylight,-87.660326099,10,no_indication_of_injury,2,30,no_defects,dry,W DIVISION ST,no_controls,divided_-_w/median_(not_raised),clear,0,2018,157333
straight_and_level,2521,driving_skills/knowledge/experience,no_controls,0,4,other_object,0,8,0,0,1,0,0,0,0,41.925271767,daylight,-87.748536211,10,no_indication_of_injury,1,0,no_defects,dry,W MONTANA ST,no_controls,parking_lot,clear,0,2018,161195
straight_and_level,311,failing_to_yield_right-of-way,no_controls,0,3,rear_end,0,22,0,0,2,0,0,0,2,41.78373508,"darkness,_lighted_road",-87.620707373,10,no_indication_of_injury,2,30,no_defects,dry,S INDIANA AVE,no_controls,one-way,clear,0,2018,129532
straight_and_level,1533,unable_to_determine,functioning_properly,0,6,rear_end,1,20,0,0,3,0,0,0,4,41.876760655,"darkness,_lighted_road",-87.745291666,10,no_indication_of_injury,2,30,no_defects,dry,S CICERO AVE,traffic_signal,divided_-_w/median_(not_raised),clear,0,2018,155752
straight_and_level,1423,unable_to_determine,functioning_properly,0,3,pedalcyclist,1,23,0,0,1,1,0,0,2,41.910066298,darkness,-87.701369101,10,nonincapacitating_injury,2,35,no_defects,dry,W NORTH AVE,no_controls,not_divided,clear,0,2018,152740
straight_and_level,431,failing_to_yield_right-of-way,functioning_properly,0,1,turning,0,17,0,0,2,0,0,1,2,41.708276611,daylight,-87.559726215,10,no_indication_of_injury,2,35,no_defects,dry,E 103RD ST,traffic_signal,not_divided,clear,0,2018,141191
straight_and_level,122,following_too_closely,functioning_properly,0,1,sideswipe_same_direction,0,18,0,0,2,0,0,0,4,41.886706919,"darkness,_lighted_road",-87.631352471,10,no_indication_of_injury,2,30,no_defects,dry,W WACKER DR,traffic_signal,divided_-_w/median_(not_raised),clear,0,2018,141081
straight_and_level,234,unable_to_determine,unknown,0,3,sideswipe_same_direction,0,15,0,0,2,0,0,0,2,41.801523362,unknown,-87.586407092,10,no_indication_of_injury,2,30,other,unknown,S CORNELL AVE,unknown,unknown,unknown,0,2018,156378
"curve,_level",1824,exceeding_safe_speed_for_conditions,functioning_properly,0,0,fixed_object,0,8,0,0,1,0,0,0,8,41.901002863,daylight,-87.619779806,10,no_indication_of_injury,1,25,no_defects,wet,N LAKE SHORE DR NB,lane_use_marking,divided_-_w/median_barrier,cloudy/overcast,0,2018,155063
straight_and_level,1224,weather,functioning_properly,0,5,angle,0,11,0,0,2,0,0,1,4,41.884567017,daylight,-87.654592788,10,no_indication_of_injury,2,30,no_defects,wet,N ABERDEEN ST,stop_sign/flasher,divided_-_w/median_(not_raised),rain,0,2018,148885
straight_and_level,632,improper_overtaking/passing,functioning_properly,0,4,sideswipe_same_direction,0,3,0,0,4,0,0,0,4,41.735773064,"darkness,_lighted_road",-87.624004562,10,no_indication_of_injury,2,30,no_defects,dry,S STATE ST,traffic_signal,one-way,clear,0,2018,135130