alignment,beat,contributory_cause,device_condition,dooring,dow,first_crash_type,hit_and_run,hour,injuries_fatal,injuries_incapacitating,injuries_no_indication,injuries_non_incapacitating,injuries_reported_not_evident,intersection_related,lane_count,latitude,lighting_condition,longitude,month,most_severe_injury,num_units,posted_speed_limit,road_defect,roadway_surface_cond,street,traffic_control_device,trafficway_type,weather_condition,work_zone,year,i
straight_and_level,912,disregarding_traffic_signals,functioning_properly,0,1,angle,0,16,0,0,2,0,0,0,0,41.830409127,daylight,-87.67787617,10,no_indication_of_injury,2,30,no_defects,dry,S ARCHER AVE,traffic_signal,other,clear,0,2018,160192
straight_and_level,2512,driving_skills/knowledge/experience,no_controls,0,1,parked_motor_vehicle,0,18,0,0,1,0,0,0,1,41.92271476,"darkness,_lighted_road",-87.799027011,10,no_indication_of_injury,2,30,no_defects,dry,N NEWLAND AVE,no_controls,one-way,clear,0,2018,141013
straight_and_level,2212,failing_to_reduce_speed_to_avoid_crash,unknown,0,6,rear_end,0,22,0,0,3,0,0,1,2,41.699012536,dusk,-87.681532009,10,no_indication_of_injury,2,30,no_defects,dry,S WESTERN AVE,traffic_signal,center_turn_lane,clear,0,2018,161823
straight_and_level,1831,improper_overtaking/passing,functioning_properly,0,1,sideswipe_same_direction,1,16,0,0,2,0,0,0,2,41.891783008,daylight,-87.628217399,10,no_indication_of_injury,2,30,no_defects,dry,N STATE ST,traffic_signal,divided_-_w/median_(not_raised),clear,0,2018,141495
straight_and_level,912,improper_lane_usage,functioning_properly,0,0,turning,0,13,0,0,2,0,0,1,4,41.834113072,daylight,-87.675525083,10,no_indication_of_injury,2,30,no_defects,dry,S DAMEN AVE,traffic_signal,not_divided,clear,0,2018,151407
straight_and_level,114,failing_to_yield_right-of-way,functioning_properly,0,1,angle,0,13,0,1,2,0,0,1,4,41.881567637,daylight,-87.624203413,10,incapacitating_injury,2,30,no_defects,dry,S MICHIGAN AVE,stop_sign/flasher,not_divided,clear,0,2018,155664
straight_and_level,624,driving_on_wrong_side/wrong_way,no_controls,0,5,angle,0,2,0,0,6,2,2,1,2,41.75146168,"darkness,_lighted_road",-87.599069812,10,nonincapacitating_injury,2,25,no_defects,dry,E 79TH ST,no_controls,other,clear,0,2018,146930
straight_and_level,1123,following_too_closely,functioning_properly,0,4,rear_end,0,15,0,0,2,0,0,0,2,41.881924365,daylight,-87.706296505,10,no_indication_of_injury,2,30,no_defects,dry,N KEDZIE AVE,traffic_signal,not_divided,clear,0,2018,147509
straight_and_level,1031,improper_lane_usage,functioning_properly,0,3,rear_end,0,7,0,0,3,0,0,0,4,41.831828616,daylight,-87.72409631,10,no_indication_of_injury,2,30,no_defects,dry,S PULASKI RD,traffic_signal,not_divided,clear,0,2018,154247
straight_and_level,833,unable_to_determine,no_controls,0,1,parked_motor_vehicle,1,13,0,0,1,0,0,0,1,41.771443131,daylight,-87.738571709,10,no_indication_of_injury,2,25,no_defects,dry,S KNOX AVE,no_controls,one-way,clear,0,2018,155759
straight_and_level,2424,unable_to_determine,unknown,0,6,rear_end,0,16,0,0,2,0,0,1,2,42.010361228,daylight,-87.674411267,10,no_indication_of_injury,2,30,unknown,dry,N CLARK ST,stop_sign/flasher,divided_-_w/median_(not_raised),clear,0,2018,150872
straight_and_level,1922,improper_turning/no_signal,functioning_properly,0,5,turning,0,8,0,0,3,0,0,0,1,41.93971296,daylight,-87.675778623,10,no_indication_of_injury,2,30,no_defects,dry,W BELMONT AVE,traffic_signal,not_divided,clear,0,2018,152348
straight_and_level,1622,following_too_closely,no_controls,0,5,rear_end,0,12,0,0,3,0,0,0,2,41.960593495,daylight,-87.767306265,10,no_indication_of_injury,3,30,no_defects,wet,W MONTROSE AVE,no_controls,not_divided,clear,0,2018,161485
straight_and_level,2433,unable_to_determine,no_controls,0,1,fixed_object,0,17,0,0,1,0,0,0,4,41.996510057,daylight,-87.655730774,10,no_indication_of_injury,1,30,unknown,dry,N SHERIDAN RD,no_controls,not_divided,cloudy/overcast,0,2018,160289
straight_and_level,1034,improper_backing,no_controls,0,2,parked_motor_vehicle,0,16,0,0,1,0,0,0,0,41.851921774,daylight,-87.685751356,10,no_indication_of_injury,2,30,no_defects,dry,W CERMAK RD,no_controls,parking_lot,clear,0,2018,156405
straight_and_level,1414,failing_to_yield_right-of-way,functioning_properly,0,1,turning,0,14,0,0,2,1,0,1,4,41.92466801,daylight,-87.700498059,10,nonincapacitating_injury,2,30,no_defects,dry,W FULLERTON AVE,traffic_signal,not_divided,clear,0,2018,132031
straight_and_level,1731,not_applicable,unknown,0,3,rear_end,0,7,0,0,10,0,0,0,4,41.951618757,dawn,-87.747120772,10,no_indication_of_injury,5,30,no_defects,wet,N CICERO AVE,unknown,divided_-_w/median_(not_raised),clear,0,2018,157141
straight_and_level,2012,following_too_closely,functioning_properly,0,6,rear_end,0,12,0,0,6,0,0,0,4,41.990673889,daylight,-87.673579322,10,no_indication_of_injury,3,30,no_defects,dry,W PETERSON AVE,traffic_signal,divided_-_w/median_(not_raised),clear,0,2018,148740
straight_and_level,924,disregarding_traffic_signals,functioning_properly,0,4,turning,0,16,0,1,5,1,0,1,4,41.813966327,dusk,-87.665253929,10,incapacitating_injury,2,30,no_defects,dry,S ASHLAND AVE,traffic_signal,not_divided,clear,0,2018,161623
straight_and_level,825,failing_to_yield_right-of-way,functioning_properly,0,2,turning,0,20,0,0,2,0,0,1,4,41.779331844,"darkness,_lighted_road",-87.683675761,10,no_indication_of_injury,2,30,unknown,dry,W 63RD ST,traffic_signal,center_turn_lane,clear,0,2018,144478
straight_and_level,911,improper_overtaking/passing,no_controls,0,3,sideswipe_same_direction,1,17,0,0,2,0,0,0,2,41.830187255,daylight,-87.685177925,10,no_indication_of_injury,2,30,no_defects,dry,S WESTERN AVE,no_controls,not_divided,clear,0,2018,161793
straight_and_level,1921,physical_condition_of_driver,functioning_properly,0,3,fixed_object,0,4,0,0,1,0,0,1,4,41.939507464,"darkness,_lighted_road",-87.687765208,10,no_indication_of_injury,1,30,no_defects,wet,N WESTERN AVE,traffic_signal,not_divided,rain,0,2018,157634
straight_and_level,1024,disregarding_traffic_signals,functioning_properly,0,3,angle,1,0,0,0,3,0,0,1,4,41.85167198,"darkness,_lighted_road",-87.705398693,10,no_indication_of_injury,2,30,unknown,dry,S KEDZIE AVE,traffic_signal,divided_-_w/median_(not_raised),clear,0,2018,137306
straight_and_level,524,driving_skills/knowledge/experience,functioning_properly,0,1,rear_end,0,20,0,0,3,0,0,0,2,41.677862709,"darkness,_lighted_road",-87.646290644,10,no_indication_of_injury,2,30,no_defects,dry,W 119TH ST,traffic_signal,not_divided,clear,0,2018,141549
straight_and_level,835,road_construction/maintenance,no_controls,0,4,other_object,0,18,0,0,2,0,0,0,4,41.750205598,dusk,-87.681590018,10,no_indication_of_injury,1,35,other,dry,W 79TH ST,no_controls,not_divided,clear,1,2018,146680
straight_and_level,1621,failing_to_yield_right-of-way,no_controls,0,0,turning,1,15,0,0,2,0,0,1,2,41.987811685,daylight,-87.7675193,10,no_indication_of_injury,2,30,no_defects,dry,N CENTRAL AVE,stop_sign/flasher,not_divided,clear,0,2018,149989
straight_and_level,815,unable_to_determine,no_controls,0,5,sideswipe_same_direction,0,15,0,0,2,0,0,0,4,41.80017222,daylight,-87.734047411,10,no_indication_of_injury,2,30,unknown,unknown,S ARCHER AVE,no_controls,not_divided,unknown,0,2018,139564
straight_and_level,2514,failing_to_reduce_speed_to_avoid_crash,no_controls,0,0,parked_motor_vehicle,0,5,0,0,0,0,1,0,1,41.930743374,"darkness,_lighted_road",-87.758706314,10,"reported,_not_evident",7,30,no_defects,dry,N LOCKWOOD AVE,no_controls,one-way,clear,0,2018,149950
straight_and_level,1235,"operating_vehicle_in_erratic,_reckless,_careless,_negligent_or_aggressive_manner",no_controls,0,0,parked_motor_vehicle,0,0,0,0,1,0,0,0,2,41.858377151,"darkness,_lighted_road",-87.656294757,10,no_indication_of_injury,4,30,no_defects,dry,S RACINE AVE,no_controls,not_divided,clear,0,2018,149896
straight_and_level,1822,following_too_closely,no_controls,0,1,rear_end,0,22,0,0,2,0,0,0,2,41.908305786,"darkness,_lighted_road",-87.651799571,10,no_indication_of_injury,2,30,no_defects,dry,N KINGSBURY ST,no_controls,not_divided,clear,0,2018,143036
straight_and_level,323,physical_condition_of_driver,no_controls,0,4,fixed_object,0,6,0,0,0,1,0,0,2,41.765427534,dawn,-87.62346039,10,nonincapacitating_injury,1,30,no_defects,dry,E 71ST ST,no_controls,divided_-_w/median_barrier,clear,0,2018,138760
straight_and_level,831,improper_overtaking/passing,functioning_properly,0,0,sideswipe_same_direction,1,16,0,0,2,0,0,0,4,41.764295037,daylight,-87.702957162,10,no_indication_of_injury,2,30,no_defects,dry,S KEDZIE AVE,traffic_signal,divided_-_w/median_(not_raised),clear,0,2018,139891
straight_and_level,1624,failing_to_yield_right-of-way,no_controls,0,2,parked_motor_vehicle,1,15,0,0,1,0,0,0,1,41.956236974,daylight,-87.749909232,10,no_indication_of_injury,2,20,no_defects,dry,W WARNER AVE,no_controls,one-way,clear,0,2018,149848
straight_and_level,1634,unable_to_determine,no_controls,0,0,parked_motor_vehicle,1,22,0,0,1,0,0,0,1,41.943403771,"darkness,_lighted_road",-87.754403279,10,no_indication_of_injury,2,30,no_defects,dry,W NEWPORT AVE,no_controls,one-way,clear,0,2018,149952
straight_and_level,1834,unable_to_determine,functioning_properly,0,0,angle,1,14,0,0,1,0,1,1,5,41.89261824,daylight,-87.626160348,10,"reported,_not_evident",2,30,no_defects,dry,E OHIO ST,traffic_signal,one-way,clear,0,2018,155784
straight_and_level,813,unable_to_determine,no_controls,0,3,parked_motor_vehicle,1,19,0,0,1,0,0,0,1,41.779356167,"darkness,_lighted_road",-87.728737523,10,no_indication_of_injury,2,25,no_defects,dry,S TRIPP AVE,no_controls,one-way,clear,0,2018,152376
straight_and_level,1622,unable_to_determine,functioning_properly,0,5,rear_end,1,6,0,0,3,0,0,1,2,41.96039361,daylight,-87.781970075,10,no_indication_of_injury,3,30,no_defects,wet,W MONTROSE AVE,traffic_signal,not_divided,rain,0,2018,161518
straight_and_level,231,failing_to_yield_right-of-way,no_controls,0,1,sideswipe_same_direction,0,17,0,0,4,0,0,0,2,41.801576329,daylight,-87.61629278,10,no_indication_of_injury,2,30,no_defects,dry,S DR MARTIN LUTHER KING JR DR,no_controls,divided_-_w/median_(not_raised),clear,0,2018,152652
straight_and_level,1524,unable_to_determine,no_controls,0,5,parked_motor_vehicle,1,1,0,0,1,0,0,0,1,41.89561237,"darkness,_lighted_road",-87.759499152,10,no_indication_of_injury,2,30,no_defects,dry,N LOREL AVE,no_controls,one-way,clear,0,2018,136840
straight_and_level,1822,unable_to_determine,no_controls,0,4,parked_motor_vehicle,1,11,0,0,1,0,0,0,0,41.903523071,daylight,-87.65561372,10,no_indication_of_injury,2,0,no_defects,dry,N NORTH BRANCH ST,no_controls,parking_lot,clear,0,2018,161502
straight_and_level,835,improper_overtaking/passing,no_controls,0,2,turning,0,22,0,0,4,0,0,0,2,41.749647195,darkness,-87.686648456,10,no_indication_of_injury,2,30,no_defects,dry,S MAPLEWOOD AVE,no_controls,not_divided,clear,0,2018,160851
straight_and_level,532,road_engineering/surface/marking_defects,no_controls,0,1,fixed_object,0,2,0,0,3,0,0,0,1,41.674788301,darkness,-87.601683005,10,no_indication_of_injury,1,30,"rut,_holes",dry,S DOTY AVE W,no_controls,not_divided,clear,0,2018,157073
straight_and_level,1722,failing_to_yield_right-of-way,functioning_properly,0,2,turning,0,16,0,0,2,0,0,0,4,41.953581729,daylight,-87.743440662,10,no_indication_of_injury,2,30,no_defects,dry,W IRVING PARK RD,stop_sign/flasher,not_divided,clear,0,2018,160821
straight_and_level,434,unable_to_determine,unknown,0,6,rear_end,1,17,0,0,2,0,0,0,2,41.702685827,dusk,-87.559747707,10,no_indication_of_injury,2,30,unknown,wet,S TORRENCE AVE,traffic_signal,not_divided,rain,0,2018,157968
straight_and_level,1424,unable_to_determine,no_controls,0,1,sideswipe_same_direction,1,17,0,0,2,0,0,0,4,41.905501785,daylight,-87.686946454,10,no_indication_of_injury,2,30,no_defects,dry,N WESTERN AVE,no_controls,divided_-_w/median_(not_raised),clear,0,2018,160731
straight_and_level,734,under_the_influence_of_alcohol/drugs_(use_when_arrest_is_effected),functioning_properly,0,3,sideswipe_opposite_direction,0,0,0,0,2,0,0,1,4,41.764946464,"darkness,_lighted_road",-87.654173435,10,no_indication_of_injury,2,30,no_defects,wet,W 71ST ST,traffic_signal,divided_-_w/median_(not_raised),rain,0,2018,156316
straight_and_level,1211,improper_lane_usage,no_controls,0,5,parked_motor_vehicle,0,2,0,0,1,1,0,0,2,41.89759542,"darkness,_lighted_road",-87.705161443,10,nonincapacitating_injury,2,30,no_defects,dry,W GRAND AVE,no_controls,not_divided,clear,0,2018,161167
straight_and_level,1711,unable_to_determine,no_controls,0,6,parked_motor_vehicle,1,0,0,0,1,0,0,0,1,41.984981871,unknown,-87.710161452,10,no_indication_of_injury,2,15,no_defects,dry,W HOLLYWOOD AVE,no_controls,one-way,clear,0,2018,138756
straight_and_level,1915,failing_to_yield_right-of-way,no_controls,0,2,angle,0,15,0,0,3,0,0,0,1,41.955796951,daylight,-87.6478434,10,no_indication_of_injury,2,30,unknown,unknown,W BITTERSWEET PL,no_controls,one-way,clear,0,2018,129580
straight_and_level,122,failing_to_reduce_speed_to_avoid_crash,functioning_properly,0,2,pedestrian,1,8,0,0,1,1,0,1,3,41.883310254,daylight,-87.637101493,10,nonincapacitating_injury,2,30,no_defects,dry,W WASHINGTON ST,traffic_signal,one-way,clear,0,2018,142544
straight_and_level,2523,failing_to_yield_right-of-way,functioning_properly,0,4,pedestrian,0,11,0,0,1,1,0,0,1,41.931770048,daylight,-87.736878103,10,nonincapacitating_injury,2,30,no_defects,dry,W DIVERSEY AVE,traffic_signal,not_divided,clear,0,2018,146886
straight_and_level,1411,not_applicable,no_controls,0,5,rear_end,0,13,0,0,2,0,0,0,2,41.937781109,daylight,-87.696203324,10,no_indication_of_injury,2,30,unknown,dry,N ELSTON AVE,no_controls,divided_-_w/median_(not_raised),clear,0,2018,153635
straight_and_level,815,failing_to_yield_right-of-way,functioning_properly,0,5,turning,0,20,0,0,2,0,0,1,5,41.807519111,"darkness,_lighted_road",-87.743074785,10,no_indication_of_injury,2,35,no_defects,dry,W 47TH ST,traffic_signal,center_turn_lane,clear,0,2018,153601
straight_and_level,1912,improper_backing,no_controls,0,1,angle,1,8,0,0,1,0,0,0,2,41.963237535,daylight,-87.674149083,10,no_indication_of_injury,2,30,no_defects,dry,W SUNNYSIDE AVE,no_controls,not_divided,clear,0,2018,160200
straight_and_level,513,improper_lane_usage,functioning_properly,0,5,rear_end,1,14,0,0,2,1,0,0,2,41.692627564,daylight,-87.598762563,10,nonincapacitating_injury,3,30,"rut,_holes",dry,E 111TH ST,traffic_signal,not_divided,clear,0,2018,161760
straight_and_level,734,unable_to_determine,no_controls,0,3,parked_motor_vehicle,1,1,0,0,1,0,0,0,2,41.76139778,"darkness,_lighted_road",-87.662582901,10,no_indication_of_injury,2,30,no_defects,dry,W 73RD ST,no_controls,divided_-_w/median_(not_raised),clear,0,2018,161213
straight_and_level,1623,following_too_closely,functioning_properly,0,5,rear_end,1,11,0,0,3,0,0,0,2,41.960764161,daylight,-87.752522668,10,no_indication_of_injury,2,30,no_defects,dry,W MONTROSE AVE,traffic_signal,not_divided,clear,0,2018,146880
straight_and_level,1732,unable_to_determine,no_controls,0,5,rear_end,0,14,0,0,2,0,0,0,2,41.946445741,daylight,-87.73035222,10,no_indication_of_injury,2,20,no_defects,dry,W ADDISON ST,no_controls,not_divided,clear,0,2018,146859
straight_and_level,1612,unable_to_determine,no_controls,0,2,sideswipe_same_direction,0,10,0,0,2,0,0,0,2,41.996254336,daylight,-87.805817557,10,no_indication_of_injury,2,30,no_defects,dry,N NORTHWEST HWY,no_controls,not_divided,clear,0,2018,143000
straight_and_level,331,improper_turning/no_signal,functioning_properly,0,5,turning,0,16,0,0,3,0,0,1,2,41.777015761,daylight,-87.579097908,10,no_indication_of_injury,2,0,no_defects,dry,S RICHARDS DR,traffic_signal,divided_-_w/median_(not_raised),clear,0,2018,59874
straight_and_level,1022,failing_to_yield_right-of-way,functioning_properly,0,4,angle,1,15,0,0,2,0,0,1,4,41.857723464,daylight,-87.705421973,10,no_indication_of_injury,2,30,no_defects,dry,W OGDEN AVE,traffic_signal,divided_-_w/median_(not_raised),clear,0,2018,145325
straight_and_level,1524,failing_to_yield_right-of-way,functioning_properly,0,1,turning,1,22,0,0,2,0,0,1,2,41.893093917,"darkness,_lighted_road",-87.755677589,10,no_indication_of_injury,2,30,no_defects,dry,N LARAMIE AVE,stop_sign/flasher,divided_-_w/median_(not_raised),clear,0,2018,141532
straight_and_level,1925,failing_to_yield_right-of-way,functioning_properly,0,2,pedestrian,0,23,0,0,1,0,1,0,2,41.949157243,"darkness,_lighted_road",-87.648526618,10,"reported,_not_evident",2,30,unknown,wet,N BROADWAY,traffic_signal,not_divided,rain,0,2018,157736
straight_and_level,1822,unable_to_determine,no_controls,0,4,angle,0,21,0,0,2,0,0,0,1,41.908560135,darkness,-87.646452686,10,no_indication_of_injury,2,10,no_defects,dry,N CLYBOURN AVE,no_controls,parking_lot,clear,0,2018,161614
straight_and_level,1831,unable_to_determine,functioning_properly,0,3,parked_motor_vehicle,1,21,0,0,1,0,0,0,2,41.889343478,dusk,-87.629512274,10,no_indication_of_injury,2,35,no_defects,dry,W KINZIE ST,traffic_signal,not_divided,clear,0,2018,157065
straight_and_level,1811,improper_lane_usage,functioning_properly,0,5,parked_motor_vehicle,1,9,0,0,1,0,0,0,1,41.923933369,daylight,-87.660696519,10,no_indication_of_injury,2,20,no_defects,unknown,N LAKEWOOD AVE,stop_sign/flasher,one-way,unknown,0,2018,133715
straight_and_level,1622,following_too_closely,functioning_properly,0,0,rear_end,0,20,0,0,2,0,0,0,1,41.981069101,darkness,-87.771011856,10,no_indication_of_injury,2,30,no_defects,dry,N LOVEJOY AVE,stop_sign/flasher,not_divided,clear,0,2018,149890
straight_and_level,622,driving_skills/knowledge/experience,functioning_properly,0,1,sideswipe_same_direction,0,16,0,0,8,0,0,0,4,41.736376037,daylight,-87.625621311,10,no_indication_of_injury,2,30,no_defects,dry,W 87TH ST,traffic_signal,divided_-_w/median_(not_raised),clear,0,2018,156356
straight_and_level,1611,failing_to_yield_right-of-way,no_controls,0,1,angle,0,17,0,0,2,0,0,0,2,41.995996682,daylight,-87.804913629,10,no_indication_of_injury,2,30,no_defects,dry,N NORTHWEST HWY,no_controls,not_divided,clear,0,2018,156376
straight_and_level,324,not_applicable,no_controls,0,3,pedestrian,0,17,0,0,1,1,0,0,4,41.763148606,daylight,-87.586392249,10,nonincapacitating_injury,2,35,no_defects,dry,S STONY ISLAND AVE,no_controls,divided_-_w/median_barrier,clear,0,2018,160860
straight_and_level,622,improper_turning/no_signal,no_controls,0,3,turning,0,14,0,0,2,0,0,0,2,41.743398158,daylight,-87.634251774,10,no_indication_of_injury,2,30,no_defects,wet,S STEWART AVE,no_controls,divided_-_w/median_(not_raised),rain,0,2018,133577
straight_and_level,1712,following_too_closely,no_controls,0,3,rear_end,0,19,0,0,2,0,0,0,2,41.973708987,"darkness,_lighted_road",-87.713658953,10,no_indication_of_injury,2,30,no_defects,dry,N KIMBALL AVE,no_controls,divided_-_w/median_(not_raised),clear,0,2018,145305
straight_and_level,1114,failing_to_yield_right-of-way,no_controls,0,2,angle,0,9,0,0,2,0,0,1,2,41.88478743,daylight,-87.725848702,10,no_indication_of_injury,2,30,no_defects,dry,W MAYPOLE AVE,stop_sign/flasher,not_divided,clear,0,2018,133634
straight_and_level,1434,unable_to_determine,functioning_properly,0,1,rear_end,1,17,0,0,2,0,0,0,4,41.916800886,daylight,-87.687241621,10,no_indication_of_injury,2,30,no_defects,dry,N WESTERN AVE,traffic_signal,not_divided,clear,0,2018,155776
straight_and_level,133,following_too_closely,functioning_properly,0,1,rear_end,0,8,0,0,2,0,0,0,6,41.847516655,daylight,-87.617862668,10,no_indication_of_injury,2,30,no_defects,dry,S DR MARTIN LUTHER KING JR DR,traffic_signal,divided_-_w/median_barrier,clear,0,2018,145315
straight_and_level,823,following_too_closely,functioning_properly,0,5,rear_end,0,10,0,0,3,0,0,0,2,41.778656541,daylight,-87.715596281,10,no_indication_of_injury,2,30,no_defects,dry,W 63RD ST,traffic_signal,not_divided,clear,0,2018,136808
straight_and_level,2433,failing_to_yield_right-of-way,functioning_properly,0,6,sideswipe_same_direction,0,18,0,0,2,0,0,0,4,41.99686251,dusk,-87.660608068,10,no_indication_of_injury,2,30,no_defects,dry,N BROADWAY,traffic_signal,divided_-_w/median_(not_raised),clear,0,2018,140360
straight_and_level,1533,failing_to_yield_right-of-way,functioning_properly,0,0,angle,1,12,0,0,2,0,0,1,4,41.878565958,daylight,-87.745353672,10,no_indication_of_injury,2,30,no_defects,dry,S CICERO AVE,stop_sign/flasher,divided_-_w/median_(not_raised),cloudy/overcast,0,2018,154853
straight_and_level,2234,unable_to_determine,unknown,0,6,rear_end,0,18,0,0,2,0,0,1,2,41.685126278,unknown,-87.64707872,10,no_indication_of_injury,2,30,unknown,unknown,W 115TH ST,unknown,unknown,unknown,0,2018,156451
straight_and_level,212,improper_backing,no_controls,0,3,fixed_object,0,20,0,0,1,0,0,0,1,41.83093492,"darkness,_lighted_road",-87.623180158,10,no_indication_of_injury,1,25,no_defects,wet,E 35TH ST,no_controls,parking_lot,rain,0,2018,133753
straight_and_level,911,unable_to_determine,unknown,0,4,sideswipe_same_direction,0,14,0,0,3,0,0,1,2,41.822915786,"darkness,_lighted_road",-87.693818479,10,no_indication_of_injury,2,30,unknown,unknown,W PERSHING RD,unknown,divided_-_w/median_(not_raised),unknown,0,2018,152708
straight_and_level,2525,unable_to_determine,no_controls,0,3,sideswipe_same_direction,0,8,0,0,2,0,0,0,2,41.924323701,daylight,-87.731051749,10,no_indication_of_injury,2,30,no_defects,dry,W FULLERTON AVE,no_controls,not_divided,clear,0,2018,133755
straight_and_level,1712,unable_to_determine,no_controls,0,1,rear_end,0,14,0,0,2,0,0,0,2,41.978503335,daylight,-87.708602341,10,no_indication_of_injury,2,30,unknown,dry,N KEDZIE AVE,no_controls,divided_-_w/median_(not_raised),clear,0,2018,141548
straight_and_level,1432,following_too_closely,functioning_properly,0,6,rear_end,0,3,0,0,2,0,0,1,2,41.928475112,"darkness,_lighted_road",-87.687620975,10,no_indication_of_injury,2,30,no_defects,dry,N WESTERN AVE,traffic_signal,not_divided,clear,0,2018,154373
straight_and_level,2413,"vision_obscured_(signs,_tree_limbs,_buildings,_etc.)",no_controls,0,3,sideswipe_same_direction,0,8,0,0,2,0,0,0,1,41.996245811,daylight,-87.703381114,10,no_indication_of_injury,2,30,no_defects,dry,N RICHMOND ST,no_controls,one-way,clear,0,2018,133722
straight_and_level,2412,failing_to_yield_right-of-way,no_controls,0,3,head_on,0,18,0,0,2,0,0,0,1,41.999465295,"darkness,_lighted_road",-87.688143822,10,no_indication_of_injury,2,30,unknown,unknown,W ARTHUR AVE,no_controls,one-way,clear,0,2018,161130
straight_and_level,2213,failing_to_yield_right-of-way,no_controls,0,3,turning,0,20,0,0,2,0,0,0,2,41.706786171,"darkness,_lighted_road",-87.663392248,10,no_indication_of_injury,2,25,no_defects,dry,W 103RD ST,no_controls,not_divided,clear,0,2018,152998
straight_and_level,1214,failing_to_yield_right-of-way,functioning_properly,0,1,pedalcyclist,0,9,0,0,2,0,0,1,0,41.885721524,daylight,-87.644391312,10,no_indication_of_injury,2,30,no_defects,dry,N DESPLAINES ST,traffic_signal,divided_-_w/median_(not_raised),cloudy/overcast,0,2018,143048
straight_and_level,1123,unable_to_determine,no_controls,0,4,sideswipe_same_direction,0,6,0,0,4,0,0,0,4,41.880773327,"darkness,_lighted_road",-87.71372649,10,no_indication_of_injury,2,35,no_defects,dry,W MADISON ST,no_controls,not_divided,clear,0,2018,154281
straight_and_level,131,improper_overtaking/passing,functioning_properly,0,2,sideswipe_same_direction,0,18,0,0,2,0,0,0,6,41.852932179,daylight,-87.623960624,10,no_indication_of_injury,2,30,no_defects,dry,S MICHIGAN AVE,traffic_signal,not_divided,clear,0,2018,151410
straight_and_level,1523,unable_to_determine,no_controls,0,2,parked_motor_vehicle,1,5,0,0,1,0,0,0,1,41.885747275,"darkness,_lighted_road",-87.755324631,10,no_indication_of_injury,2,30,no_defects,dry,W FULTON ST,no_controls,one-way,clear,0,2018,133154
straight_and_level,1834,road_engineering/surface/marking_defects,no_controls,0,1,parked_motor_vehicle,0,9,0,0,1,0,0,0,2,41.894161155,daylight,-87.616202013,10,no_indication_of_injury,2,30,worn_surface,dry,E ERIE ST,no_controls,one-way,clear,0,2018,141544
straight_and_level,2211,following_too_closely,functioning_properly,0,6,rear_end,0,10,0,0,4,0,0,0,3,41.69060568,daylight,-87.739581449,10,no_indication_of_injury,2,30,no_defects,dry,S CICERO AVE,traffic_signal,not_divided,clear,0,2018,155090
straight_and_level,2232,improper_backing,no_controls,0,3,parked_motor_vehicle,0,18,0,0,1,0,0,0,1,41.713523316,"darkness,_lighted_road",-87.649230866,10,no_indication_of_injury,2,25,no_defects,dry,S CARPENTER ST,no_controls,one-way,clear,0,2018,157009
straight_on_grade,914,not_applicable,functioning_properly,0,3,fixed_object,0,1,0,0,1,0,0,1,2,41.845250178,"darkness,_lighted_road",-87.643978617,10,no_indication_of_injury,1,30,unknown,dry,W 26TH ST,traffic_signal,other,clear,0,2018,133658
straight_and_level,1712,unable_to_determine,no_controls,0,2,parked_motor_vehicle,0,16,0,0,1,0,0,0,1,41.974466062,unknown,-87.714902555,10,no_indication_of_injury,2,30,unknown,unknown,N BERNARD ST,no_controls,other,unknown,0,2018,152664
straight_and_level,1033,unable_to_determine,no_controls,0,4,fixed_object,0,14,0,0,0,1,0,0,4,41.837516734,daylight,-87.69559255,10,nonincapacitating_injury,1,30,no_defects,dry,W 31ST ST,no_controls,center_turn_lane,clear,0,2018,135105
straight_and_level,2211,improper_turning/no_signal,functioning_properly,0,0,angle,0,1,0,0,2,0,0,1,2,41.69699196,"darkness,_lighted_road",-87.701162802,10,no_indication_of_injury,2,30,no_defects,dry,S KEDZIE AVE,stop_sign/flasher,divided_-_w/median_(not_raised),clear,0,2018,161764
straight_and_level,714,animal,no_controls,0,5,parked_motor_vehicle,0,3,0,0,1,0,0,0,3,41.783996577,daylight,-87.672668779,10,no_indication_of_injury,2,30,no_defects,dry,S WINCHESTER AVE,no_controls,one-way,clear,0,2018,148416
straight_and_level,722,disregarding_stop_sign,functioning_properly,0,2,angle,0,16,0,0,1,1,1,1,2,41.774471428,daylight,-87.628263449,10,nonincapacitating_injury,2,30,no_defects,dry,S PERRY AVE,stop_sign/flasher,other,clear,0,2018,156307
straight_and_level,112,following_too_closely,no_controls,0,2,rear_end,0,12,0,0,2,0,0,0,3,41.881987304,daylight,-87.625285685,10,no_indication_of_injury,2,30,no_defects,dry,E MADISON ST,no_controls,one-way,clear,0,2018,156310