alignment,beat,contributory_cause,device_condition,dooring,dow,first_crash_type,hit_and_run,hour,injuries_fatal,injuries_incapacitating,injuries_no_indication,injuries_non_incapacitating,injuries_reported_not_evident,intersection_related,lane_count,latitude,lighting_condition,longitude,month,most_severe_injury,num_units,posted_speed_limit,road_defect,roadway_surface_cond,street,traffic_control_device,trafficway_type,weather_condition,work_zone,year,i
straight_and_level,612,"vision_obscured_(signs,_tree_limbs,_buildings,_etc.)",unknown,0,3,pedestrian,0,17,0,0,1,0,1,0,2,41.750640976,daylight,-87.651380361,10,"reported,_not_evident",2,30,unknown,wet,W 79TH ST,no_controls,not_divided,rain,0,2018,132877
straight_and_level,813,unable_to_determine,no_controls,0,2,rear_end,1,8,0,0,2,0,0,0,2,41.778737748,daylight,-87.725266786,10,no_indication_of_injury,2,25,no_defects,dry,W 63RD ST,no_controls,not_divided,clear,0,2018,133710
straight_and_level,1811,unable_to_determine,no_controls,0,3,sideswipe_same_direction,0,10,0,0,2,0,0,0,2,41.910931661,daylight,-87.654232649,10,no_indication_of_injury,2,30,no_defects,dry,W NORTH AVE,no_controls,divided_-_w/median_(not_raised),clear,0,2018,145591
straight_and_level,111,failing_to_reduce_speed_to_avoid_crash,unknown,0,4,rear_end,0,13,0,0,2,0,0,1,2,41.886874903,daylight,-87.630030395,10,no_indication_of_injury,2,30,no_defects,dry,N GARVEY CT,unknown,one-way,clear,0,2018,145373
straight_and_level,1821,failing_to_yield_right-of-way,functioning_properly,0,0,angle,0,6,0,0,3,0,0,1,1,41.903905986,darkness,-87.634626237,10,no_indication_of_injury,2,30,no_defects,wet,N WELLS ST,traffic_signal,not_divided,rain,0,2018,20061
straight_on_grade,1111,disregarding_stop_sign,functioning_properly,0,3,angle,1,9,0,0,1,1,0,1,4,41.89728886,daylight,-87.726290478,10,nonincapacitating_injury,2,30,no_defects,dry,N PULASKI RD,stop_sign/flasher,not_divided,clear,0,2018,160862
straight_and_level,1131,improper_overtaking/passing,functioning_properly,0,3,angle,1,12,0,0,9,0,0,0,2,41.874219491,daylight,-87.735093573,10,no_indication_of_injury,2,30,unknown,dry,S KOSTNER AVE,traffic_signal,not_divided,clear,0,2018,160774
straight_and_level,1712,unable_to_determine,unknown,0,5,angle,0,11,0,0,2,0,0,1,4,41.97562074,daylight,-87.728383135,10,no_indication_of_injury,3,30,no_defects,wet,N PULASKI RD,traffic_signal,divided_-_w/median_(not_raised),cloudy/overcast,0,2018,161604
straight_and_level,1612,improper_turning/no_signal,functioning_properly,0,3,turning,0,16,0,0,2,0,0,1,4,41.995789594,daylight,-87.806959756,10,no_indication_of_injury,2,30,no_defects,dry,N HARLEM AVE,stop_sign/flasher,not_divided,clear,0,2018,161776
straight_and_level,2522,under_the_influence_of_alcohol/drugs_(use_when_arrest_is_effected),no_controls,0,6,angle,1,1,0,0,4,0,0,0,1,41.922871737,"darkness,_lighted_road",-87.735145757,10,no_indication_of_injury,2,25,unknown,wet,N LOWELL AVE,no_controls,one-way,rain,0,2018,161935
straight_and_level,2222,improper_lane_usage,functioning_properly,0,2,angle,1,10,0,0,2,0,0,0,2,41.734190679,daylight,-87.646031043,10,no_indication_of_injury,2,30,no_defects,dry,S VINCENNES AVE,stop_sign/flasher,divided_-_w/median_(not_raised),cloudy/overcast,0,2018,160558
straight_and_level,1112,unable_to_determine,no_controls,0,3,fixed_object,0,14,0,0,1,0,0,0,1,41.902547254,daylight,-87.717605698,10,no_indication_of_injury,1,15,no_defects,dry,W GRAND AVE,unknown,alley,clear,0,2018,157079
straight_and_level,324,unable_to_determine,no_controls,0,3,head_on,1,15,0,0,2,0,0,0,2,41.76239459,daylight,-87.582484429,10,no_indication_of_injury,2,30,no_defects,dry,S RIDGELAND AVE,no_controls,not_divided,clear,0,2018,144476
straight_and_level,1231,following_too_closely,functioning_properly,0,3,rear_end,0,14,0,0,3,0,0,1,4,41.867026874,daylight,-87.661449526,10,no_indication_of_injury,3,30,no_defects,dry,W ROOSEVELT RD,traffic_signal,divided_-_w/median_barrier,clear,0,2018,160867
straight_and_level,811,failing_to_yield_right-of-way,no_controls,0,1,turning,0,8,0,0,3,0,0,0,3,41.795572249,daylight,-87.762516294,10,no_indication_of_injury,2,10,no_defects,dry,S ARCHER AVE,other,parking_lot,clear,0,2018,151105
straight_and_level,1232,failing_to_yield_right-of-way,functioning_improperly,0,0,turning,0,4,0,0,2,0,0,1,2,41.871850375,dawn,-87.647166465,10,no_indication_of_injury,2,30,no_defects,wet,S HALSTED ST,traffic_signal,one-way,clear,0,2018,159639
straight_and_level,1935,improper_backing,not_functioning,0,2,rear_end,0,18,0,0,4,0,0,0,2,41.930452552,darkness,-87.641738359,10,no_indication_of_injury,2,30,no_defects,wet,W WRIGHTWOOD AVE,no_controls,not_divided,rain,0,2018,156340
straight_and_level,213,unable_to_determine,no_controls,0,1,parked_motor_vehicle,1,9,0,0,1,0,0,0,3,41.830701687,daylight,-87.623395346,10,no_indication_of_injury,2,30,no_defects,dry,S MICHIGAN AVE,no_controls,one-way,clear,0,2018,160303
straight_and_level,1822,following_too_closely,functioning_properly,0,3,rear_end,0,11,0,0,2,0,0,0,2,41.904860832,daylight,-87.648098752,10,no_indication_of_injury,2,30,no_defects,dry,W SCOTT ST,stop_sign/flasher,divided_-_w/median_(not_raised),clear,0,2018,133650
straight_and_level,2531,unable_to_determine,no_controls,0,2,parked_motor_vehicle,0,21,0,0,0,0,2,0,2,41.904749089,"darkness,_lighted_road",-87.775306212,10,"reported,_not_evident",2,30,no_defects,dry,N AUSTIN BLVD,no_controls,not_divided,clear,0,2018,132045
straight_and_level,1112,unable_to_determine,no_controls,0,0,parked_motor_vehicle,0,6,0,1,0,0,0,0,2,41.902035114,dawn,-87.726136901,10,incapacitating_injury,3,30,no_defects,wet,N PULASKI RD,no_controls,divided_-_w/median_(not_raised),cloudy/overcast,0,2018,59914
straight_and_level,523,distraction_-_from_outside_vehicle,unknown,0,1,fixed_object,0,5,0,0,0,1,0,0,1,41.674160121,"darkness,_lighted_road",-87.626284371,10,nonincapacitating_injury,1,20,unknown,wet,S LA SALLE ST,unknown,one-way,cloudy/overcast,0,2018,155773
straight_and_level,1631,unable_to_determine,no_controls,0,5,sideswipe_same_direction,0,8,0,0,3,0,0,0,1,41.946236131,daylight,-87.813304848,10,no_indication_of_injury,2,20,no_defects,dry,N OSCEOLA AVE,no_controls,one-way,clear,0,2018,148858
straight_and_level,1225,not_applicable,no_controls,0,1,other_object,0,5,0,0,1,0,0,0,2,41.86949633,daylight,-87.685970059,10,no_indication_of_injury,1,20,"rut,_holes",unknown,S WESTERN AVE,no_controls,not_divided,unknown,0,2018,132868
straight_and_level,1821,unable_to_determine,no_controls,0,1,rear_end,0,8,0,0,3,0,0,0,1,41.906628359,daylight,-87.638516204,10,no_indication_of_injury,2,20,no_defects,dry,W EVERGREEN AVE,stop_sign/flasher,not_divided,cloudy/overcast,0,2018,155767
straight_and_level,2515,failing_to_yield_right-of-way,no_controls,0,6,angle,0,8,0,0,0,2,0,0,4,41.923378415,daylight,-87.766115608,10,nonincapacitating_injury,2,30,no_defects,wet,N CENTRAL AVE,no_controls,divided_-_w/median_(not_raised),cloudy/overcast,0,2018,161949
straight_and_level,122,unable_to_determine,no_controls,0,4,rear_end,0,16,0,0,2,0,0,0,2,41.878542932,daylight,-87.632120577,10,no_indication_of_injury,2,30,no_defects,dry,S LA SALLE ST,no_controls,not_divided,clear,0,2018,151071
straight_and_level,434,unable_to_determine,no_controls,0,3,sideswipe_same_direction,0,12,0,0,2,0,0,0,2,41.707849555,daylight,-87.580854271,10,no_indication_of_injury,2,30,shoulder_defect,dry,S DOTY AVE E,no_controls,not_divided,clear,0,2018,160771
straight_and_level,1112,unable_to_determine,no_controls,0,4,parked_motor_vehicle,0,21,0,0,3,0,0,0,1,41.89621666,"darkness,_lighted_road",-87.71770453,10,no_indication_of_injury,2,35,no_defects,dry,N MONTICELLO AVE,no_controls,one-way,clear,0,2018,135796
straight_and_level,813,driving_skills/knowledge/experience,functioning_properly,0,4,sideswipe_same_direction,1,13,0,0,2,0,0,0,3,41.785947221,daylight,-87.73954137,10,no_indication_of_injury,2,20,no_defects,dry,S KILPATRICK AVE,traffic_signal,not_divided,clear,0,2018,145358
straight_and_level,834,unable_to_determine,no_controls,0,4,parked_motor_vehicle,1,8,0,0,1,0,0,0,2,41.73602757,daylight,-87.712896537,10,no_indication_of_injury,2,30,no_defects,dry,W 86TH PL,stop_sign/flasher,not_divided,clear,0,2018,151458
straight_and_level,1823,improper_overtaking/passing,no_controls,0,4,turning,0,12,0,0,2,0,0,1,2,41.899829975,daylight,-87.637148098,11,no_indication_of_injury,2,35,no_defects,wet,N ORLEANS ST,no_controls,not_divided,snow,0,2018,163853
straight_and_level,2032,unable_to_determine,functioning_properly,0,3,sideswipe_same_direction,0,11,0,0,3,0,0,1,4,41.96902343,daylight,-87.669590434,11,no_indication_of_injury,2,30,unknown,dry,N ASHLAND AVE,traffic_signal,not_divided,clear,0,2018,163671
straight_and_level,423,unable_to_determine,no_controls,0,1,parked_motor_vehicle,1,8,0,0,1,0,0,0,1,41.734965907,daylight,-87.559525592,11,no_indication_of_injury,2,30,no_defects,dry,S SAGINAW AVE,no_controls,one-way,clear,0,2018,160391
straight_and_level,2513,failing_to_yield_right-of-way,functioning_properly,0,5,angle,0,17,0,0,2,0,0,1,2,41.911023434,"darkness,_lighted_road",-87.786839095,11,no_indication_of_injury,2,15,no_defects,dry,N NAGLE AVE,stop_sign/flasher,not_divided,clear,0,2018,164092
straight_and_level,2211,following_too_closely,functioning_properly,0,4,rear_end,1,16,0,0,3,0,0,0,4,41.684054317,dusk,-87.721387857,11,no_indication_of_injury,2,30,no_defects,dry,W 115TH ST,traffic_signal,divided_-_w/median_(not_raised),clear,0,2018,167719
straight_and_level,2013,disregarding_other_traffic_signs,functioning_properly,0,3,sideswipe_same_direction,1,6,0,0,1,0,0,1,4,41.990868158,daylight,-87.660439962,11,no_indication_of_injury,1,30,no_defects,dry,N BROADWAY,traffic_signal,not_divided,clear,0,2018,169890
straight_and_level,1214,disregarding_stop_sign,functioning_properly,0,1,angle,1,1,0,0,2,0,0,1,2,41.886692954,"darkness,_lighted_road",-87.645632138,11,no_indication_of_injury,2,30,no_defects,dry,W FULTON MARKET,stop_sign/flasher,not_divided,clear,0,2018,165732
straight_and_level,323,"operating_vehicle_in_erratic,_reckless,_careless,_negligent_or_aggressive_manner",functioning_properly,0,6,sideswipe_opposite_direction,1,16,0,0,2,0,0,0,2,41.758699772,daylight,-87.604901283,11,no_indication_of_injury,2,30,no_defects,dry,E 75TH ST,traffic_signal,not_divided,cloudy/overcast,0,2018,158961
straight_and_level,1133,unable_to_determine,other,0,2,angle,0,14,0,0,4,1,1,0,4,41.871859041,daylight,-87.710870406,11,nonincapacitating_injury,2,20,no_defects,dry,S HOMAN AVE,stop_sign/flasher,not_divided,clear,0,2018,163431
straight_and_level,1711,unable_to_determine,functioning_properly,0,5,sideswipe_same_direction,0,9,0,0,2,0,0,1,2,41.993984734,daylight,-87.713458414,11,no_indication_of_injury,2,30,unknown,unknown,N LINCOLN AVE,traffic_signal,not_divided,unknown,0,2018,168213
straight_and_level,1214,failing_to_yield_right-of-way,functioning_properly,0,5,turning,0,2,0,0,2,0,0,1,2,41.885773284,darkness,-87.647535692,11,no_indication_of_injury,2,30,no_defects,dry,W LAKE ST,traffic_signal,not_divided,clear,0,2018,164241
straight_and_level,815,unable_to_determine,no_controls,0,3,parked_motor_vehicle,1,10,0,0,1,0,0,0,1,41.798750257,unknown,-87.72346641,11,no_indication_of_injury,2,15,unknown,unknown,S PULASKI RD,no_controls,parking_lot,unknown,0,2018,167568
straight_and_level,1931,unable_to_determine,no_controls,0,0,parked_motor_vehicle,1,16,0,0,1,0,0,0,2,41.927315566,dusk,-87.670671247,11,no_indication_of_injury,2,30,no_defects,dry,W ALTGELD ST,no_controls,not_divided,clear,0,2018,162905
straight_and_level,1613,unable_to_determine,no_controls,0,0,parked_motor_vehicle,1,4,0,0,2,0,0,0,1,41.980345545,"darkness,_lighted_road",-87.80395009,11,no_indication_of_injury,2,30,no_defects,dry,W HIGGINS AVE,no_controls,not_divided,clear,0,2018,163213
straight_and_level,1513,unable_to_determine,no_controls,0,1,parked_motor_vehicle,0,8,0,0,1,0,0,0,2,41.865623154,daylight,-87.769070284,11,no_indication_of_injury,2,30,no_defects,dry,S MENARD AVE,no_controls,not_divided,clear,0,2018,163038
straight_and_level,2513,unable_to_determine,no_controls,0,5,fixed_object,1,13,0,0,1,0,0,0,1,41.909350413,daylight,-87.776632752,11,no_indication_of_injury,1,5,unknown,dry,W NORTH AVE,no_controls,other,clear,0,2018,158336
straight_and_level,1912,failing_to_yield_right-of-way,functioning_properly,0,5,angle,0,19,0,0,2,0,0,0,1,41.968763175,darkness,-87.670185141,11,no_indication_of_injury,2,30,no_defects,dry,W LAWRENCE AVE,traffic_signal,divided_-_w/median_barrier,clear,0,2018,168035
straight_and_level,1225,failing_to_yield_right-of-way,functioning_properly,0,2,turning,0,11,0,0,2,0,0,1,4,41.87515478,daylight,-87.673755882,11,no_indication_of_injury,2,30,no_defects,dry,W OGDEN AVE,stop_sign/flasher,other,clear,0,2018,158004
straight_and_level,2514,unable_to_determine,no_controls,0,6,parked_motor_vehicle,1,8,0,0,1,0,0,0,1,41.93297662,unknown,-87.767461618,11,no_indication_of_injury,2,30,no_defects,unknown,W GEORGE ST,no_controls,one-way,unknown,0,2018,166241
straight_and_level,1622,disregarding_traffic_signals,functioning_properly,0,3,angle,0,10,0,1,2,0,0,1,2,41.975729935,daylight,-87.768626581,11,incapacitating_injury,2,30,no_defects,snow_or_slush,N CENTRAL AVE,traffic_signal,not_divided,clear,0,2018,167888
straight_and_level,1123,unable_to_determine,functioning_properly,0,0,angle,0,8,0,0,2,0,0,1,1,41.886406643,daylight,-87.711315645,11,no_indication_of_injury,2,30,no_defects,dry,N HOMAN AVE,stop_sign/flasher,other,clear,0,2018,163025
straight_and_level,121,improper_lane_usage,functioning_properly,0,5,turning,0,0,0,0,3,0,0,1,4,41.885609123,"darkness,_lighted_road",-87.639897373,11,no_indication_of_injury,2,30,no_defects,dry,W LAKE ST,traffic_signal,divided_-_w/median_barrier,clear,0,2018,164005
straight_and_level,1834,equipment_-_vehicle_condition,no_controls,0,4,parked_motor_vehicle,0,1,0,0,1,0,0,0,3,41.892722413,"darkness,_lighted_road",-87.619393745,11,no_indication_of_injury,2,30,no_defects,dry,E OHIO ST,no_controls,one-way,clear,0,2018,161730
straight_and_level,624,unable_to_determine,unknown,0,6,rear_end,0,21,0,0,2,0,0,0,2,41.758484888,"darkness,_lighted_road",-87.60553322,11,no_indication_of_injury,2,35,unknown,unknown,S COTTAGE GROVE AVE,unknown,not_divided,unknown,0,2018,162979
straight_and_level,1611,following_too_closely,no_controls,0,5,rear_end,0,17,0,0,2,0,0,0,2,41.997444233,"darkness,_lighted_road",-87.790468793,11,no_indication_of_injury,4,30,no_defects,dry,W DEVON AVE,no_controls,not_divided,clear,0,2018,158749
straight_and_level,813,failing_to_yield_right-of-way,no_controls,0,3,sideswipe_same_direction,1,16,0,0,2,0,0,0,4,41.778290378,daylight,-87.744860532,11,no_indication_of_injury,2,30,no_defects,dry,S LAMON AVE,no_controls,divided_-_w/median_(not_raised),clear,0,2018,165742
straight_and_level,1531,exceeding_authorized_speed_limit,no_controls,0,5,parked_motor_vehicle,1,22,0,0,2,0,0,0,1,41.896039309,"darkness,_lighted_road",-87.748631522,11,no_indication_of_injury,4,30,no_defects,dry,W RICE ST,no_controls,one-way,clear,0,2018,162903
straight_and_level,1034,not_applicable,no_controls,0,3,other_object,0,7,0,0,1,0,0,0,2,41.84825657,daylight,-87.687921007,11,no_indication_of_injury,1,30,no_defects,ice,W 24TH ST,no_controls,not_divided,clear,0,2018,167418
straight_and_level,311,improper_turning/no_signal,functioning_properly,0,4,turning,0,0,0,0,5,2,0,0,4,41.780163556,"darkness,_lighted_road",-87.620925125,11,nonincapacitating_injury,2,30,no_defects,dry,E 63RD ST,traffic_signal,not_divided,clear,0,2018,166332
straight_and_level,111,improper_lane_usage,functioning_properly,0,5,sideswipe_same_direction,0,18,0,0,2,0,0,1,3,41.884508978,darkness,-87.629605631,11,no_indication_of_injury,2,30,no_defects,dry,N DEARBORN ST,traffic_signal,one-way,clear,0,2018,158467
straight_and_level,1831,following_too_closely,functioning_properly,0,4,rear_end,0,19,0,0,5,0,0,0,4,41.893696187,"darkness,_lighted_road",-87.636949985,11,no_indication_of_injury,2,30,unknown,snow_or_slush,N ORLEANS ST,traffic_signal,divided_-_w/median_(not_raised),clear,0,2018,170224
straight_and_level,1114,exceeding_authorized_speed_limit,functioning_properly,0,1,sideswipe_same_direction,1,0,0,0,3,1,0,0,2,41.886128094,"darkness,_lighted_road",-87.735513366,11,nonincapacitating_injury,2,35,unknown,dry,W LAKE ST,traffic_signal,not_divided,clear,0,2018,163870
straight_and_level,1922,following_too_closely,functioning_properly,0,5,rear_end,0,18,0,0,2,0,0,0,2,41.946943225,darkness,-87.664914113,11,no_indication_of_injury,2,30,unknown,unknown,W ADDISON ST,traffic_signal,not_divided,clear,0,2018,165240
straight_and_level,1925,physical_condition_of_driver,no_controls,0,5,parked_motor_vehicle,0,13,0,0,0,1,0,0,2,41.951390151,daylight,-87.649469468,11,nonincapacitating_injury,2,30,no_defects,dry,N BROADWAY,no_controls,not_divided,clear,0,2018,162519
straight_and_level,1822,unable_to_determine,no_controls,0,2,parked_motor_vehicle,0,18,0,0,1,0,0,0,2,41.903460931,"darkness,_lighted_road",-87.65295369,11,no_indication_of_injury,2,30,no_defects,dry,W DIVISION ST,no_controls,not_divided,clear,0,2018,165362
straight_and_level,1225,unable_to_determine,functioning_properly,0,3,sideswipe_same_direction,0,16,0,0,2,0,0,0,4,41.876097289,dawn,-87.676498862,11,no_indication_of_injury,2,30,no_defects,dry,W VAN BUREN ST,stop_sign/flasher,one-way,clear,0,2018,162075
straight_and_level,1511,unable_to_determine,no_controls,0,6,parked_motor_vehicle,0,3,0,0,1,0,0,0,2,41.89740305,unknown,-87.775075286,11,no_indication_of_injury,3,30,no_defects,unknown,N AUSTIN BLVD,no_controls,not_divided,unknown,0,2018,164615
straight_and_level,221,improper_turning/no_signal,functioning_properly,0,4,turning,0,21,0,0,2,0,0,1,2,41.813107279,dusk,-87.604594023,11,no_indication_of_injury,2,30,no_defects,dry,S DREXEL BLVD,traffic_signal,divided_-_w/median_barrier,clear,0,2018,164013
straight_and_level,1135,unable_to_determine,functioning_properly,0,0,turning,1,17,0,0,2,0,0,1,3,41.875972531,"darkness,_lighted_road",-87.686329488,11,no_indication_of_injury,2,30,no_defects,dry,W VAN BUREN ST,traffic_signal,other,clear,0,2018,162872
straight_and_level,2534,unable_to_determine,no_controls,0,1,parked_motor_vehicle,1,1,0,0,1,0,0,0,1,41.906384761,unknown,-87.726921521,11,no_indication_of_injury,2,20,no_defects,unknown,W HIRSCH ST,no_controls,driveway,unknown,0,2018,165013
straight_on_grade,814,disregarding_traffic_signals,unknown,0,2,turning,0,17,0,0,2,0,0,1,2,41.81483675,"darkness,_lighted_road",-87.743501481,11,no_indication_of_injury,2,30,unknown,dry,S CICERO AVE,traffic_signal,not_divided,clear,0,2018,167302
straight_and_level,224,improper_backing,functioning_properly,0,2,turning,1,12,0,0,2,0,0,1,4,41.80927415,daylight,-87.616598442,11,no_indication_of_injury,2,30,no_defects,dry,E 47TH ST,traffic_signal,not_divided,clear,0,2018,161086
straight_and_level,1222,unable_to_determine,functioning_properly,0,5,angle,0,18,0,0,4,0,0,1,2,41.882933623,"darkness,_lighted_road",-87.698941024,11,no_indication_of_injury,2,30,no_defects,dry,N FRANCISCO AVE,stop_sign/flasher,divided_-_w/median_(not_raised),clear,0,2018,158368
straight_and_level,825,"operating_vehicle_in_erratic,_reckless,_careless,_negligent_or_aggressive_manner",no_controls,0,0,turning,1,12,0,0,4,0,0,0,1,41.779134103,daylight,-87.685943841,11,no_indication_of_injury,2,30,no_defects,dry,S CAMPBELL AVE,no_controls,one-way,clear,0,2018,162922
straight_and_level,1022,unable_to_determine,no_controls,0,4,parked_motor_vehicle,1,21,0,0,1,0,0,0,1,41.866112741,darkness,-87.707947258,11,no_indication_of_injury,2,30,unknown,unknown,S SPAULDING AVE,no_controls,unknown,cloudy/overcast,0,2018,167948
straight_and_level,623,not_applicable,unknown,0,5,turning,0,18,0,0,2,0,0,1,4,41.750849435,darkness,-87.624555707,11,no_indication_of_injury,2,30,unknown,unknown,W 79TH ST,traffic_signal,divided_-_w/median_(not_raised),clear,0,2018,162983
straight_and_level,1934,unable_to_determine,functioning_properly,0,3,sideswipe_same_direction,0,18,0,0,2,0,0,1,2,41.940134443,darkness,-87.638779502,11,no_indication_of_injury,2,30,no_defects,dry,W BELMONT AVE,traffic_signal,not_divided,clear,0,2018,163876
straight_and_level,112,improper_turning/no_signal,unknown,0,0,turning,0,18,0,0,4,0,0,1,5,41.880770665,unknown,-87.624483017,11,no_indication_of_injury,2,30,unknown,unknown,S MICHIGAN AVE,traffic_signal,divided_-_w/median_barrier,unknown,0,2018,164893
straight_and_level,1112,"operating_vehicle_in_erratic,_reckless,_careless,_negligent_or_aggressive_manner",no_controls,0,1,parked_motor_vehicle,1,14,0,0,1,0,0,0,1,41.898272965,daylight,-87.717479719,11,no_indication_of_injury,2,30,no_defects,dry,N MONTICELLO AVE,no_controls,one-way,clear,0,2018,161335
straight_and_level,1925,unable_to_determine,no_controls,0,2,parked_motor_vehicle,0,7,0,0,1,0,0,0,1,41.947632844,daylight,-87.643498706,11,no_indication_of_injury,2,30,no_defects,dry,W BROMPTON AVE,no_controls,one-way,clear,0,2018,161715
straight_and_level,121,improper_lane_usage,functioning_properly,0,5,sideswipe_same_direction,0,16,0,0,2,0,0,0,3,41.880699246,daylight,-87.639725027,11,no_indication_of_injury,2,35,no_defects,dry,W MONROE ST,traffic_signal,one-way,clear,0,2018,165579
straight_and_level,1713,failing_to_yield_right-of-way,no_controls,0,2,sideswipe_same_direction,0,7,0,0,3,0,0,0,1,41.965506265,daylight,-87.704525824,11,no_indication_of_injury,2,30,no_defects,dry,W EASTWOOD AVE,no_controls,one-way,clear,0,2018,163304
straight_and_level,133,unable_to_determine,functioning_properly,0,0,angle,0,10,0,0,3,0,0,1,2,41.838475304,daylight,-87.621863105,11,no_indication_of_injury,2,30,no_defects,dry,E 31ST ST,traffic_signal,not_divided,clear,0,2018,163280
straight_and_level,323,improper_backing,no_controls,0,0,parked_motor_vehicle,0,19,0,0,4,0,0,0,0,41.765414626,"darkness,_lighted_road",-87.60514864,11,no_indication_of_injury,2,15,no_defects,dry,S SOUTH CHICAGO AVE,no_controls,parking_lot,clear,0,2018,162909
straight_and_level,2523,unable_to_determine,no_controls,0,0,turning,0,16,0,0,2,0,0,0,2,41.936137298,"darkness,_lighted_road",-87.727246078,11,no_indication_of_injury,2,30,no_defects,dry,N PULASKI RD,no_controls,divided_-_w/median_(not_raised),clear,0,2018,162963
straight_and_level,1612,unable_to_determine,no_controls,0,1,sideswipe_opposite_direction,0,6,0,0,2,0,0,0,1,41.997769052,"darkness,_lighted_road",-87.808346517,11,no_indication_of_injury,2,10,no_defects,dry,N NORTHWEST HWY,no_controls,parking_lot,clear,0,2018,165696
straight_and_level,722,unable_to_determine,functioning_properly,0,6,parked_motor_vehicle,0,3,0,0,1,0,0,1,2,41.769943149,"darkness,_lighted_road",-87.63741383,11,no_indication_of_injury,2,30,no_defects,wet,S NORMAL BLVD,stop_sign/flasher,not_divided,snow,0,2018,162692
straight_and_level,1214,failing_to_yield_right-of-way,functioning_properly,0,5,angle,1,22,0,0,2,0,0,1,2,41.885796941,"darkness,_lighted_road",-87.645700808,11,no_indication_of_injury,2,30,no_defects,dry,W LAKE ST,stop_sign/flasher,not_divided,clear,0,2018,165672
straight_and_level,2212,under_the_influence_of_alcohol/drugs_(use_when_arrest_is_effected),no_controls,0,5,sideswipe_same_direction,1,14,0,0,2,0,0,0,2,41.692383768,daylight,-87.681320129,11,no_indication_of_injury,2,30,no_defects,dry,S WESTERN AVE,no_controls,divided_-_w/median_(not_raised),cloudy/overcast,0,2018,162495
straight_and_level,2012,following_too_closely,functioning_properly,0,1,rear_end,0,8,0,0,2,0,0,0,4,41.990409231,daylight,-87.689522484,11,no_indication_of_injury,2,30,no_defects,wet,N WESTERN AVE,stop_sign/flasher,divided_-_w/median_(not_raised),snow,0,2018,167013
straight_and_level,222,unable_to_determine,no_controls,0,3,parked_motor_vehicle,0,11,0,0,1,0,0,0,1,41.802834399,daylight,-87.583527944,11,no_indication_of_injury,2,30,no_defects,dry,S LAKE SHORE DR W,no_controls,not_divided,clear,0,2018,164015
straight_and_level,811,unable_to_determine,functioning_properly,0,2,sideswipe_same_direction,1,6,0,0,2,0,0,0,5,41.796174245,"darkness,_lighted_road",-87.76257753,11,no_indication_of_injury,2,30,other,dry,S CENTRAL AVE,traffic_signal,not_divided,clear,0,2018,163301
straight_and_level,1031,unable_to_determine,no_controls,0,2,parked_motor_vehicle,1,14,0,0,1,0,0,0,0,41.836913225,unknown,-87.731411296,11,no_indication_of_injury,2,30,no_defects,dry,W 31ST ST,no_controls,parking_lot,clear,0,2018,161251
straight_and_level,1832,improper_overtaking/passing,functioning_properly,0,6,sideswipe_same_direction,0,18,0,0,2,0,0,0,3,41.894162641,"darkness,_lighted_road",-87.629639782,11,no_indication_of_injury,2,30,no_defects,wet,W ERIE ST,stop_sign/flasher,one-way,clear,0,2018,164589
straight_and_level,814,improper_turning/no_signal,functioning_properly,0,3,turning,0,5,0,0,2,0,0,1,4,41.807727017,"darkness,_lighted_road",-87.743229366,11,no_indication_of_injury,2,30,no_defects,dry,W 47TH ST,traffic_signal,divided_-_w/median_(not_raised),clear,0,2018,164842
straight_and_level,1231,improper_lane_usage,functioning_properly,0,5,rear_end,0,11,0,0,2,0,0,0,2,41.874463025,daylight,-87.674189566,11,no_indication_of_injury,2,35,no_defects,wet,W OGDEN AVE,stop_sign/flasher,divided_-_w/median_(not_raised),rain,0,2018,162741
straight_and_level,1533,following_too_closely,functioning_properly,0,6,rear_end,0,15,0,0,2,0,0,1,4,41.880385804,daylight,-87.745470743,11,no_indication_of_injury,2,35,no_defects,dry,W MADISON ST,traffic_signal,not_divided,clear,0,2018,167102
straight_and_level,1914,driving_skills/knowledge/experience,no_controls,0,1,other_object,0,21,0,0,2,0,0,0,2,41.965382239,"darkness,_lighted_road",-87.650431853,11,no_indication_of_injury,1,30,other,dry,W WILSON AVE,no_controls,divided_-_w/median_(not_raised),clear,1,2018,163409
straight_and_level,2411,failing_to_reduce_speed_to_avoid_crash,no_controls,0,1,rear_end,0,18,0,0,2,0,0,1,2,42.012111639,"darkness,_lighted_road",-87.692951611,11,no_indication_of_injury,3,30,no_defects,dry,W TOUHY AVE,no_controls,not_divided,clear,0,2018,164783
straight_and_level,2234,unable_to_determine,unknown,0,0,turning,0,19,0,0,2,0,0,0,2,41.688940492,darkness,-87.662155346,11,no_indication_of_injury,2,30,unknown,dry,S MARSHFIELD AVE,traffic_signal,one-way,clear,0,2018,163014