alignment,beat,contributory_cause,device_condition,dooring,dow,first_crash_type,hit_and_run,hour,injuries_fatal,injuries_incapacitating,injuries_no_indication,injuries_non_incapacitating,injuries_reported_not_evident,intersection_related,lane_count,latitude,lighting_condition,longitude,month,most_severe_injury,num_units,posted_speed_limit,road_defect,roadway_surface_cond,street,traffic_control_device,trafficway_type,weather_condition,work_zone,year,i
straight_and_level,1121,weather,no_controls,0,1,sideswipe_opposite_direction,0,8,0,0,8,0,0,0,2,41.897285922,daylight,-87.711640733,11,no_indication_of_injury,2,30,no_defects,snow_or_slush,N HOMAN AVE,no_controls,not_divided,snow,0,2018,166683
straight_and_level,726,improper_turning/no_signal,no_controls,0,5,turning,0,9,0,0,2,0,0,0,4,41.773802609,daylight,-87.673607945,11,no_indication_of_injury,2,30,no_defects,dry,S DAMEN AVE,no_controls,not_divided,clear,0,2018,168321
straight_and_level,924,improper_lane_usage,functioning_properly,0,4,turning,0,13,0,0,2,1,0,1,5,41.823040776,daylight,-87.665149083,11,nonincapacitating_injury,2,30,no_defects,dry,S ASHLAND AVE,traffic_signal,not_divided,clear,0,2018,157682
straight_and_level,1215,unable_to_determine,no_controls,0,1,sideswipe_same_direction,0,16,0,0,2,0,0,0,1,41.895014921,daylight,-87.669268325,11,no_indication_of_injury,2,30,no_defects,dry,W SUPERIOR ST,no_controls,one-way,clear,0,2018,160352
straight_and_level,1524,unable_to_determine,no_controls,0,5,parked_motor_vehicle,1,12,0,0,1,0,0,0,2,41.894969692,daylight,-87.764400768,11,no_indication_of_injury,2,25,no_defects,dry,W CHICAGO AVE,no_controls,not_divided,clear,0,2018,166217
straight_and_level,1631,improper_lane_usage,no_controls,0,0,sideswipe_opposite_direction,0,15,0,0,2,0,0,0,2,41.945293908,daylight,-87.811121731,11,no_indication_of_injury,2,30,unknown,wet,W ADDISON ST,no_controls,other,rain,0,2018,159698
straight_and_level,1033,unable_to_determine,no_controls,0,0,rear_end,1,18,0,0,3,0,0,0,2,41.846400719,"darkness,_lighted_road",-87.695416319,11,no_indication_of_injury,2,30,no_defects,dry,S CALIFORNIA AVE,no_controls,not_divided,clear,0,2018,164076
straight_and_level,1633,failing_to_yield_right-of-way,no_controls,0,3,pedestrian,0,19,0,0,1,1,0,1,2,41.945971729,"darkness,_lighted_road",-87.768089017,11,nonincapacitating_injury,2,30,no_defects,dry,W ADDISON ST,no_controls,not_divided,clear,0,2018,163586
straight_and_level,414,equipment_-_vehicle_condition,no_controls,0,0,parked_motor_vehicle,0,21,0,0,1,0,0,0,2,41.757107794,"darkness,_lighted_road",-87.58131318,11,no_indication_of_injury,2,30,no_defects,dry,E 76TH ST,no_controls,not_divided,clear,0,2018,165020
straight_and_level,2531,unable_to_determine,no_controls,0,0,parked_motor_vehicle,1,14,0,0,1,0,0,0,2,41.913290889,unknown,-87.772704202,11,no_indication_of_injury,2,30,no_defects,dry,N MAYFIELD AVE,no_controls,one-way,clear,0,2018,162912
straight_and_level,1112,improper_turning/no_signal,no_controls,0,1,turning,0,8,0,0,1,2,0,0,4,41.895307198,daylight,-87.720790716,11,nonincapacitating_injury,2,30,no_defects,dry,W CHICAGO AVE,no_controls,not_divided,clear,0,2018,163140
straight_and_level,922,unable_to_determine,functioning_properly,0,6,pedalcyclist,0,16,0,0,2,0,0,0,2,41.815527568,daylight,-87.689671029,11,no_indication_of_injury,2,20,no_defects,dry,S ROCKWELL ST,traffic_signal,not_divided,clear,0,2018,159090
straight_and_level,611,improper_overtaking/passing,functioning_improperly,0,5,other_object,1,13,0,0,2,0,0,1,4,41.755719441,daylight,-87.663717784,11,no_indication_of_injury,1,25,no_defects,dry,S ASHLAND AVE,traffic_signal,not_divided,clear,0,2018,162620
straight_and_level,1232,following_too_closely,functioning_properly,0,3,rear_end,0,12,0,0,2,0,0,0,4,41.869060343,daylight,-87.647087592,11,no_indication_of_injury,2,30,no_defects,dry,S HALSTED ST,traffic_signal,divided_-_w/median_barrier,clear,0,2018,167258
straight_and_level,2012,failing_to_yield_right-of-way,functioning_properly,0,3,angle,0,10,0,0,2,0,0,1,1,41.985890541,daylight,-87.669465126,11,no_indication_of_injury,2,30,no_defects,dry,N CLARK ST,stop_sign/flasher,not_divided,clear,0,2018,167256
straight_and_level,2534,unable_to_determine,no_controls,0,5,parked_motor_vehicle,1,12,0,0,1,0,0,0,1,41.909880868,daylight,-87.7351582,11,no_indication_of_injury,2,10,no_defects,wet,W NORTH AVE,no_controls,parking_lot,clear,0,2018,168137
straight_and_level,432,unable_to_determine,functioning_properly,0,5,turning,0,7,0,0,5,0,0,1,4,41.708077268,daylight,-87.53040512,11,no_indication_of_injury,2,30,no_defects,dry,S INDIANAPOLIS AVE,stop_sign/flasher,divided_-_w/median_(not_raised),clear,0,2018,168204
straight_and_level,1231,disregarding_stop_sign,functioning_properly,0,2,angle,0,14,0,0,3,0,0,1,2,41.874954857,daylight,-87.673561664,11,no_indication_of_injury,2,30,no_defects,dry,W CONGRESS PKWY,stop_sign/flasher,not_divided,clear,0,2018,167205
straight_and_level,622,unable_to_determine,no_controls,0,3,angle,0,11,0,0,2,0,0,0,3,41.742577617,daylight,-87.633936931,11,no_indication_of_injury,2,15,unknown,dry,S STEWART AVE,no_controls,parking_lot,clear,0,2018,161714
straight_and_level,1115,unable_to_determine,functioning_properly,0,6,sideswipe_same_direction,0,8,0,0,2,0,0,1,4,41.880556493,daylight,-87.73069443,11,no_indication_of_injury,2,30,no_defects,dry,W MADISON ST,traffic_signal,not_divided,clear,0,2018,159101
straight_and_level,121,unable_to_determine,functioning_properly,0,4,rear_end,0,12,0,0,2,0,0,1,3,41.885778441,daylight,-87.639998229,11,no_indication_of_injury,2,30,no_defects,wet,N CANAL ST,traffic_signal,one-way,clear,0,2018,167594
straight_and_level,725,failing_to_yield_right-of-way,unknown,0,0,turning,0,17,0,0,2,0,0,0,4,41.77937222,darkness,-87.664365347,11,no_indication_of_injury,2,30,unknown,wet,S ASHLAND AVE,unknown,not_divided,snow,0,2018,161657
straight_and_level,1631,failing_to_reduce_speed_to_avoid_crash,no_controls,0,5,rear_end,0,10,0,0,3,1,0,1,2,41.937750892,daylight,-87.831935876,11,nonincapacitating_injury,3,30,no_defects,dry,W BELMONT AVE,no_controls,not_divided,clear,0,2018,166268
straight_and_level,113,improper_lane_usage,no_controls,0,5,sideswipe_same_direction,1,8,0,0,2,0,0,0,2,41.877142899,daylight,-87.629414931,11,no_indication_of_injury,2,30,no_defects,wet,S DEARBORN ST,no_controls,one-way,snow,0,2018,162408
straight_and_level,1724,unable_to_determine,no_controls,0,2,angle,0,9,0,0,2,0,0,0,2,41.961312903,daylight,-87.705862371,11,no_indication_of_injury,2,30,no_defects,dry,W MONTROSE AVE,no_controls,not_divided,clear,0,2018,163313
straight_and_level,1112,improper_lane_usage,no_controls,0,5,sideswipe_same_direction,0,18,0,0,2,0,0,0,4,41.895535995,"darkness,_lighted_road",-87.72003486,11,no_indication_of_injury,2,30,no_defects,dry,W CHICAGO AVE,no_controls,not_divided,clear,0,2018,162430
straight_and_level,111,unable_to_determine,functioning_properly,0,5,sideswipe_same_direction,1,11,0,0,2,0,0,1,5,41.884460831,daylight,-87.627763075,11,no_indication_of_injury,2,30,no_defects,wet,N STATE ST,traffic_signal,not_divided,unknown,0,2018,158462
straight_and_level,2521,unable_to_determine,functioning_properly,0,1,angle,1,9,0,0,2,0,0,1,2,41.938809673,daylight,-87.740177424,11,no_indication_of_injury,2,30,no_defects,dry,W BELMONT AVE,stop_sign/flasher,not_divided,clear,0,2018,160422
straight_and_level,1235,unable_to_determine,no_controls,0,4,sideswipe_same_direction,0,16,0,0,2,0,0,0,4,41.852451676,unknown,-87.665534057,11,no_indication_of_injury,2,20,no_defects,wet,W CERMAK RD,no_controls,divided_-_w/median_(not_raised),cloudy/overcast,0,2018,167593
straight_and_level,2535,unable_to_determine,no_controls,0,4,parked_motor_vehicle,0,22,0,0,1,0,0,0,1,41.908015935,"darkness,_lighted_road",-87.721542091,11,no_indication_of_injury,2,30,unknown,dry,W LE MOYNE ST,no_controls,one-way,clear,0,2018,162097
straight_and_level,123,driving_skills/knowledge/experience,unknown,0,6,parked_motor_vehicle,0,9,0,0,1,0,0,0,2,41.870634991,unknown,-87.62727753,11,no_indication_of_injury,2,30,unknown,unknown,E 9TH ST,unknown,not_divided,unknown,0,2018,159053
straight_and_level,131,failing_to_yield_right-of-way,no_controls,0,5,sideswipe_same_direction,0,17,0,0,2,0,0,0,2,41.850956967,"darkness,_lighted_road",-87.627002623,11,no_indication_of_injury,2,30,no_defects,dry,E 23RD ST,no_controls,not_divided,clear,0,2018,167893
straight_and_level,833,following_too_closely,no_controls,0,6,rear_end,0,9,0,0,2,0,1,0,2,41.7551635,daylight,-87.72455957,11,"reported,_not_evident",2,30,no_defects,ice,W 76TH ST,no_controls,divided_-_w/median_barrier,clear,0,2018,162728
straight_and_level,124,following_too_closely,no_controls,0,4,rear_end,0,13,0,0,2,0,0,0,4,41.872101631,daylight,-87.639501846,11,no_indication_of_injury,2,30,no_defects,dry,S CANAL ST,no_controls,not_divided,clear,0,2018,162373
straight_and_level,112,unable_to_determine,functioning_properly,0,1,pedestrian,0,21,0,0,1,1,0,1,0,41.881972288,darkness,-87.62616219,11,nonincapacitating_injury,2,30,unknown,wet,E MADISON ST,traffic_signal,other,rain,0,2018,160368
straight_and_level,1813,improper_turning/no_signal,functioning_properly,0,2,fixed_object,0,16,0,0,1,0,0,1,5,41.91102851,"darkness,_lighted_road",-87.648335806,11,no_indication_of_injury,1,30,no_defects,dry,W NORTH AVE,traffic_signal,not_divided,clear,0,2018,167046
"curve,_level",1824,unable_to_determine,no_controls,0,0,sideswipe_same_direction,1,23,0,0,2,0,0,0,4,41.900958919,"darkness,_lighted_road",-87.619928174,11,no_indication_of_injury,2,25,no_defects,wet,N LAKE SHORE DR SB,no_controls,divided_-_w/median_barrier,rain,0,2018,159646
straight_and_level,1131,exceeding_authorized_speed_limit,no_controls,0,0,fixed_object,1,11,0,0,1,1,0,0,2,41.874032473,daylight,-87.74247532,11,nonincapacitating_injury,1,30,no_defects,wet,W CONGRESS PKWY,no_controls,not_divided,rain,0,2018,166762
straight_and_level,1731,improper_lane_usage,functioning_properly,0,2,sideswipe_same_direction,0,11,0,0,3,0,0,0,4,41.946109865,daylight,-87.739405773,11,no_indication_of_injury,2,30,no_defects,dry,W ADDISON ST,traffic_signal,divided_-_w/median_(not_raised),clear,0,2018,163315
straight_and_level,622,not_applicable,no_controls,0,1,parked_motor_vehicle,1,15,0,0,1,0,0,0,2,41.738902607,daylight,-87.64102406,11,no_indication_of_injury,2,30,no_defects,dry,S VINCENNES AVE,no_controls,not_divided,clear,0,2018,164033
straight_and_level,1622,unable_to_determine,no_controls,0,3,parked_motor_vehicle,1,17,0,0,1,0,0,0,2,41.97398843,unknown,-87.769803838,11,no_indication_of_injury,2,30,unknown,unknown,W CARMEN AVE,no_controls,not_divided,unknown,0,2018,162701
straight_and_level,2033,improper_turning/no_signal,functioning_properly,0,3,turning,0,16,0,0,2,0,0,1,2,41.973622343,darkness,-87.659941244,11,no_indication_of_injury,2,30,no_defects,dry,N BROADWAY,traffic_signal,not_divided,cloudy/overcast,0,2018,165694
straight_and_level,2011,following_too_closely,functioning_properly,0,5,rear_end,0,7,0,0,2,0,0,0,1,41.97688348,daylight,-87.692968671,11,no_indication_of_injury,2,20,no_defects,wet,W FARRAGUT AVE,stop_sign/flasher,one-way,clear,0,2018,167841
straight_and_level,1113,unable_to_determine,no_controls,0,6,turning,0,14,0,0,2,0,0,0,4,41.8768543,dusk,-87.745000196,11,no_indication_of_injury,2,35,unknown,wet,S CICERO AVE,no_controls,divided_-_w/median_(not_raised),rain,0,2018,164479
straight_and_level,911,"evasive_action_due_to_animal,_object,_nonmotorist",functioning_properly,0,4,sideswipe_same_direction,0,22,0,0,2,0,0,1,4,41.825869949,"darkness,_lighted_road",-87.684781794,11,no_indication_of_injury,2,30,no_defects,wet,S ARCHER AVE,traffic_signal,not_divided,snow,0,2018,167589
straight_and_level,2213,failing_to_yield_right-of-way,functioning_properly,0,2,turning,0,15,0,0,2,0,0,1,2,41.713979499,daylight,-87.653512313,11,no_indication_of_injury,2,30,no_defects,snow_or_slush,S VINCENNES AVE,traffic_signal,not_divided,clear,0,2018,166965
straight_and_level,1834,improper_overtaking/passing,functioning_properly,0,4,sideswipe_same_direction,0,17,0,0,2,0,0,0,3,41.89344423,darkness,-87.624276036,11,no_indication_of_injury,2,30,no_defects,wet,E ONTARIO ST,no_controls,one-way,snow,0,2018,164152
straight_and_level,1935,unable_to_determine,no_controls,0,6,parked_motor_vehicle,1,11,0,0,1,0,0,0,2,41.930101942,unknown,-87.640977849,11,no_indication_of_injury,2,30,no_defects,unknown,N HAMPDEN CT,no_controls,not_divided,clear,0,2018,162736
straight_and_level,1812,unable_to_determine,no_controls,0,0,sideswipe_same_direction,0,14,0,0,2,0,0,0,2,41.923025621,daylight,-87.645166361,11,no_indication_of_injury,2,30,no_defects,wet,N LINCOLN AVE,no_controls,divided_-_w/median_(not_raised),rain,0,2018,159795
straight_and_level,1613,failing_to_reduce_speed_to_avoid_crash,no_controls,0,4,parked_motor_vehicle,1,17,0,0,1,0,0,0,2,41.977758388,dawn,-87.806941768,11,no_indication_of_injury,2,30,no_defects,dry,W SUMMERDALE AVE,no_controls,not_divided,clear,0,2018,157642
straight_and_level,632,unable_to_determine,no_controls,0,0,angle,0,16,0,0,4,0,0,0,2,41.743763797,dusk,-87.60487952,11,no_indication_of_injury,2,30,no_defects,unknown,S COTTAGE GROVE AVE,no_controls,not_divided,unknown,0,2018,162439
straight_and_level,412,exceeding_authorized_speed_limit,functioning_properly,0,2,sideswipe_same_direction,1,11,0,0,2,0,0,0,1,41.741167103,daylight,-87.568653155,11,no_indication_of_injury,2,30,no_defects,wet,S CRANDON AVE,stop_sign/flasher,one-way,cloudy/overcast,0,2018,151112
straight_and_level,1424,weather,no_controls,0,4,fixed_object,0,7,0,0,2,0,0,0,1,41.909450755,daylight,-87.679075808,11,no_indication_of_injury,1,30,unknown,ice,W PIERCE AVE,no_controls,alley,snow,0,2018,167682
straight_and_level,1933,driving_on_wrong_side/wrong_way,functioning_properly,0,5,parked_motor_vehicle,0,23,0,0,1,0,0,0,1,41.934573195,"darkness,_lighted_road",-87.653352705,11,no_indication_of_injury,2,30,no_defects,wet,W GEORGE ST,stop_sign/flasher,one-way,snow,0,2018,164173
straight_and_level,424,unable_to_determine,no_controls,0,6,parked_motor_vehicle,1,23,0,0,1,0,0,0,2,41.7409809,unknown,-87.546464328,11,no_indication_of_injury,2,20,no_defects,unknown,S BRANDON AVE,no_controls,not_divided,unknown,0,2018,165620
straight_and_level,222,improper_overtaking/passing,no_controls,0,5,parked_motor_vehicle,0,17,0,0,1,0,0,0,2,41.809243494,"darkness,_lighted_road",-87.599112014,11,no_indication_of_injury,2,25,no_defects,dry,S GREENWOOD AVE,no_controls,not_divided,clear,0,2018,168256
straight_and_level,1922,unable_to_determine,no_controls,0,3,parked_motor_vehicle,1,8,0,0,1,0,0,0,1,41.947906031,unknown,-87.677708318,11,no_indication_of_injury,2,30,unknown,unknown,W PATTERSON AVE,no_controls,one-way,unknown,0,2018,164203
straight_and_level,624,not_applicable,no_controls,0,3,angle,0,17,0,0,4,0,0,0,2,41.751447357,"darkness,_lighted_road",-87.600400118,11,no_indication_of_injury,2,25,no_defects,dry,E 79TH ST,no_controls,divided_-_w/median_(not_raised),clear,0,2018,161678
straight_and_level,2522,unable_to_determine,other,0,4,parked_motor_vehicle,0,4,0,0,1,0,0,0,4,41.92404231,darkness,-87.752871288,11,no_indication_of_injury,2,35,no_defects,dry,W FULLERTON AVE,no_controls,divided_-_w/median_(not_raised),clear,0,2018,165860
straight_and_level,1031,improper_lane_usage,other,0,3,sideswipe_same_direction,1,21,0,0,20,0,0,0,4,41.844157586,darkness,-87.724693809,11,no_indication_of_injury,2,30,unknown,unknown,S PULASKI RD,traffic_signal,not_divided,clear,0,2018,165593
straight_and_level,1032,following_too_closely,no_controls,0,5,rear_end,0,15,0,0,2,0,0,0,2,41.837190224,daylight,-87.713312841,11,no_indication_of_injury,2,30,no_defects,dry,W 31ST ST,no_controls,not_divided,clear,0,2018,164598
straight_and_level,2522,equipment_-_vehicle_condition,no_controls,0,0,parked_motor_vehicle,0,4,0,0,1,0,0,0,4,41.924052051,"darkness,_lighted_road",-87.752185156,11,no_indication_of_injury,3,35,no_defects,dry,W FULLERTON AVE,no_controls,not_divided,clear,0,2018,162968
straight_and_level,511,improper_turning/no_signal,no_controls,0,3,turning,0,6,0,0,2,0,0,0,4,41.717992149,daylight,-87.623020157,11,no_indication_of_injury,2,30,no_defects,snow_or_slush,S STATE ST,no_controls,divided_-_w/median_(not_raised),snow,0,2018,167698
straight_and_level,423,failing_to_yield_right-of-way,no_controls,0,2,angle,0,11,0,0,2,0,0,1,2,41.729794803,daylight,-87.555633899,11,no_indication_of_injury,2,35,no_defects,dry,S SOUTH CHICAGO AVE,stop_sign/flasher,not_divided,clear,0,2018,163333
straight_and_level,1632,improper_backing,no_controls,0,6,rear_end,0,13,0,0,2,0,0,0,2,41.95278263,daylight,-87.788182154,11,no_indication_of_injury,2,30,no_defects,wet,W IRVING PARK RD,no_controls,not_divided,cloudy/overcast,0,2018,164882
straight_and_level,324,distraction_-_from_inside_vehicle,no_controls,0,2,fixed_object,0,20,0,0,1,1,0,1,2,41.764577497,"darkness,_lighted_road",-87.603551601,11,nonincapacitating_injury,1,30,no_defects,dry,S SOUTH CHICAGO AVE,no_controls,not_divided,clear,0,2018,163236
straight_and_level,1224,failing_to_yield_right-of-way,no_controls,0,4,turning,0,14,0,0,2,0,0,1,2,41.885577433,daylight,-87.645696514,11,no_indication_of_injury,2,30,no_defects,dry,W LAKE ST,no_controls,divided_-_w/median_(not_raised),clear,0,2018,164004
straight_and_level,2511,following_too_closely,no_controls,0,5,rear_end,0,8,0,0,2,0,0,0,2,41.937252171,daylight,-87.776320528,11,no_indication_of_injury,2,30,no_defects,wet,N AUSTIN AVE,no_controls,not_divided,clear,0,2018,162563
straight_and_level,1031,driving_skills/knowledge/experience,no_controls,0,5,parked_motor_vehicle,0,18,0,0,1,0,0,0,1,41.840132146,"darkness,_lighted_road",-87.729156102,11,no_indication_of_injury,2,30,no_defects,dry,S KEELER AVE,no_controls,one-way,clear,0,2018,164149
straight_and_level,2223,following_too_closely,no_controls,0,0,rear_end,0,19,0,0,2,0,0,0,2,41.735808759,dawn,-87.640109204,11,no_indication_of_injury,2,30,no_defects,wet,S LOWE AVE,no_controls,not_divided,rain,0,2018,159751
straight_and_level,825,exceeding_authorized_speed_limit,no_controls,0,1,parked_motor_vehicle,1,21,0,0,1,0,0,0,4,41.779343178,"darkness,_lighted_road",-87.683766559,11,no_indication_of_injury,2,30,no_defects,wet,W 63RD ST,no_controls,not_divided,rain,0,2018,160377
straight_and_level,934,not_applicable,not_functioning,0,3,parked_motor_vehicle,0,7,0,0,4,1,0,0,1,41.797965094,daylight,-87.650257798,11,nonincapacitating_injury,2,30,no_defects,dry,S MORGAN ST,no_controls,not_divided,clear,0,2018,164003
straight_and_level,1232,not_applicable,no_controls,0,3,parked_motor_vehicle,0,9,0,0,1,0,0,0,2,41.880404115,daylight,-87.645477861,11,no_indication_of_injury,2,30,other,"sand,_mud,_dirt",W MONROE ST,no_controls,not_divided,clear,1,2018,165680
straight_and_level,1412,following_too_closely,functioning_properly,0,4,rear_end,0,16,0,0,2,0,0,0,2,41.928473956,dusk,-87.707971907,11,no_indication_of_injury,2,30,no_defects,wet,W WRIGHTWOOD AVE,stop_sign/flasher,divided_-_w/median_(not_raised),clear,0,2018,163987
straight_and_level,1612,disregarding_traffic_signals,functioning_properly,0,1,turning,0,11,0,0,3,0,0,1,0,41.983004344,daylight,-87.787879971,11,no_indication_of_injury,2,30,no_defects,snow_or_slush,N NAGLE AVE,traffic_signal,not_divided,clear,0,2018,166795
straight_and_level,2222,improper_turning/no_signal,functioning_properly,0,2,turning,1,6,0,0,1,0,1,1,1,41.728941851,daylight,-87.659067144,11,"reported,_not_evident",2,20,no_defects,dry,S BISHOP ST,stop_sign/flasher,one-way,clear,0,2018,150009
straight_and_level,233,unable_to_determine,functioning_properly,0,5,sideswipe_same_direction,1,23,0,0,3,1,0,0,2,41.795079677,darkness,-87.607043782,11,nonincapacitating_injury,3,30,no_defects,wet,E 55TH DR,stop_sign/flasher,not_divided,rain,0,2018,166057
straight_and_level,714,unable_to_determine,functioning_properly,0,6,sideswipe_same_direction,1,13,0,0,2,0,0,0,4,41.779781101,daylight,-87.664374897,11,no_indication_of_injury,2,30,no_defects,dry,S ASHLAND AVE,traffic_signal,not_divided,clear,0,2018,159740
straight_and_level,1031,following_too_closely,no_controls,0,6,rear_end,0,11,0,0,2,0,0,0,2,41.84393648,daylight,-87.724392362,11,no_indication_of_injury,2,30,no_defects,dry,S PULASKI RD,no_controls,other,clear,0,2018,162654
straight_and_level,233,"operating_vehicle_in_erratic,_reckless,_careless,_negligent_or_aggressive_manner",functioning_properly,0,3,sideswipe_same_direction,1,17,0,0,2,0,0,1,2,41.786800048,dusk,-87.606198972,11,no_indication_of_injury,2,30,no_defects,dry,S COTTAGE GROVE AVE,traffic_signal,one-way,clear,0,2018,140390
straight_and_level,1834,unable_to_determine,no_controls,0,0,rear_end,0,13,0,0,2,0,0,0,2,41.889490569,daylight,-87.624102932,11,no_indication_of_injury,2,30,no_defects,wet,N LOWER MICHIGAN AVE,no_controls,not_divided,rain,0,2018,159955
straight_and_level,114,following_too_closely,functioning_properly,0,4,rear_end,1,7,0,0,3,0,0,0,5,41.867492806,darkness,-87.618511094,11,no_indication_of_injury,2,30,no_defects,dry,S LAKE SHORE DR W,traffic_signal,divided_-_w/median_barrier,clear,0,2018,157668
straight_and_level,1611,failing_to_yield_right-of-way,no_controls,0,4,turning,0,9,0,0,1,1,0,0,4,41.996123594,daylight,-87.805126331,11,nonincapacitating_injury,2,30,no_defects,dry,N NORTHWEST HWY,no_controls,not_divided,clear,0,2018,157694
straight_and_level,1731,distraction_-_from_outside_vehicle,no_controls,0,0,other_object,0,10,0,0,1,0,0,0,1,41.943333661,daylight,-87.732290047,11,no_indication_of_injury,1,15,unknown,wet,N KEELER AVE,no_controls,alley,rain,0,2018,159658
straight_and_level,1832,improper_lane_usage,no_controls,0,3,sideswipe_same_direction,0,10,0,0,2,0,0,0,3,41.898695602,daylight,-87.631151983,11,no_indication_of_injury,2,30,no_defects,dry,N CLARK ST,no_controls,one-way,clear,0,2018,162116
straight_and_level,1412,improper_overtaking/passing,no_controls,0,1,sideswipe_same_direction,1,18,0,0,2,0,0,0,1,41.935072438,"darkness,_lighted_road",-87.717130413,11,no_indication_of_injury,2,30,no_defects,dry,N CENTRAL PARK AVE,no_controls,divided_-_w/median_(not_raised),clear,0,2018,165331
straight_and_level,1112,failing_to_yield_right-of-way,no_controls,0,4,sideswipe_opposite_direction,1,2,0,0,2,0,0,0,2,41.89829414,"darkness,_lighted_road",-87.721138396,12,no_indication_of_injury,2,30,no_defects,dry,N HAMLIN AVE,no_controls,not_divided,clear,0,2018,170365
"curve,_level",1622,exceeding_safe_speed_for_conditions,no_controls,0,6,fixed_object,0,15,0,0,0,0,1,0,4,41.977836202,"darkness,_lighted_road",-87.769539879,12,"reported,_not_evident",1,30,no_defects,wet,N MILWAUKEE AVE,no_controls,not_divided,rain,0,2018,170372
"curve,_level",1833,under_the_influence_of_alcohol/drugs_(use_when_arrest_is_effected),unknown,0,0,sideswipe_same_direction,0,2,0,0,1,0,3,0,4,41.896828045,"darkness,_lighted_road",-87.617207703,12,"reported,_not_evident",2,60,unknown,wet,N LAKE SHORE DR,no_controls,other,fog/smoke/haze,0,2018,172710
straight_and_level,1633,improper_backing,no_controls,0,4,parked_motor_vehicle,0,15,0,0,1,0,0,0,1,41.945747575,daylight,-87.768538279,12,no_indication_of_injury,2,30,no_defects,dry,W ADDISON ST,no_controls,parking_lot,clear,0,2018,171699
straight_and_level,811,driving_skills/knowledge/experience,no_controls,0,6,sideswipe_same_direction,0,15,0,0,2,0,0,0,4,41.792358419,daylight,-87.786755461,12,no_indication_of_injury,2,35,no_defects,dry,W ARCHER AVE,no_controls,divided_-_w/median_(not_raised),clear,0,2018,151787
straight_and_level,1032,unable_to_determine,no_controls,0,1,parked_motor_vehicle,1,11,0,0,2,0,0,0,2,41.844320739,daylight,-87.711358033,12,no_indication_of_injury,2,30,no_defects,wet,W 26TH ST,no_controls,not_divided,rain,0,2018,153972
straight_and_level,1225,failing_to_yield_right-of-way,functioning_properly,0,6,angle,0,17,0,0,3,1,0,0,2,41.87682363,"darkness,_lighted_road",-87.686179405,12,nonincapacitating_injury,2,30,no_defects,wet,S WESTERN AVE,stop_sign/flasher,not_divided,snow,0,2018,150574
straight_and_level,1723,unable_to_determine,no_controls,0,6,angle,0,16,0,0,2,0,0,1,1,41.967755075,"darkness,_lighted_road",-87.72449886,12,no_indication_of_injury,2,30,no_defects,dry,N AVERS AVE,no_controls,one-way,clear,0,2018,132486
straight_and_level,1931,unable_to_determine,no_controls,0,1,parked_motor_vehicle,1,20,0,0,1,0,0,0,1,41.936853472,daylight,-87.686064965,12,no_indication_of_injury,2,30,no_defects,dry,W NELSON ST,no_controls,one-way,clear,0,2018,172081
straight_and_level,1033,unable_to_determine,no_controls,0,6,parked_motor_vehicle,0,14,0,0,2,0,0,0,2,41.846233228,daylight,-87.704689801,12,no_indication_of_injury,2,30,no_defects,dry,W 25TH ST,no_controls,not_divided,cloudy/overcast,0,2018,132834
straight_and_level,834,unable_to_determine,no_controls,0,5,parked_motor_vehicle,1,7,0,0,1,0,0,0,2,41.749573772,daylight,-87.707417297,12,no_indication_of_injury,2,25,no_defects,dry,S HOMAN AVE,no_controls,not_divided,cloudy/overcast,0,2018,151131
straight_and_level,1833,following_too_closely,no_controls,0,6,rear_end,0,18,0,0,2,0,0,0,3,41.89603605,darkness,-87.624131033,12,no_indication_of_injury,2,30,no_defects,dry,N MICHIGAN AVE,no_controls,divided_-_w/median_barrier,clear,0,2018,170276
straight_and_level,1132,unable_to_determine,no_controls,0,4,parked_motor_vehicle,0,20,0,0,1,0,0,0,1,41.876038958,"darkness,_lighted_road",-87.72784281,12,no_indication_of_injury,2,25,no_defects,wet,W GLADYS AVE,no_controls,one-way,rain,0,2018,142251
straight_and_level,1133,improper_lane_usage,functioning_properly,0,2,sideswipe_same_direction,0,19,0,0,3,0,0,1,2,41.873624119,darkness,-87.720406557,12,no_indication_of_injury,2,35,no_defects,dry,W HARRISON ST,traffic_signal,one-way,clear,0,2018,171022
straight_and_level,1411,improper_lane_usage,no_controls,0,4,parked_motor_vehicle,1,19,0,0,1,0,0,0,2,41.93203524,"darkness,_lighted_road",-87.690864011,12,no_indication_of_injury,2,30,no_defects,dry,W DIVERSEY AVE,no_controls,not_divided,clear,0,2018,170059
straight_and_level,621,unable_to_determine,unknown,0,6,pedestrian,1,11,0,0,1,1,0,0,4,41.75043639,daylight,-87.644185945,12,nonincapacitating_injury,2,35,unknown,wet,S HALSTED ST,unknown,divided_-_w/median_(not_raised),rain,0,2018,168590