alignment,beat,contributory_cause,device_condition,dooring,dow,first_crash_type,hit_and_run,hour,injuries_fatal,injuries_incapacitating,injuries_no_indication,injuries_non_incapacitating,injuries_reported_not_evident,intersection_related,lane_count,latitude,lighting_condition,longitude,month,most_severe_injury,num_units,posted_speed_limit,road_defect,roadway_surface_cond,street,traffic_control_device,trafficway_type,weather_condition,work_zone,year,i
straight_and_level,1524,unable_to_determine,no_controls,0,1,sideswipe_same_direction,0,14,0,0,3,0,0,0,1,41.898555575,daylight,-87.763843293,12,no_indication_of_injury,2,15,no_defects,dry,N PINE AVE,no_controls,one-way,clear,0,2018,172930
straight_and_level,1421,following_too_closely,functioning_properly,0,6,rear_end,1,20,0,0,1,0,0,0,2,41.910223554,"darkness,_lighted_road",-87.707106563,12,no_indication_of_injury,1,25,unknown,dry,W NORTH AVE,unknown,not_divided,clear,0,2018,149196
straight_and_level,231,failing_to_yield_right-of-way,functioning_properly,0,0,turning,0,12,0,0,3,0,0,0,2,41.794861709,daylight,-87.619147727,12,no_indication_of_injury,2,30,no_defects,dry,E GARFIELD BLVD,stop_sign/flasher,divided_-_w/median_(not_raised),clear,0,2018,173044
straight_and_level,2515,driving_skills/knowledge/experience,unknown,0,0,angle,1,1,0,0,2,0,0,0,2,41.918922495,"darkness,_lighted_road",-87.767321601,12,no_indication_of_injury,2,35,unknown,unknown,W GRAND AVE,unknown,divided_-_w/median_(not_raised),unknown,0,2018,169321
straight_and_level,2412,unable_to_determine,no_controls,0,3,parked_motor_vehicle,1,17,0,0,1,0,0,0,2,41.998453171,dusk,-87.682445945,12,no_indication_of_injury,2,20,no_defects,dry,N HOYNE AVE,no_controls,divided_-_w/median_(not_raised),clear,0,2018,171301
straight_and_level,1623,failing_to_reduce_speed_to_avoid_crash,functioning_properly,0,5,pedestrian,0,6,0,0,1,1,0,1,4,41.974325551,dawn,-87.766357233,12,nonincapacitating_injury,2,30,"rut,_holes",wet,N MILWAUKEE AVE,stop_sign/flasher,divided_-_w/median_barrier,rain,0,2018,143724
straight_and_level,713,unable_to_determine,no_controls,0,5,sideswipe_opposite_direction,0,15,0,0,3,1,0,0,4,41.780693093,dusk,-87.664102996,12,nonincapacitating_injury,2,30,no_defects,dry,S ASHLAND AVE,no_controls,not_divided,clear,0,2018,172082
straight_and_level,1214,unable_to_determine,no_controls,0,5,pedalcyclist,1,16,0,0,2,0,0,0,4,41.891334358,darkness,-87.644514984,12,no_indication_of_injury,2,30,no_defects,dry,W GRAND AVE,no_controls,not_divided,clear,0,2018,172072
straight_and_level,1632,not_applicable,no_controls,0,0,parked_motor_vehicle,1,14,0,0,1,0,0,0,2,41.953024751,daylight,-87.786683238,12,no_indication_of_injury,2,15,no_defects,wet,W IRVING PARK RD,no_controls,other,clear,0,2018,151851
straight_and_level,223,unable_to_determine,no_controls,0,0,pedestrian,0,19,0,0,1,1,0,0,2,41.80940554,"darkness,_lighted_road",-87.6077372,12,nonincapacitating_injury,2,30,no_defects,dry,E 47TH ST,no_controls,not_divided,clear,0,2018,173280
straight_and_level,113,improper_overtaking/passing,no_controls,0,4,sideswipe_same_direction,1,6,0,0,2,0,0,0,3,41.876745465,"darkness,_lighted_road",-87.629111723,12,no_indication_of_injury,2,35,no_defects,wet,S DEARBORN ST,no_controls,one-way,rain,0,2018,173742
"curve,_level",422,following_too_closely,functioning_properly,0,5,rear_end,0,9,0,0,4,0,0,1,5,41.752061685,daylight,-87.548034764,12,no_indication_of_injury,2,30,no_defects,wet,S LAKE SHORE DR,traffic_signal,divided_-_w/median_(not_raised),rain,0,2018,150594
straight_and_level,1623,improper_overtaking/passing,no_controls,0,1,sideswipe_same_direction,0,15,0,0,2,0,0,0,2,41.960764161,daylight,-87.752522668,12,no_indication_of_injury,2,30,no_defects,dry,W MONTROSE AVE,no_controls,not_divided,clear,0,2018,170775
straight_and_level,833,driving_on_wrong_side/wrong_way,no_controls,0,6,head_on,0,21,0,0,2,0,0,0,2,41.771115357,"darkness,_lighted_road",-87.735258587,12,no_indication_of_injury,2,30,no_defects,dry,W MARQUETTE RD,no_controls,divided_-_w/median_(not_raised),clear,0,2018,144551
straight_and_level,1121,failing_to_yield_right-of-way,functioning_properly,0,1,turning,0,15,0,0,4,0,0,1,3,41.898229381,daylight,-87.706754595,12,no_indication_of_injury,3,30,no_defects,dry,W GRAND AVE,traffic_signal,center_turn_lane,clear,0,2018,173262
straight_and_level,313,following_too_closely,functioning_properly,0,6,rear_end,0,17,0,0,7,0,0,1,4,41.783964365,darkness,-87.606153791,12,no_indication_of_injury,3,30,no_defects,dry,S COTTAGE GROVE AVE,traffic_signal,not_divided,clear,0,2018,172327
straight_and_level,632,following_too_closely,functioning_properly,0,5,rear_end,0,17,0,0,2,0,0,0,4,41.736189235,"darkness,_lighted_road",-87.624176526,12,no_indication_of_injury,2,30,no_defects,dry,W 87TH ST,traffic_signal,not_divided,clear,0,2018,169995
straight_and_level,1654,improper_overtaking/passing,no_controls,0,5,sideswipe_same_direction,0,19,0,0,2,0,0,0,2,41.975067561,"darkness,_lighted_road",-87.875990828,12,no_indication_of_injury,2,15,no_defects,dry,W BRYN MAWR AVE,no_controls,not_divided,fog/smoke/haze,0,2018,173660
straight_and_level,1811,failing_to_yield_right-of-way,functioning_properly,0,3,turning,0,13,0,0,2,0,0,0,2,41.923482155,daylight,-87.667214241,12,no_indication_of_injury,2,30,no_defects,dry,N CLYBOURN AVE,stop_sign/flasher,divided_-_w/median_(not_raised),clear,0,2018,143127
straight_and_level,432,unable_to_determine,no_controls,0,0,other_object,1,1,0,0,1,0,0,0,1,41.721402312,"darkness,_lighted_road",-87.537562022,12,no_indication_of_injury,1,30,no_defects,wet,S AVENUE M,no_controls,one-way,clear,0,2018,170238
straight_and_level,1232,improper_overtaking/passing,no_controls,0,0,sideswipe_same_direction,1,18,0,0,2,0,0,0,2,41.876631453,"darkness,_lighted_road",-87.656861487,12,no_indication_of_injury,2,30,no_defects,dry,W VAN BUREN ST,no_controls,not_divided,clear,0,2018,172771
straight_and_level,211,distraction_-_from_outside_vehicle,no_controls,0,5,fixed_object,0,10,0,0,0,0,2,0,8,41.835994441,daylight,-87.607971486,12,"reported,_not_evident",1,45,no_defects,dry,S LAKE SHORE DR NB,no_controls,divided_-_w/median_barrier,clear,0,2018,170295
straight_and_level,124,unable_to_determine,no_controls,0,1,sideswipe_same_direction,0,17,0,0,2,0,0,0,4,41.874463424,"darkness,_lighted_road",-87.643815927,12,no_indication_of_injury,2,30,no_defects,dry,W HARRISON ST,no_controls,not_divided,clear,0,2018,172990
straight_and_level,413,unable_to_determine,functioning_properly,0,0,rear_end,0,11,0,0,4,0,0,1,3,41.729518128,daylight,-87.585636409,12,no_indication_of_injury,2,0,unknown,dry,S STONY ISLAND AVE,traffic_signal,other,clear,0,2018,170692
straight_and_level,921,following_too_closely,functioning_properly,0,5,turning,0,15,0,0,2,0,0,1,2,41.815709117,daylight,-87.689677314,12,no_indication_of_injury,2,30,no_defects,dry,S ROCKWELL ST,traffic_signal,not_divided,clear,0,2018,151145
straight_on_grade,821,unable_to_determine,no_controls,0,1,rear_end,0,7,0,0,2,0,0,0,4,41.81937826,dawn,-87.723820361,12,no_indication_of_injury,2,35,no_defects,dry,S PULASKI RD,no_controls,not_divided,clear,0,2018,172999
straight_and_level,1522,unable_to_determine,unknown,0,6,sideswipe_same_direction,0,19,0,0,3,0,0,0,4,41.880261254,"darkness,_lighted_road",-87.75512498,12,no_indication_of_injury,2,30,no_defects,snow_or_slush,W MADISON ST,no_controls,divided_-_w/median_(not_raised),snow,0,2018,149172
straight_and_level,2233,following_too_closely,no_controls,0,1,rear_end,1,9,0,0,2,0,0,0,4,41.69955202,daylight,-87.642459045,12,no_indication_of_injury,2,30,no_defects,dry,S HALSTED ST,stop_sign/flasher,not_divided,clear,0,2018,170710
straight_and_level,2424,improper_turning/no_signal,functioning_properly,0,2,sideswipe_same_direction,1,7,0,0,1,0,2,0,4,42.012427066,daylight,-87.683137889,12,"reported,_not_evident",3,25,no_defects,dry,N ROGERS AVE,stop_sign/flasher,divided_-_w/median_(not_raised),clear,0,2018,169619
straight_and_level,1622,exceeding_safe_speed_for_conditions,no_controls,0,5,parked_motor_vehicle,1,18,0,0,1,0,0,0,2,41.980601285,darkness,-87.772419394,12,no_indication_of_injury,2,20,no_defects,dry,N MILWAUKEE AVE,no_controls,not_divided,clear,0,2018,172394
straight_and_level,1833,failing_to_yield_right-of-way,no_controls,0,5,sideswipe_same_direction,0,15,0,0,2,0,0,0,4,41.900352772,daylight,-87.624332919,12,no_indication_of_injury,2,30,no_defects,dry,N MICHIGAN AVE,no_controls,not_divided,clear,0,2018,172046
straight_and_level,1113,unable_to_determine,functioning_properly,0,2,sideswipe_same_direction,0,8,0,0,2,0,0,0,4,41.885337723,daylight,-87.74530736,12,no_indication_of_injury,2,30,no_defects,wet,N CICERO AVE,traffic_signal,divided_-_w/median_(not_raised),clear,0,2018,169146
straight_and_level,834,improper_turning/no_signal,functioning_properly,0,4,sideswipe_same_direction,0,8,0,0,2,0,0,0,7,41.734970547,daylight,-87.721374085,12,no_indication_of_injury,2,30,no_defects,dry,W 87TH ST,traffic_signal,divided_-_w/median_(not_raised),clear,0,2018,173802
straight_and_level,1234,unable_to_determine,no_controls,0,5,turning,0,14,0,0,2,0,0,0,2,41.857542246,dusk,-87.676875482,12,no_indication_of_injury,3,30,no_defects,dry,W 18TH ST,no_controls,divided_-_w/median_(not_raised),clear,0,2018,169957
straight_and_level,2514,distraction_-_from_outside_vehicle,functioning_properly,0,5,rear_end,0,20,0,0,2,0,0,1,2,41.931448066,"darkness,_lighted_road",-87.761214327,12,no_indication_of_injury,2,30,no_defects,dry,W DIVERSEY AVE,traffic_signal,divided_-_w/median_(not_raised),clear,0,2018,104118
straight_and_level,1235,unable_to_determine,functioning_properly,0,3,sideswipe_same_direction,0,17,0,0,2,0,0,1,4,41.855953459,"darkness,_lighted_road",-87.64389232,12,no_indication_of_injury,2,30,no_defects,dry,S RUBLE ST,traffic_signal,one-way,clear,0,2018,173666
straight_and_level,431,unable_to_determine,no_controls,0,5,rear_end,0,18,0,0,2,0,0,0,2,41.721428627,darkness,-87.568553616,12,no_indication_of_injury,2,30,no_defects,dry,E 96TH ST,no_controls,not_divided,clear,0,2018,173001
straight_and_level,121,improper_overtaking/passing,no_controls,0,0,sideswipe_same_direction,0,9,0,0,2,0,0,0,2,41.878153523,daylight,-87.639638623,12,no_indication_of_injury,2,30,no_defects,dry,W JACKSON BLVD,no_controls,not_divided,clear,0,2018,104343
straight_and_level,432,following_too_closely,no_controls,0,0,rear_end,0,14,0,0,5,0,0,0,4,41.723859198,daylight,-87.537464857,12,no_indication_of_injury,2,30,no_defects,wet,S EWING AVE,no_controls,divided_-_w/median_(not_raised),rain,0,2018,168490
straight_and_level,2422,driving_skills/knowledge/experience,functioning_properly,0,0,fixed_object,0,18,0,0,1,0,0,1,1,42.018274979,"darkness,_lighted_road",-87.668324289,12,no_indication_of_injury,1,20,no_defects,wet,W BIRCHWOOD AVE,stop_sign/flasher,one-way,clear,0,2018,153368
straight_and_level,1651,unable_to_determine,no_controls,0,0,parked_motor_vehicle,0,18,0,0,2,0,0,0,4,41.976201139,"darkness,_lighted_road",-87.905309125,12,no_indication_of_injury,2,30,no_defects,dry,W OHARE ST,no_controls,one-way,clear,0,2018,170962
straight_and_level,1831,failing_to_reduce_speed_to_avoid_crash,no_controls,0,0,fixed_object,0,22,0,0,1,0,0,0,4,41.892444152,"darkness,_lighted_road",-87.63720038,12,no_indication_of_injury,1,30,no_defects,dry,W OHIO ST,no_controls,ramp,clear,0,2018,172694
straight_and_level,2535,unable_to_determine,no_controls,0,3,parked_motor_vehicle,1,22,0,0,1,0,0,0,1,41.912331772,"darkness,_lighted_road",-87.718919354,12,no_indication_of_injury,2,30,unknown,dry,N LAWNDALE AVE,no_controls,one-way,clear,0,2018,143695
straight_and_level,1124,distraction_-_from_outside_vehicle,functioning_properly,0,6,fixed_object,0,4,0,0,1,0,0,0,4,41.880727706,"darkness,_lighted_road",-87.710852541,12,no_indication_of_injury,2,30,no_defects,wet,S HOMAN AVE,traffic_signal,not_divided,cloudy/overcast,0,2018,150576
straight_and_level,121,improper_overtaking/passing,functioning_properly,0,3,turning,0,8,0,0,2,0,0,1,2,41.883746492,daylight,-87.641104976,12,no_indication_of_injury,2,30,no_defects,dry,N CLINTON ST,traffic_signal,one-way,clear,0,2018,171397
straight_and_level,1834,improper_backing,no_controls,0,4,parked_motor_vehicle,0,13,0,0,1,0,0,0,2,41.895050655,"darkness,_lighted_road",-87.624314918,12,no_indication_of_injury,2,10,no_defects,dry,E HURON ST,no_controls,one-way,clear,0,2018,145274
straight_and_level,1232,unable_to_determine,functioning_properly,0,3,rear_end,0,19,0,0,2,0,0,0,4,41.874313025,"darkness,_lighted_road",-87.648343758,12,no_indication_of_injury,2,30,no_defects,dry,W HARRISON ST,traffic_signal,not_divided,clear,0,2018,169304
straight_and_level,2535,unable_to_determine,no_controls,0,1,parked_motor_vehicle,1,7,0,0,1,0,0,0,2,41.906235064,daylight,-87.721392943,12,no_indication_of_injury,2,30,no_defects,dry,N HAMLIN AVE,no_controls,divided_-_w/median_(not_raised),clear,0,2018,138097
straight_and_level,1922,improper_overtaking/passing,functioning_properly,0,1,sideswipe_same_direction,0,13,0,0,2,0,0,0,2,41.946810995,daylight,-87.67426165,12,no_indication_of_injury,2,30,no_defects,dry,W ADDISON ST,traffic_signal,divided_-_w/median_(not_raised),clear,0,2018,138012
straight_and_level,424,not_applicable,no_controls,0,6,fixed_object,1,2,0,0,1,0,0,0,2,41.734105711,darkness,-87.540381913,12,no_indication_of_injury,1,30,no_defects,wet,S LAKE SHORE DR,no_controls,divided_-_w/median_(not_raised),snow,0,2018,149549
straight_and_level,111,failing_to_reduce_speed_to_avoid_crash,functioning_properly,0,3,rear_end,0,8,0,0,1,1,0,0,6,41.887373645,daylight,-87.624697192,12,nonincapacitating_injury,2,30,unknown,dry,N MICHIGAN AVE,traffic_signal,divided_-_w/median_barrier,clear,0,2018,171357
straight_and_level,1934,following_too_closely,unknown,0,6,rear_end,0,17,0,0,2,0,0,0,2,41.940279951,darkness,-87.638646319,12,no_indication_of_injury,2,30,unknown,dry,N LAKE SHORE DR,no_controls,ramp,rain,0,2018,172519
straight_and_level,1513,unable_to_determine,no_controls,0,0,turning,0,21,0,0,2,0,0,0,2,41.865690107,"darkness,_lighted_road",-87.765389115,12,no_indication_of_injury,2,20,no_defects,dry,W ROOSEVELT RD,no_controls,parking_lot,clear,0,2018,163548
straight_and_level,1423,driving_skills/knowledge/experience,functioning_properly,0,5,rear_end,1,20,0,0,3,0,0,0,2,41.902949721,"darkness,_lighted_road",-87.706645088,12,no_indication_of_injury,2,25,no_defects,wet,N KEDZIE AVE,traffic_signal,divided_-_w/median_(not_raised),clear,0,2018,149501
straight_and_level,124,disregarding_traffic_signals,functioning_properly,0,1,angle,0,5,0,0,2,0,0,0,2,41.869587395,"darkness,_lighted_road",-87.643663961,12,no_indication_of_injury,2,30,no_defects,dry,W TAYLOR ST,traffic_signal,not_divided,clear,0,2018,171074
straight_and_level,813,failing_to_yield_right-of-way,functioning_properly,0,1,turning,0,21,0,0,5,0,0,1,5,41.778538071,darkness,-87.742355878,12,no_indication_of_injury,2,30,no_defects,dry,W 63RD ST,traffic_signal,divided_-_w/median_(not_raised),clear,0,2018,146061
straight_and_level,823,unable_to_determine,no_controls,0,1,parked_motor_vehicle,1,6,0,0,1,0,0,0,1,41.781424505,darkness,-87.697258959,12,no_indication_of_injury,2,30,no_defects,dry,S RICHMOND ST,no_controls,one-way,clear,0,2018,173056
straight_and_level,1232,following_too_closely,no_controls,0,6,rear_end,0,16,0,0,2,2,0,0,2,41.869379496,"darkness,_lighted_road",-87.652258974,12,nonincapacitating_injury,3,30,no_defects,dry,W TAYLOR ST,no_controls,not_divided,clear,0,2018,172390
straight_and_level,213,failing_to_reduce_speed_to_avoid_crash,functioning_properly,0,0,rear_end,0,2,0,0,3,0,0,0,4,41.823603167,"darkness,_lighted_road",-87.626477953,12,no_indication_of_injury,2,30,no_defects,dry,W PERSHING RD,traffic_signal,not_divided,clear,0,2018,170515
straight_and_level,1024,disregarding_traffic_signals,functioning_properly,0,0,angle,0,17,0,0,3,0,0,1,2,41.846241455,dusk,-87.705238924,12,no_indication_of_injury,2,30,no_defects,dry,S KEDZIE AVE,traffic_signal,divided_-_w/median_(not_raised),clear,0,2018,170451
straight_and_level,1921,improper_lane_usage,unknown,0,3,sideswipe_same_direction,0,17,0,0,2,0,0,0,2,41.950543255,unknown,-87.688219945,12,no_indication_of_injury,2,35,unknown,unknown,N WESTERN AVE,unknown,not_divided,unknown,0,2018,173779
straight_and_level,121,distraction_-_from_outside_vehicle,unknown,0,1,pedestrian,0,19,0,0,2,0,0,0,4,41.878063354,darkness,-87.640925618,12,no_indication_of_injury,2,30,unknown,unknown,S CLINTON ST,traffic_signal,one-way,unknown,0,2018,170453
straight_and_level,1233,improper_overtaking/passing,no_controls,0,3,parked_motor_vehicle,0,14,0,0,2,0,0,0,2,41.865137234,daylight,-87.670149916,12,no_indication_of_injury,2,30,no_defects,dry,W 13TH ST,no_controls,not_divided,clear,0,2018,173822
straight_and_level,1831,improper_overtaking/passing,functioning_properly,0,0,sideswipe_same_direction,1,2,0,0,3,0,0,0,2,41.894078034,"darkness,_lighted_road",-87.635715892,12,no_indication_of_injury,2,30,no_defects,dry,W ERIE ST,stop_sign/flasher,divided_-_w/median_(not_raised),clear,0,2018,132516
straight_and_level,222,disregarding_stop_sign,functioning_properly,0,2,turning,1,8,0,0,2,0,0,1,2,41.811289119,daylight,-87.594147383,12,no_indication_of_injury,2,30,unknown,dry,S LAKE PARK AVE,stop_sign/flasher,not_divided,clear,0,2018,173227
straight_and_level,1912,failing_to_yield_right-of-way,no_controls,0,3,angle,0,19,0,0,2,0,0,0,0,41.961521983,darkness,-87.666191577,12,no_indication_of_injury,2,35,no_defects,dry,W MONTROSE AVE,no_controls,parking_lot,clear,0,2018,144540
straight_and_level,922,improper_turning/no_signal,functioning_improperly,0,4,turning,1,15,0,0,2,0,0,1,2,41.808378408,daylight,-87.684570717,12,no_indication_of_injury,2,30,no_defects,dry,S WESTERN AVE,traffic_signal,not_divided,clear,0,2018,136142
straight_and_level,1224,unable_to_determine,no_controls,0,4,sideswipe_same_direction,0,14,0,0,4,0,0,0,2,41.884259944,daylight,-87.649622317,12,no_indication_of_injury,2,30,no_defects,dry,W RANDOLPH ST,no_controls,not_divided,clear,0,2018,169732
straight_and_level,614,failing_to_reduce_speed_to_avoid_crash,functioning_properly,0,6,rear_end,0,0,0,0,1,1,0,1,4,41.740710968,"darkness,_lighted_road",-87.663043139,12,nonincapacitating_injury,2,30,no_defects,dry,S ASHLAND AVE,no_controls,divided_-_w/median_barrier,clear,0,2018,171992
straight_and_level,1622,disregarding_traffic_signals,functioning_properly,0,6,angle,0,0,0,1,2,3,0,1,2,41.960527641,"darkness,_lighted_road",-87.767391092,12,incapacitating_injury,2,30,no_defects,dry,N CENTRAL AVE,traffic_signal,not_divided,clear,0,2018,170200
straight_and_level,111,improper_turning/no_signal,functioning_properly,0,4,turning,0,19,0,0,2,0,0,1,2,41.886517289,"darkness,_lighted_road",-87.624677686,12,no_indication_of_injury,2,35,no_defects,dry,N MICHIGAN AVE,traffic_signal,not_divided,clear,0,2018,169659
straight_and_level,1911,physical_condition_of_driver,no_controls,0,1,parked_motor_vehicle,0,21,0,0,1,0,0,0,4,41.959724439,"darkness,_lighted_road",-87.688782545,12,no_indication_of_injury,2,30,no_defects,dry,N WESTERN AVE,no_controls,not_divided,clear,0,2018,172886
straight_and_level,611,improper_overtaking/passing,functioning_properly,0,6,parked_motor_vehicle,0,15,0,0,3,0,0,0,2,41.750210081,daylight,-87.666426539,12,no_indication_of_injury,3,30,no_defects,dry,W 79TH ST,stop_sign/flasher,divided_-_w/median_(not_raised),clear,0,2018,172438
straight_and_level,2531,improper_turning/no_signal,no_controls,0,1,turning,0,16,0,0,2,0,0,1,2,41.912770366,dusk,-87.766246644,12,no_indication_of_injury,2,30,no_defects,dry,W BLOOMINGDALE AVE,no_controls,not_divided,clear,0,2018,170685
straight_and_level,921,unable_to_determine,no_controls,0,0,parked_motor_vehicle,1,15,0,0,1,0,0,0,4,41.815695786,daylight,-87.701859241,12,no_indication_of_injury,2,30,no_defects,dry,S ARCHER AVE,no_controls,not_divided,clear,0,2018,145303
straight_and_level,1034,failing_to_yield_right-of-way,functioning_properly,0,3,pedestrian,0,17,0,1,2,0,0,1,2,41.849502345,darkness,-87.675958987,12,incapacitating_injury,2,30,no_defects,dry,W COULTER ST,stop_sign/flasher,not_divided,clear,0,2018,173528
straight_and_level,412,failing_to_reduce_speed_to_avoid_crash,functioning_improperly,0,2,turning,0,10,0,0,5,1,0,1,4,41.744151639,daylight,-87.585945067,12,nonincapacitating_injury,4,35,no_defects,dry,S STONY ISLAND AVE,traffic_signal,unknown,clear,0,2018,173553
straight_and_level,1212,unable_to_determine,no_controls,0,0,parked_motor_vehicle,1,18,0,0,1,0,0,0,2,41.89647267,"darkness,_lighted_road",-87.676921414,12,no_indication_of_injury,5,30,no_defects,wet,N DAMEN AVE,no_controls,not_divided,rain,0,2018,168500
straight_and_level,2013,improper_overtaking/passing,no_controls,0,2,parked_motor_vehicle,1,17,0,0,3,0,0,0,2,41.983416911,"darkness,_lighted_road",-87.666719846,12,no_indication_of_injury,2,30,no_defects,dry,W BRYN MAWR AVE,no_controls,not_divided,clear,0,2018,173354
straight_and_level,1712,unable_to_determine,no_controls,0,4,parked_motor_vehicle,0,21,0,0,0,0,1,0,1,41.96851361,"darkness,_lighted_road",-87.739335683,12,"reported,_not_evident",2,30,unknown,wet,N KENNETH AVE,no_controls,one-way,clear,0,2018,146062
straight_and_level,124,improper_overtaking/passing,functioning_properly,0,5,sideswipe_same_direction,0,19,0,0,3,0,0,0,4,41.867156189,dawn,-87.640867111,12,no_indication_of_injury,2,30,no_defects,dry,S CLINTON ST,traffic_signal,not_divided,clear,0,2018,150624
straight_and_level,2423,failing_to_yield_right-of-way,functioning_properly,0,6,angle,0,9,0,0,2,0,0,1,2,42.012894279,"darkness,_lighted_road",-87.66603342,12,no_indication_of_injury,2,30,unknown,unknown,W TOUHY AVE,stop_sign/flasher,not_divided,unknown,0,2018,171140
straight_and_level,835,unable_to_determine,no_controls,0,5,parked_motor_vehicle,1,21,0,0,1,0,0,0,2,41.750236522,darkness,-87.685774309,12,no_indication_of_injury,2,30,no_defects,dry,W 79TH ST,no_controls,divided_-_w/median_barrier,clear,0,2018,170015
straight_and_level,1931,following_too_closely,functioning_properly,0,4,rear_end,0,18,0,0,2,0,0,0,2,41.936157006,"darkness,_lighted_road",-87.668654515,12,no_indication_of_injury,2,30,no_defects,wet,W WELLINGTON AVE,traffic_signal,not_divided,rain,0,2018,171781
straight_and_level,1431,unable_to_determine,no_controls,0,4,parked_motor_vehicle,1,17,0,0,1,0,0,0,4,41.920323349,"darkness,_lighted_road",-87.687645186,12,no_indication_of_injury,2,30,unknown,dry,N WESTERN AVE,no_controls,not_divided,clear,0,2018,171606
straight_and_level,2232,"vision_obscured_(signs,_tree_limbs,_buildings,_etc.)",no_controls,0,4,pedestrian,1,6,0,0,1,0,1,0,2,41.700217602,darkness,-87.646419552,12,"reported,_not_evident",2,30,no_defects,dry,S SANGAMON ST,no_controls,not_divided,clear,0,2018,143719
straight_and_level,1214,following_too_closely,no_controls,0,1,rear_end,1,18,0,0,2,0,0,0,2,41.896226441,darkness,-87.6475912,12,no_indication_of_injury,2,30,no_defects,dry,N HALSTED ST,no_controls,not_divided,clear,0,2018,172920
straight_and_level,911,unable_to_determine,functioning_properly,0,5,fixed_object,0,4,0,0,2,0,0,0,4,41.82881885,"darkness,_lighted_road",-87.704710868,12,no_indication_of_injury,1,30,no_defects,wet,S KEDZIE AVE,traffic_signal,not_divided,rain,0,2018,171921
straight_and_level,1731,following_too_closely,no_controls,0,4,rear_end,1,8,0,0,1,0,1,0,2,41.93918598,daylight,-87.728532096,12,"reported,_not_evident",2,30,no_defects,dry,W BELMONT AVE,no_controls,not_divided,cloudy/overcast,0,2018,173749
straight_and_level,1831,improper_lane_usage,functioning_properly,0,5,sideswipe_same_direction,0,9,0,0,3,0,0,0,2,41.89038185,daylight,-87.634184835,12,no_indication_of_injury,2,30,no_defects,dry,N WELLS ST,traffic_signal,not_divided,clear,0,2018,169864
straight_and_level,1822,weather,functioning_properly,0,4,rear_end,0,11,0,0,3,0,0,0,2,41.910830187,daylight,-87.653911114,12,no_indication_of_injury,3,30,no_defects,wet,N KINGSBURY ST,traffic_signal,not_divided,rain,0,2018,142210
straight_and_level,1012,unable_to_determine,no_controls,0,3,rear_end,1,15,0,0,2,0,0,0,1,41.854444774,daylight,-87.729987118,12,no_indication_of_injury,2,35,no_defects,dry,W CULLERTON ST,no_controls,one-way,clear,0,2018,170005
straight_and_level,1221,unable_to_determine,no_controls,0,3,rear_end,0,15,0,0,4,0,0,0,1,41.890644618,daylight,-87.681145187,12,no_indication_of_injury,2,30,no_defects,dry,W GRAND AVE,no_controls,one-way,clear,0,2018,171389
straight_and_level,1433,following_too_closely,no_controls,0,2,rear_end,0,15,0,0,2,0,0,0,2,41.915942722,daylight,-87.671431687,12,no_indication_of_injury,2,30,no_defects,dry,W CORTLAND ST,no_controls,divided_-_w/median_(not_raised),clear,0,2018,173207
straight_and_level,131,exceeding_safe_speed_for_conditions,functioning_properly,0,5,rear_end,0,14,0,0,6,0,0,0,2,41.849160403,dawn,-87.627147854,12,no_indication_of_injury,3,30,no_defects,dry,S STATE ST,traffic_signal,divided_-_w/median_(not_raised),clear,0,2018,150621
straight_and_level,1733,unable_to_determine,unknown,0,1,turning,0,14,0,0,2,0,0,0,2,41.946771411,daylight,-87.69818089,12,no_indication_of_injury,2,30,unknown,unknown,N CALIFORNIA AVE,traffic_signal,not_divided,unknown,0,2018,138069
straight_and_level,1712,failing_to_yield_right-of-way,no_controls,0,6,turning,0,23,0,0,1,2,0,1,4,41.979517861,"darkness,_lighted_road",-87.708625492,12,nonincapacitating_injury,3,30,no_defects,dry,N KEDZIE AVE,no_controls,divided_-_w/median_(not_raised),fog/smoke/haze,0,2018,172431
straight_and_level,121,unable_to_determine,no_controls,0,0,rear_end,0,23,0,0,2,0,0,1,2,41.878961785,darkness,-87.639732612,12,no_indication_of_injury,2,30,no_defects,dry,S CANAL ST,no_controls,one-way,clear,0,2018,145278
straight_and_level,1831,not_applicable,no_controls,0,2,parked_motor_vehicle,0,8,0,0,1,0,0,0,2,41.890851107,dawn,-87.637278026,12,no_indication_of_injury,3,30,no_defects,dry,W ILLINOIS ST,no_controls,not_divided,clear,0,2018,173346
straight_and_level,432,under_the_influence_of_alcohol/drugs_(use_when_arrest_is_effected),no_controls,0,0,parked_motor_vehicle,0,4,0,0,1,0,0,0,2,41.701635353,"darkness,_lighted_road",-87.536345409,12,no_indication_of_injury,2,30,no_defects,dry,S AVENUE L,no_controls,divided_-_w/median_(not_raised),clear,0,2018,151800