alignment,beat,contributory_cause,device_condition,dooring,dow,first_crash_type,hit_and_run,hour,injuries_fatal,injuries_incapacitating,injuries_no_indication,injuries_non_incapacitating,injuries_reported_not_evident,intersection_related,lane_count,latitude,lighting_condition,longitude,month,most_severe_injury,num_units,posted_speed_limit,road_defect,roadway_surface_cond,street,traffic_control_device,trafficway_type,weather_condition,work_zone,year,i
straight_and_level,912,unable_to_determine,functioning_properly,0,6,turning,1,2,0,0,2,0,0,1,0,41.833963496,"darkness,_lighted_road",-87.675521587,12,no_indication_of_injury,2,30,no_defects,dry,S DAMEN AVE,traffic_signal,not_divided,clear,0,2018,172752
straight_and_level,1632,improper_overtaking/passing,no_controls,0,3,sideswipe_same_direction,0,10,0,0,3,0,0,0,2,41.953010233,daylight,-87.787707163,12,no_indication_of_injury,2,35,no_defects,dry,W IRVING PARK RD,no_controls,not_divided,clear,0,2018,171666
straight_and_level,1424,not_applicable,no_controls,0,0,pedestrian,0,13,0,0,1,0,1,0,1,41.909910148,daylight,-87.68003931,12,"reported,_not_evident",2,30,no_defects,dry,N HOYNE AVE,yield,one-way,clear,0,2018,172907
straight_and_level,1733,unable_to_determine,no_controls,0,2,turning,0,10,0,0,2,0,0,0,2,41.953660407,daylight,-87.698084652,12,no_indication_of_injury,2,30,no_defects,dry,N CALIFORNIA AVE,no_controls,not_divided,clear,0,2018,173254
straight_and_level,1133,unable_to_determine,unknown,0,3,parked_motor_vehicle,0,3,0,0,1,0,0,0,2,41.874595685,"darkness,_lighted_road",-87.715255137,12,no_indication_of_injury,2,30,no_defects,dry,W CONGRESS PKWY,unknown,one-way,clear,0,2018,142202
straight_and_level,122,distraction_-_from_inside_vehicle,functioning_properly,0,5,turning,0,19,0,0,1,0,1,1,4,41.876805011,"darkness,_lighted_road",-87.636467364,12,"reported,_not_evident",2,30,unknown,wet,S WACKER DR,traffic_signal,other,fog/smoke/haze,0,2018,151121
straight_and_level,411,failing_to_yield_right-of-way,no_controls,0,0,turning,0,12,0,0,4,0,0,1,2,41.75681356,daylight,-87.588378196,12,no_indication_of_injury,2,35,no_defects,dry,E 76TH ST,no_controls,not_divided,clear,0,2018,173027
straight_on_grade,1731,unable_to_determine,functioning_properly,0,4,turning,0,17,0,0,2,0,0,0,1,41.941227207,"darkness,_lighted_road",-87.74678519,12,no_indication_of_injury,2,30,no_defects,wet,N CICERO AVE,stop_sign/flasher,parking_lot,rain,0,2018,143680
straight_and_level,923,failing_to_yield_right-of-way,functioning_properly,0,5,turning,0,14,0,0,2,0,0,1,2,41.801242625,daylight,-87.6855317,12,no_indication_of_injury,2,30,no_defects,dry,W 51ST ST,stop_sign/flasher,not_divided,clear,0,2018,134411
straight_and_level,1732,physical_condition_of_driver,no_controls,0,2,parked_motor_vehicle,0,4,0,0,1,0,0,0,2,41.94634942,"darkness,_lighted_road",-87.720940153,12,no_indication_of_injury,2,30,no_defects,dry,W ADDISON ST,no_controls,divided_-_w/median_(not_raised),clear,0,2018,173369
straight_and_level,2522,unable_to_determine,unknown,0,1,parked_motor_vehicle,1,3,0,0,1,0,0,0,1,41.923324366,darkness,-87.754619594,12,no_indication_of_injury,2,30,unknown,unknown,W MEDILL AVE,unknown,one-way,unknown,0,2018,168840
straight_and_level,914,failing_to_yield_right-of-way,no_controls,0,4,sideswipe_same_direction,0,10,0,0,2,0,0,0,2,41.838401488,"darkness,_lighted_road",-87.63883491,12,no_indication_of_injury,2,30,no_defects,wet,S NORMAL AVE,no_controls,not_divided,rain,0,2018,144630
straight_and_level,123,cell_phone_use_other_than_texting,functioning_properly,0,1,rear_end,0,5,0,0,2,0,0,1,3,41.87546793,dawn,-87.629379702,12,no_indication_of_injury,2,30,no_defects,dry,S DEARBORN ST,traffic_signal,one-way,clear,0,2018,172998
straight_and_level,1111,following_too_closely,functioning_properly,0,0,rear_end,1,6,0,0,2,0,0,0,4,41.894959094,daylight,-87.745658899,12,no_indication_of_injury,2,30,no_defects,dry,N CICERO AVE,traffic_signal,divided_-_w/median_(not_raised),clear,0,2018,137621
straight_and_level,1034,following_too_closely,functioning_properly,0,0,rear_end,0,10,0,0,3,0,0,0,4,41.845176895,daylight,-87.666029113,12,no_indication_of_injury,2,30,no_defects,dry,S ASHLAND AVE,traffic_signal,divided_-_w/median_(not_raised),clear,0,2018,168619
straight_and_level,1731,following_too_closely,no_controls,0,1,turning,0,13,0,0,2,0,0,0,4,41.953451114,daylight,-87.735358904,12,no_indication_of_injury,2,30,no_defects,dry,W IRVING PARK RD,no_controls,not_divided,clear,0,2018,162302
straight_on_grade,123,failing_to_reduce_speed_to_avoid_crash,functioning_properly,0,6,rear_end,0,16,0,0,2,0,0,1,4,41.867521937,dusk,-87.627522975,12,no_indication_of_injury,2,30,no_defects,wet,W ROOSEVELT RD,traffic_signal,divided_-_w/median_(not_raised),cloudy/overcast,0,2018,153291
straight_and_level,924,unable_to_determine,no_controls,0,3,turning,0,16,0,0,2,0,0,0,1,41.80877674,"darkness,_lighted_road",-87.660259744,12,no_indication_of_injury,2,30,no_defects,dry,W 47TH ST,no_controls,divided_-_w/median_(not_raised),clear,0,2018,169291
straight_and_level,414,following_too_closely,no_controls,0,6,sideswipe_same_direction,1,17,0,0,2,0,0,0,2,41.751604225,"darkness,_lighted_road",-87.567510169,12,no_indication_of_injury,2,35,"rut,_holes",wet,E 79TH ST,no_controls,not_divided,rain,0,2018,168327
straight_and_level,1215,driving_skills/knowledge/experience,no_controls,0,1,parked_motor_vehicle,0,11,0,0,1,0,0,0,6,41.896032033,daylight,-87.662866103,12,no_indication_of_injury,2,35,no_defects,wet,W CHICAGO AVE,no_controls,divided_-_w/median_(not_raised),cloudy/overcast,0,2018,168756
straight_and_level,1922,following_too_closely,no_controls,0,1,rear_end,0,8,0,0,3,0,0,0,2,41.954075928,daylight,-87.676522562,12,no_indication_of_injury,3,30,no_defects,dry,W IRVING PARK RD,no_controls,not_divided,clear,0,2018,171295
straight_and_level,914,following_too_closely,functioning_properly,0,1,rear_end,0,16,0,0,2,0,0,1,4,41.845465635,dusk,-87.63819007,12,no_indication_of_injury,2,35,no_defects,dry,S CANAL ST,stop_sign/flasher,not_divided,clear,0,2018,172914
straight_and_level,1922,unable_to_determine,no_controls,0,1,parked_motor_vehicle,1,2,0,0,1,0,0,0,2,41.947140084,unknown,-87.666382054,12,no_indication_of_injury,2,30,no_defects,dry,W ADDISON ST,no_controls,not_divided,clear,0,2018,171083
straight_and_level,924,following_too_closely,no_controls,0,2,rear_end,1,6,0,0,2,0,0,0,4,41.813685046,dawn,-87.664953789,12,no_indication_of_injury,2,30,no_defects,dry,S ASHLAND AVE,no_controls,not_divided,clear,0,2018,173269
straight_and_level,1112,unable_to_determine,no_controls,0,2,parked_motor_vehicle,1,23,0,0,1,0,0,0,1,41.896787872,"darkness,_lighted_road",-87.7235301,12,no_indication_of_injury,2,15,unknown,dry,N SPRINGFIELD AVE,no_controls,one-way,clear,0,2018,144558
straight_and_level,1623,following_too_closely,no_controls,0,5,rear_end,0,15,0,0,3,0,0,0,2,41.975312453,"darkness,_lighted_road",-87.75930526,12,no_indication_of_injury,2,30,no_defects,dry,W FOSTER AVE,no_controls,divided_-_w/median_(not_raised),clear,0,2018,172462
straight_and_level,1834,improper_lane_usage,functioning_properly,0,4,turning,0,7,0,0,2,0,0,1,2,41.89325077,daylight,-87.626906198,12,no_indication_of_injury,2,30,no_defects,dry,N WABASH AVE,traffic_signal,not_divided,clear,0,2018,173785
straight_and_level,1722,unable_to_determine,functioning_properly,0,6,rear_end,0,13,0,0,2,0,0,0,6,41.95372265,daylight,-87.731443763,12,no_indication_of_injury,2,30,unknown,dry,W IRVING PARK RD,traffic_signal,center_turn_lane,clear,0,2018,136129
straight_and_level,1732,failing_to_yield_right-of-way,functioning_properly,0,0,pedestrian,1,10,0,0,1,1,0,1,2,41.946637443,daylight,-87.715228784,12,nonincapacitating_injury,2,30,no_defects,wet,W ADDISON ST,traffic_signal,divided_-_w/median_(not_raised),clear,0,2018,172737
straight_and_level,1711,unable_to_determine,functioning_properly,0,4,rear_end,0,12,0,0,2,0,0,0,2,41.99049313,daylight,-87.70919219,12,no_indication_of_injury,2,30,no_defects,dry,W PETERSON AVE,traffic_signal,not_divided,clear,0,2018,126703
straight_and_level,532,following_too_closely,no_controls,0,2,rear_end,1,2,0,0,2,0,0,0,0,41.676182214,darkness,-87.601277269,12,no_indication_of_injury,2,30,worn_surface,dry,S DOTY AVE E,no_controls,not_divided,clear,0,2018,137620
straight_and_level,1221,exceeding_safe_speed_for_conditions,functioning_improperly,0,6,parked_motor_vehicle,0,22,0,0,2,0,0,0,4,41.89557898,"darkness,_lighted_road",-87.692199676,12,no_indication_of_injury,2,30,no_defects,ice,W CHICAGO AVE,traffic_signal,divided_-_w/median_(not_raised),other,0,2018,163521
straight_and_level,1122,exceeding_safe_speed_for_conditions,no_controls,0,6,parked_motor_vehicle,0,21,0,0,2,0,0,0,1,41.887172102,"darkness,_lighted_road",-87.721104541,12,no_indication_of_injury,2,30,no_defects,snow_or_slush,N HAMLIN AVE,no_controls,not_divided,snow,0,2018,150023
straight_and_level,2213,failing_to_reduce_speed_to_avoid_crash,no_controls,0,1,rear_end,0,17,0,0,1,1,0,0,2,41.710467683,"darkness,_lighted_road",-87.657675294,12,nonincapacitating_injury,2,30,no_defects,dry,S BEVERLY AVE,no_controls,divided_-_w/median_(not_raised),clear,0,2018,170816
straight_and_level,2024,equipment_-_vehicle_condition,no_controls,0,6,fixed_object,0,14,0,0,1,0,0,0,0,41.969494726,daylight,-87.64794721,12,no_indication_of_injury,1,30,no_defects,dry,W LAWRENCE DR,no_controls,parking_lot,clear,0,2018,170727
straight_and_level,1524,not_applicable,no_controls,0,4,parked_motor_vehicle,1,14,0,0,1,0,0,0,2,41.90044748,daylight,-87.763853346,12,no_indication_of_injury,2,20,no_defects,wet,W THOMAS ST,no_controls,not_divided,rain,0,2018,144565
straight_and_level,622,improper_overtaking/passing,not_functioning,0,5,sideswipe_same_direction,1,8,0,0,3,0,0,0,4,41.736376037,daylight,-87.625621311,12,no_indication_of_injury,2,30,no_defects,dry,W 87TH ST,traffic_signal,not_divided,clear,0,2018,169930
straight_and_level,434,distraction_-_from_outside_vehicle,no_controls,0,5,rear_end,1,17,0,0,3,0,0,0,2,41.659858785,"darkness,_lighted_road",-87.584164595,12,no_indication_of_injury,3,30,other,wet,E 130TH ST,no_controls,not_divided,clear,0,2018,171957
straight_and_level,1232,improper_turning/no_signal,functioning_properly,0,3,turning,1,21,0,0,2,0,0,0,3,41.866049488,"darkness,_lighted_road",-87.64522489,12,no_indication_of_injury,2,30,no_defects,dry,S UNION AVE,traffic_signal,not_divided,clear,0,2018,143373
straight_and_level,1434,improper_lane_usage,no_controls,0,1,sideswipe_opposite_direction,1,15,0,0,1,1,0,0,2,41.917489792,daylight,-87.68572492,12,nonincapacitating_injury,2,30,other,unknown,W ARMITAGE AVE,no_controls,not_divided,unknown,0,2018,143681
straight_and_level,1614,failing_to_yield_right-of-way,no_controls,0,0,sideswipe_same_direction,0,17,0,0,2,0,0,0,2,41.979624085,darkness,-87.836434501,12,no_indication_of_injury,2,30,no_defects,wet,N CUMBERLAND AVE,no_controls,not_divided,rain,0,2018,168525
straight_and_level,1411,failing_to_yield_right-of-way,no_controls,0,3,sideswipe_same_direction,0,12,0,0,2,0,0,0,2,41.939276582,daylight,-87.69910777,12,no_indication_of_injury,2,30,no_defects,dry,W BELMONT AVE,no_controls,not_divided,clear,0,2018,172458
straight_and_level,1411,following_too_closely,unknown,0,1,rear_end,0,18,0,0,2,0,0,0,2,41.931945228,"darkness,_lighted_road",-87.703264622,12,no_indication_of_injury,2,30,unknown,wet,W DIVERSEY AVE,traffic_signal,not_divided,rain,0,2018,153365
straight_and_level,1832,driving_skills/knowledge/experience,functioning_properly,0,6,fixed_object,0,4,0,0,1,0,0,0,1,41.892464033,"darkness,_lighted_road",-87.631294886,12,no_indication_of_injury,1,15,no_defects,dry,N CLARK ST,other,other,clear,0,2018,132502
straight_and_level,1632,unable_to_determine,no_controls,0,4,parked_motor_vehicle,1,15,0,0,1,0,0,0,2,41.938924799,daylight,-87.795873367,12,no_indication_of_injury,2,30,no_defects,wet,N OAK PARK AVE,no_controls,not_divided,rain,0,2018,173859
straight_and_level,933,unable_to_determine,functioning_properly,0,5,parked_motor_vehicle,1,3,0,0,1,0,0,0,4,41.803231559,"darkness,_lighted_road",-87.649974922,12,no_indication_of_injury,2,30,no_defects,wet,W 50TH ST,stop_sign/flasher,not_divided,clear,0,2018,122463
straight_and_level,533,unable_to_determine,no_controls,0,0,sideswipe_same_direction,0,22,0,1,0,3,0,0,2,41.645244368,"darkness,_lighted_road",-87.615465561,12,incapacitating_injury,3,30,no_defects,dry,S LEYDEN AVE,no_controls,not_divided,clear,0,2018,144542
straight_and_level,1414,unable_to_determine,no_controls,0,0,sideswipe_same_direction,1,0,0,0,2,0,0,0,2,41.922527535,"darkness,_lighted_road",-87.698402697,12,no_indication_of_injury,2,30,no_defects,dry,W LYNDALE ST,no_controls,one-way,clear,0,2018,170814
straight_and_level,1124,disregarding_traffic_signals,functioning_properly,0,1,angle,0,14,0,0,2,0,0,1,2,41.877485087,daylight,-87.701174301,12,no_indication_of_injury,2,30,no_defects,dry,W JACKSON BLVD,traffic_signal,not_divided,clear,0,2018,172940
straight_and_level,111,improper_overtaking/passing,no_controls,0,6,sideswipe_same_direction,0,12,0,0,3,0,0,0,2,41.885142426,daylight,-87.629624335,12,no_indication_of_injury,2,30,no_defects,dry,N DEARBORN ST,no_controls,one-way,clear,0,2018,171747
straight_and_level,1633,disregarding_stop_sign,functioning_properly,0,0,angle,0,10,0,0,2,0,0,1,2,41.947689595,daylight,-87.771845374,12,no_indication_of_injury,2,30,unknown,dry,N MENARD AVE,stop_sign/flasher,not_divided,clear,0,2018,172691
straight_and_level,1732,improper_overtaking/passing,functioning_properly,0,3,sideswipe_same_direction,0,7,0,0,2,0,0,0,6,41.942464985,dawn,-87.712749854,12,no_indication_of_injury,2,30,no_defects,dry,N KIMBALL AVE,traffic_signal,not_divided,clear,0,2018,173243
straight_and_level,622,exceeding_authorized_speed_limit,functioning_properly,0,1,fixed_object,0,11,0,0,1,0,0,1,2,41.747009104,daylight,-87.635049487,12,no_indication_of_injury,1,30,no_defects,wet,S VINCENNES AVE,traffic_signal,not_divided,rain,0,2018,169367
straight_and_level,2521,under_the_influence_of_alcohol/drugs_(use_when_arrest_is_effected),functioning_properly,0,3,rear_end,0,0,0,0,2,0,0,0,4,41.92428663,"darkness,_lighted_road",-87.751029103,12,no_indication_of_injury,2,30,unknown,dry,W FULLERTON AVE,traffic_signal,divided_-_w/median_(not_raised),clear,0,2018,173366
straight_and_level,1114,unable_to_determine,no_controls,0,5,parked_motor_vehicle,1,19,0,0,1,0,0,0,2,41.882595718,darkness,-87.730778355,12,no_indication_of_injury,2,30,no_defects,dry,N KEELER AVE,no_controls,not_divided,clear,0,2018,135849
straight_and_level,735,driving_skills/knowledge/experience,functioning_properly,0,3,turning,0,16,0,0,2,0,0,0,4,41.768330138,daylight,-87.673768073,12,no_indication_of_injury,2,30,no_defects,dry,S DAMEN AVE,traffic_signal,not_divided,clear,0,2018,173583
straight_and_level,1231,failing_to_yield_right-of-way,functioning_properly,0,5,turning,0,17,0,0,3,0,0,0,4,41.866931753,darkness,-87.671471107,12,no_indication_of_injury,2,30,no_defects,dry,W ROOSEVELT RD,traffic_signal,divided_-_w/median_(not_raised),clear,0,2018,150535
straight_and_level,612,improper_lane_usage,functioning_properly,0,1,parked_motor_vehicle,0,21,0,0,1,0,0,0,2,41.75616151,"darkness,_lighted_road",-87.653957998,12,no_indication_of_injury,2,30,no_defects,wet,W 76TH ST,stop_sign/flasher,not_divided,rain,0,2018,154820
straight_and_level,121,unable_to_determine,no_controls,0,2,sideswipe_same_direction,0,8,0,0,2,0,0,0,2,41.883236895,daylight,-87.641381616,12,no_indication_of_injury,2,25,no_defects,dry,N CLINTON ST,no_controls,one-way,cloudy/overcast,0,2018,169090
straight_and_level,2413,following_too_closely,no_controls,0,1,rear_end,0,17,0,0,2,0,0,0,1,41.99291366,"darkness,_lighted_road",-87.675465778,1,no_indication_of_injury,2,20,no_defects,dry,N RAVENSWOOD AVE,no_controls,not_divided,clear,0,2019,165933
straight_and_level,1523,unable_to_determine,no_controls,0,2,parked_motor_vehicle,1,9,0,0,1,0,0,0,1,41.885370291,unknown,-87.758774926,1,no_indication_of_injury,2,25,unknown,unknown,N LOREL AVE,no_controls,one-way,unknown,0,2019,174154
straight_and_level,1033,weather,no_controls,0,1,fixed_object,0,22,0,0,1,0,0,0,1,41.84143648,"darkness,_lighted_road",-87.703867474,1,no_indication_of_injury,1,10,unknown,snow_or_slush,S TROY ST,no_controls,alley,clear,0,2019,173927
straight_and_level,1922,unable_to_determine,no_controls,0,4,rear_end,0,11,0,0,2,0,0,0,2,41.941639984,daylight,-87.668294075,1,no_indication_of_injury,2,20,no_defects,dry,W SCHOOL ST,no_controls,divided_-_w/median_(not_raised),clear,0,2019,156699
straight_and_level,1424,unable_to_determine,no_controls,0,3,parked_motor_vehicle,1,0,0,0,1,0,0,0,1,41.904184415,"darkness,_lighted_road",-87.679927291,1,no_indication_of_injury,2,30,no_defects,dry,W CRYSTAL ST,no_controls,one-way,unknown,0,2019,156025
straight_and_level,1722,unable_to_determine,unknown,0,5,parked_motor_vehicle,1,14,0,0,1,0,0,0,2,41.960426128,unknown,-87.730888925,1,no_indication_of_injury,2,30,unknown,unknown,N KEDVALE AVE,unknown,divided_-_w/median_(not_raised),unknown,0,2019,158028
straight_and_level,2213,improper_turning/no_signal,no_controls,0,4,fixed_object,0,16,0,0,1,0,0,0,1,41.712933447,dusk,-87.663166678,1,no_indication_of_injury,1,15,no_defects,dry,S PROSPECT AVE,no_controls,not_divided,clear,0,2019,155215
straight_and_level,1722,following_too_closely,functioning_properly,0,1,rear_end,1,19,0,0,2,0,0,0,2,41.953737051,"darkness,_lighted_road",-87.727766612,1,no_indication_of_injury,2,35,no_defects,dry,N PULASKI RD,traffic_signal,not_divided,clear,0,2019,165785
straight_and_level,811,failing_to_reduce_speed_to_avoid_crash,functioning_properly,0,2,rear_end,0,11,0,0,2,0,0,1,2,41.785365922,daylight,-87.769028303,1,no_indication_of_injury,2,30,no_defects,wet,W 59TH ST,traffic_signal,divided_-_w/median_(not_raised),clear,0,2019,173951
straight_and_level,2522,unable_to_determine,no_controls,0,5,parked_motor_vehicle,1,6,0,0,1,0,0,0,1,41.922478705,unknown,-87.753489537,1,no_indication_of_injury,2,30,no_defects,unknown,N LECLAIRE AVE,no_controls,not_divided,unknown,0,2019,171535
straight_and_level,1612,improper_overtaking/passing,other,0,3,turning,0,15,0,0,3,0,0,1,2,41.988110329,daylight,-87.803123989,1,no_indication_of_injury,2,25,unknown,dry,N NICKERSON AVE,stop_sign/flasher,not_divided,clear,0,2019,166515
straight_and_level,2433,unable_to_determine,no_controls,0,5,parked_motor_vehicle,1,6,0,0,1,0,0,0,1,41.993462278,unknown,-87.671706076,1,no_indication_of_injury,2,20,no_defects,unknown,N PAULINA ST,no_controls,not_divided,unknown,0,2019,171238
straight_and_level,111,unable_to_determine,functioning_properly,0,4,rear_end,0,18,0,0,4,0,0,0,4,41.886679959,"darkness,_lighted_road",-87.630514865,1,no_indication_of_injury,3,30,no_defects,dry,W LOWER WACKER DR,traffic_signal,divided_-_w/median_barrier,clear,0,2019,174158
straight_and_level,121,physical_condition_of_driver,functioning_properly,0,3,rear_end,0,16,0,0,3,0,0,0,2,41.878108061,"darkness,_lighted_road",-87.642608829,1,no_indication_of_injury,2,30,no_defects,dry,W JACKSON BLVD,traffic_signal,one-way,clear,0,2019,155818
straight_and_level,114,distraction_-_from_inside_vehicle,unknown,0,6,sideswipe_same_direction,0,13,0,0,2,0,0,0,4,41.887432541,"darkness,_lighted_road",-87.617715569,1,no_indication_of_injury,2,30,no_defects,wet,E LOWER WACKER DR,traffic_signal,divided_-_w/median_barrier,snow,0,2019,165181
straight_and_level,1231,unable_to_determine,functioning_properly,0,4,rear_end,0,14,0,0,2,0,0,0,2,41.876426852,daylight,-87.66917652,1,no_indication_of_injury,2,20,no_defects,dry,W VAN BUREN ST,traffic_signal,one-way,clear,0,2019,170858
straight_and_level,114,following_too_closely,functioning_properly,0,1,rear_end,0,8,0,0,0,0,2,0,8,41.880539002,daylight,-87.617102761,1,"reported,_not_evident",2,35,no_defects,wet,S LAKE SHORE DR NB,traffic_signal,divided_-_w/median_(not_raised),rain,0,2019,161424
straight_and_level,1122,unable_to_determine,no_controls,0,4,turning,1,13,0,0,1,1,0,0,2,41.885146804,daylight,-87.721793321,1,nonincapacitating_injury,2,30,no_defects,dry,W LAKE ST,no_controls,not_divided,clear,0,2019,168102
straight_and_level,925,improper_overtaking/passing,no_controls,0,2,angle,1,10,0,0,2,0,0,0,1,41.82343237,daylight,-87.641207889,1,no_indication_of_injury,2,30,no_defects,wet,S WALLACE ST,no_controls,parking_lot,rain,0,2019,155433
straight_and_level,124,unable_to_determine,no_controls,0,3,turning,0,9,0,0,2,0,0,0,2,41.868889711,daylight,-87.639098928,1,no_indication_of_injury,2,5,no_defects,dry,S CANAL ST,no_controls,parking_lot,clear,0,2019,174146
straight_and_level,1221,failing_to_reduce_speed_to_avoid_crash,functioning_properly,0,5,rear_end,0,10,0,0,1,0,1,1,4,41.89028629,daylight,-87.701599879,1,"reported,_not_evident",2,30,no_defects,dry,N SACRAMENTO BLVD,traffic_signal,divided_-_w/median_(not_raised),clear,0,2019,171524
straight_and_level,632,unable_to_determine,other,0,1,parked_motor_vehicle,1,6,0,0,1,0,0,0,1,41.736346718,daylight,-87.617674348,1,no_indication_of_injury,2,30,no_defects,dry,E 87TH ST,no_controls,other,fog/smoke/haze,0,2019,160965
straight_and_level,121,unable_to_determine,no_controls,0,5,rear_end,1,13,0,0,2,0,0,0,4,41.881994338,daylight,-87.639758685,1,no_indication_of_injury,2,30,no_defects,dry,W MADISON ST,no_controls,one-way,clear,0,2019,159402
straight_and_level,223,failing_to_reduce_speed_to_avoid_crash,functioning_properly,0,3,rear_end,0,17,0,0,2,1,1,0,2,41.805804966,unknown,-87.606338514,1,nonincapacitating_injury,4,30,no_defects,dry,S COTTAGE GROVE AVE,traffic_signal,divided_-_w/median_(not_raised),clear,0,2019,173984
straight_and_level,1622,following_too_closely,functioning_properly,0,5,rear_end,0,8,0,0,2,0,0,1,4,41.976123283,daylight,-87.786993751,1,no_indication_of_injury,2,30,no_defects,dry,W HIGGINS AVE,traffic_signal,divided_-_w/median_(not_raised),clear,0,2019,163811
straight_and_level,114,not_applicable,unknown,0,1,rear_end,0,19,0,0,2,0,0,1,3,41.873150369,darkness,-87.620445147,1,no_indication_of_injury,2,35,unknown,unknown,S COLUMBUS DR,traffic_signal,not_divided,unknown,0,2019,161401
straight_and_level,1831,following_too_closely,no_controls,0,1,rear_end,0,17,0,0,4,0,0,0,2,41.887493173,"darkness,_lighted_road",-87.631169486,1,no_indication_of_injury,2,30,no_defects,dry,N CLARK ST,no_controls,not_divided,clear,0,2019,165439
straight_and_level,1111,unable_to_determine,functioning_properly,0,6,angle,0,12,0,0,2,0,0,1,2,41.898897959,daylight,-87.735896645,1,no_indication_of_injury,2,30,no_defects,wet,N KOSTNER AVE,traffic_signal,not_divided,snow,0,2019,168444
straight_on_grade,1831,following_too_closely,functioning_properly,0,3,rear_end,0,17,0,0,2,0,0,0,2,41.887920732,"darkness,_lighted_road",-87.63235953,1,no_indication_of_injury,2,30,no_defects,dry,N LA SALLE DR,yield,not_divided,cloudy/overcast,0,2019,166572
straight_and_level,1522,unable_to_determine,no_controls,0,0,pedestrian,0,16,0,0,1,0,1,0,4,41.880410003,daylight,-87.760705782,1,"reported,_not_evident",2,30,no_defects,dry,W MADISON ST,no_controls,not_divided,clear,0,2019,165209
straight_and_level,323,distraction_-_from_inside_vehicle,no_controls,0,6,parked_motor_vehicle,0,12,0,0,2,0,0,0,1,41.761651213,daylight,-87.619850686,1,no_indication_of_injury,2,30,no_defects,snow_or_slush,S INDIANA AVE,no_controls,one-way,snow,0,2019,168948
straight_and_level,2424,unable_to_determine,unknown,0,0,sideswipe_same_direction,0,14,0,0,2,0,0,0,2,42.013773693,daylight,-87.680300732,1,no_indication_of_injury,2,30,unknown,unknown,N ROGERS AVE,lane_use_marking,not_divided,cloudy/overcast,0,2019,160060
straight_and_level,1922,unable_to_determine,no_controls,0,4,rear_end,0,17,0,0,2,0,0,1,2,41.946937893,"darkness,_lighted_road",-87.665287589,1,no_indication_of_injury,2,30,no_defects,dry,W ADDISON ST,no_controls,not_divided,clear,0,2019,163478
straight_and_level,932,disregarding_traffic_signals,functioning_properly,0,4,angle,1,2,0,0,2,0,0,1,4,41.79405184,dusk,-87.671936198,1,no_indication_of_injury,2,30,no_defects,snow_or_slush,W GARFIELD BLVD,traffic_signal,not_divided,unknown,0,2019,174296
straight_and_level,714,following_too_closely,functioning_properly,0,1,rear_end,1,4,0,0,2,0,0,1,2,41.779461156,"darkness,_lighted_road",-87.671436671,1,no_indication_of_injury,2,30,no_defects,snow_or_slush,W 63RD ST,stop_sign/flasher,divided_-_w/median_(not_raised),snow,0,2019,172860
straight_and_level,1223,unable_to_determine,functioning_properly,0,5,sideswipe_same_direction,1,18,0,0,2,0,0,0,2,41.883254928,darkness,-87.676815166,1,no_indication_of_injury,2,30,no_defects,wet,W WASHINGTON BLVD,traffic_signal,not_divided,snow,0,2019,172533
straight_and_level,1722,improper_turning/no_signal,functioning_properly,0,5,turning,1,20,0,0,2,0,0,0,2,41.957389412,"darkness,_lighted_road",-87.72787272,1,no_indication_of_injury,2,30,no_defects,dry,N PULASKI RD,traffic_signal,not_divided,clear,0,2019,163514
straight_and_level,431,improper_backing,functioning_properly,0,1,rear_end,0,8,0,0,2,0,0,0,2,41.722672903,daylight,-87.55122198,1,no_indication_of_injury,2,35,no_defects,snow_or_slush,S COMMERCIAL AVE,traffic_signal,not_divided,snow,0,2019,173169
straight_and_level,1831,improper_lane_usage,no_controls,0,3,sideswipe_same_direction,0,12,0,0,2,0,0,0,4,41.893255329,daylight,-87.637159916,1,no_indication_of_injury,2,30,no_defects,dry,W ONTARIO ST,no_controls,one-way,clear,0,2019,166585
straight_and_level,624,not_applicable,functioning_properly,0,0,fixed_object,0,20,0,0,3,0,0,1,2,41.758609006,"darkness,_lighted_road",-87.595721361,1,no_indication_of_injury,1,30,no_defects,dry,S SOUTH CHICAGO AVE,traffic_signal,not_divided,clear,0,2019,172182
straight_and_level,533,weather,no_controls,0,4,parked_motor_vehicle,0,15,0,0,4,5,0,0,2,41.657775592,daylight,-87.603259185,1,nonincapacitating_injury,3,35,unknown,ice,S EVANS AVE,no_controls,not_divided,snow,0,2019,175251
straight_and_level,632,unable_to_determine,no_controls,0,1,rear_end,0,10,0,0,2,0,0,0,1,41.737260605,daylight,-87.61924988,1,no_indication_of_injury,2,30,unknown,snow_or_slush,S INDIANA AVE,no_controls,alley,clear,0,2019,169487