alignment,beat,contributory_cause,device_condition,dooring,dow,first_crash_type,hit_and_run,hour,injuries_fatal,injuries_incapacitating,injuries_no_indication,injuries_non_incapacitating,injuries_reported_not_evident,intersection_related,lane_count,latitude,lighting_condition,longitude,month,most_severe_injury,num_units,posted_speed_limit,road_defect,roadway_surface_cond,street,traffic_control_device,trafficway_type,weather_condition,work_zone,year,i
straight_and_level,223,failing_to_yield_right-of-way,no_controls,0,2,angle,0,17,0,0,2,0,0,0,1,41.808901664,"darkness,_lighted_road",-87.606696966,1,no_indication_of_injury,2,10,no_defects,dry,S COTTAGE GROVE AVE,no_controls,parking_lot,clear,0,2019,166673
straight_and_level,1121,unable_to_determine,no_controls,0,0,parked_motor_vehicle,1,0,0,0,1,0,0,0,4,41.895646152,"darkness,_lighted_road",-87.708359549,1,no_indication_of_injury,2,30,no_defects,snow_or_slush,W CHICAGO AVE,no_controls,not_divided,snow,0,2019,165239
straight_and_level,223,"vision_obscured_(signs,_tree_limbs,_buildings,_etc.)",functioning_properly,0,5,pedestrian,0,14,0,0,1,1,0,1,4,41.802358586,daylight,-87.61602297,1,nonincapacitating_injury,2,30,no_defects,dry,S DR MARTIN LUTHER KING JR DR,traffic_signal,not_divided,clear,0,2019,160099
straight_and_level,823,unable_to_determine,no_controls,0,4,pedestrian,1,13,0,0,1,1,0,0,1,41.780603107,daylight,-87.712651998,1,nonincapacitating_injury,2,25,no_defects,dry,S CENTRAL PARK AVE,no_controls,one-way,clear,0,2019,156701
straight_and_level,1731,unable_to_determine,functioning_properly,0,1,angle,0,17,0,0,2,0,0,1,2,41.946433782,daylight,-87.731176603,1,no_indication_of_injury,2,30,unknown,snow_or_slush,W ADDISON ST,stop_sign/flasher,divided_-_w/median_(not_raised),clear,0,2019,168924
straight_and_level,732,not_applicable,no_controls,0,5,parked_motor_vehicle,1,5,0,0,1,0,0,0,1,41.762242958,darkness,-87.642809178,1,no_indication_of_injury,2,25,no_defects,dry,S EMERALD AVE,no_controls,one-way,clear,0,2019,158741
straight_and_level,215,physical_condition_of_driver,functioning_properly,0,3,parked_motor_vehicle,0,14,0,0,0,1,0,0,2,41.816437497,daylight,-87.622580731,1,nonincapacitating_injury,3,30,no_defects,dry,E 43RD ST,traffic_signal,not_divided,clear,0,2019,170121
straight_and_level,1223,weather,no_controls,0,1,fixed_object,0,21,0,0,1,0,0,0,2,41.883104203,"darkness,_lighted_road",-87.686282499,1,no_indication_of_injury,1,30,no_defects,snow_or_slush,W WASHINGTON BLVD,no_controls,one-way,snow,0,2019,173900
straight_and_level,2412,driving_skills/knowledge/experience,functioning_properly,0,0,rear_end,0,11,0,0,3,0,0,0,4,42.004943106,daylight,-87.689921439,1,no_indication_of_injury,3,30,no_defects,wet,N WESTERN AVE,traffic_signal,not_divided,clear,0,2019,172590
straight_and_level,912,improper_overtaking/passing,functioning_properly,0,2,sideswipe_same_direction,0,8,0,0,2,0,0,0,4,41.834147388,daylight,-87.674597856,1,no_indication_of_injury,2,30,no_defects,dry,W 33RD ST,traffic_signal,divided_-_w/median_(not_raised),clear,0,2019,171113
straight_and_level,1112,improper_backing,no_controls,0,4,parked_motor_vehicle,0,17,0,0,3,0,0,0,1,41.900599438,"darkness,_lighted_road",-87.717853685,1,no_indication_of_injury,2,30,no_defects,snow_or_slush,N MONTICELLO AVE,no_controls,one-way,snow,0,2019,174131
straight_and_level,1724,unable_to_determine,functioning_properly,0,6,angle,0,2,0,0,1,3,0,1,4,41.954000709,"darkness,_lighted_road",-87.71052917,1,nonincapacitating_injury,2,30,no_defects,dry,W IRVING PARK RD,stop_sign/flasher,divided_-_w/median_barrier,clear,0,2019,159392
straight_and_level,1522,unable_to_determine,no_controls,0,5,turning,0,17,0,0,2,0,0,0,4,41.880168174,"darkness,_lighted_road",-87.762539092,1,no_indication_of_injury,2,30,unknown,dry,W MADISON ST,no_controls,not_divided,clear,0,2019,164250
straight_and_level,1733,failing_to_yield_right-of-way,functioning_properly,0,4,turning,0,19,0,0,4,0,0,1,2,41.950414996,"darkness,_lighted_road",-87.698286621,1,no_indication_of_injury,2,30,no_defects,snow_or_slush,N CALIFORNIA AVE,stop_sign/flasher,divided_-_w/median_(not_raised),snow,0,2019,171199
straight_and_level,1513,failing_to_yield_right-of-way,no_controls,0,6,turning,0,6,0,0,2,0,0,1,4,41.870346524,daylight,-87.77412878,1,no_indication_of_injury,2,30,no_defects,wet,S AUSTIN BLVD,no_controls,not_divided,clear,0,2019,172294
straight_and_level,2423,weather,no_controls,0,6,parked_motor_vehicle,0,14,0,0,1,0,0,0,4,42.010367146,daylight,-87.662322068,1,no_indication_of_injury,3,30,no_defects,snow_or_slush,N SHERIDAN RD,no_controls,divided_-_w/median_(not_raised),snow,0,2019,164300
straight_and_level,834,failing_to_yield_right-of-way,functioning_properly,0,4,turning,0,18,0,0,2,0,0,1,4,41.743207938,daylight,-87.71207728,1,no_indication_of_injury,2,30,no_defects,dry,W COLUMBUS AVE,stop_sign/flasher,not_divided,clear,0,2019,157354
straight_and_level,531,unable_to_determine,functioning_properly,0,5,other_noncollision,0,14,0,0,1,0,1,0,2,41.687418896,daylight,-87.613071422,1,"reported,_not_evident",1,30,shoulder_defect,wet,S DR MARTIN LUTHER KING JR DR,lane_use_marking,not_divided,snow,0,2019,172241
straight_and_level,1434,unable_to_determine,functioning_properly,0,1,turning,1,18,0,0,2,0,0,0,2,41.916656208,"darkness,_lighted_road",-87.686926902,1,no_indication_of_injury,2,30,no_defects,dry,N MILWAUKEE AVE,traffic_signal,not_divided,clear,0,2019,165791
straight_and_level,735,failing_to_yield_right-of-way,no_controls,0,4,angle,0,16,0,0,2,0,0,1,2,41.768440706,"darkness,_lighted_road",-87.665272877,1,no_indication_of_injury,2,30,no_defects,wet,S MARSHFIELD AVE,no_controls,not_divided,clear,0,2019,170560
straight_and_level,1211,unable_to_determine,functioning_properly,0,1,pedestrian,0,8,0,0,1,1,0,1,2,41.897492137,daylight,-87.696602156,1,nonincapacitating_injury,2,30,no_defects,dry,N CALIFORNIA AVE,stop_sign/flasher,not_divided,cloudy/overcast,0,2019,165533
straight_and_level,931,failing_to_yield_right-of-way,unknown,0,6,turning,0,1,0,0,4,0,0,1,4,41.802881419,darkness,-87.680910995,1,no_indication_of_injury,2,30,no_defects,snow_or_slush,W 50TH ST,yield,divided_-_w/median_(not_raised),snow,0,2019,168104
straight_and_level,1132,weather,no_controls,0,0,fixed_object,0,1,0,0,0,1,0,0,2,41.866781226,darkness,-87.725347942,1,nonincapacitating_injury,1,30,no_defects,snow_or_slush,S PULASKI RD,no_controls,divided_-_w/median_barrier,snow,0,2019,164951
straight_and_level,124,failing_to_yield_right-of-way,no_controls,0,4,sideswipe_same_direction,0,8,0,0,3,0,0,0,2,41.869315727,daylight,-87.64063994,1,no_indication_of_injury,2,30,no_defects,dry,S CLINTON ST,no_controls,not_divided,clear,0,2019,163579
straight_and_level,1034,following_too_closely,no_controls,0,4,rear_end,0,7,0,0,4,0,0,0,2,41.846224441,daylight,-87.685627288,1,no_indication_of_injury,2,30,no_defects,wet,S WESTERN AVE,no_controls,divided_-_w/median_(not_raised),cloudy/overcast,0,2019,166940
straight_and_level,414,weather,no_controls,0,0,fixed_object,0,21,0,0,0,1,0,0,4,41.744884519,"darkness,_lighted_road",-87.576597929,1,nonincapacitating_injury,1,30,no_defects,snow_or_slush,S SOUTH CHICAGO AVE,no_controls,not_divided,snow,0,2019,168896
straight_and_level,823,failing_to_yield_right-of-way,no_controls,0,4,sideswipe_same_direction,0,20,0,0,4,0,0,0,2,41.778627812,"darkness,_lighted_road",-87.717652702,1,no_indication_of_injury,2,30,no_defects,dry,W 63RD ST,no_controls,divided_-_w/median_(not_raised),clear,0,2019,158670
straight_and_level,2522,unable_to_determine,functioning_properly,0,4,rear_end,1,19,0,0,2,0,0,1,4,41.924315289,darkness,-87.731726016,1,no_indication_of_injury,2,30,no_defects,wet,W FULLERTON AVE,traffic_signal,divided_-_w/median_(not_raised),clear,0,2019,170352
straight_and_level,513,distraction_-_from_inside_vehicle,no_controls,0,4,rear_end,0,17,0,0,1,1,0,0,2,41.696086647,"darkness,_lighted_road",-87.608945333,1,nonincapacitating_injury,2,30,no_defects,dry,S COTTAGE GROVE AVE,no_controls,not_divided,cloudy/overcast,0,2019,163777
straight_and_level,1214,unable_to_determine,functioning_properly,0,4,sideswipe_same_direction,1,11,0,0,2,0,0,1,4,41.891293713,daylight,-87.647680593,1,no_indication_of_injury,2,30,no_defects,dry,W GRAND AVE,traffic_signal,not_divided,clear,0,2019,166956
straight_and_level,822,improper_lane_usage,no_controls,0,5,sideswipe_same_direction,1,10,0,0,2,0,0,0,2,41.794102289,daylight,-87.723038157,1,no_indication_of_injury,2,35,no_defects,dry,S PULASKI RD,no_controls,not_divided,clear,0,2019,163504
straight_and_level,1614,failing_to_yield_right-of-way,no_controls,0,3,angle,0,18,0,0,2,0,0,0,2,41.975917564,darkness,-87.846339443,1,no_indication_of_injury,2,35,no_defects,snow_or_slush,N EAST RIVER RD,no_controls,divided_-_w/median_barrier,sleet/hail,0,2019,171201
straight_and_level,915,failing_to_yield_right-of-way,functioning_properly,0,3,turning,0,18,0,0,2,0,0,1,2,41.834366963,"darkness,_lighted_road",-87.641470349,1,no_indication_of_injury,2,30,no_defects,wet,S WALLACE ST,stop_sign/flasher,not_divided,clear,0,2019,156051
straight_and_level,822,disregarding_traffic_signals,functioning_properly,0,0,fixed_object,0,0,0,0,1,0,0,0,2,41.797275558,"darkness,_lighted_road",-87.703724089,1,no_indication_of_injury,1,30,no_defects,snow_or_slush,W 53RD ST,traffic_signal,not_divided,clear,0,2019,171819
straight_and_level,623,equipment_-_vehicle_condition,functioning_properly,0,2,fixed_object,0,2,0,0,0,4,0,1,2,41.756525977,"darkness,_lighted_road",-87.624578523,1,nonincapacitating_injury,1,30,no_defects,wet,S STATE ST,traffic_signal,divided_-_w/median_(not_raised),snow,0,2019,154714
straight_and_level,1711,weather,no_controls,0,4,angle,0,8,0,0,2,0,1,0,1,41.984906311,daylight,-87.71588372,1,"reported,_not_evident",2,30,no_defects,wet,W HOLLYWOOD AVE,no_controls,alley,cloudy/overcast,0,2019,166954
straight_and_level,2013,failing_to_reduce_speed_to_avoid_crash,no_controls,0,3,pedalcyclist,0,7,0,0,1,1,0,0,1,41.978458156,daylight,-87.664957584,1,nonincapacitating_injury,2,25,no_defects,snow_or_slush,N GLENWOOD AVE,no_controls,divided_-_w/median_barrier,snow,0,2019,169749
straight_and_level,2212,road_construction/maintenance,no_controls,0,5,other_noncollision,0,19,0,0,1,0,0,0,4,41.692361519,darkness,-87.681026438,1,no_indication_of_injury,1,30,"rut,_holes",snow_or_slush,S WESTERN AVE,no_controls,not_divided,snow,0,2019,172152
straight_and_level,1524,not_applicable,no_controls,0,5,parked_motor_vehicle,1,12,0,0,1,0,0,0,2,41.894779943,daylight,-87.760715699,1,no_indication_of_injury,2,30,no_defects,dry,W CHICAGO AVE,no_controls,not_divided,clear,0,2019,164409
straight_and_level,322,physical_condition_of_driver,no_controls,0,2,parked_motor_vehicle,0,5,0,1,1,2,0,0,2,41.76701893,"darkness,_lighted_road",-87.607398335,1,incapacitating_injury,2,30,no_defects,wet,S SOUTH CHICAGO AVE,no_controls,not_divided,snow,0,2019,154742
straight_and_level,924,failing_to_yield_right-of-way,functioning_properly,0,5,angle,0,22,0,0,2,0,0,0,2,41.808526572,darkness,-87.683778235,1,no_indication_of_injury,2,30,no_defects,snow_or_slush,W 47TH ST,yield,divided_-_w/median_(not_raised),snow,0,2019,168090
straight_and_level,931,unable_to_determine,functioning_properly,0,5,turning,0,7,0,0,1,1,0,1,4,41.804948673,daylight,-87.665013074,1,nonincapacitating_injury,2,30,no_defects,ice,S ASHLAND AVE,traffic_signal,divided_-_w/median_(not_raised),clear,0,2019,172555
straight_and_level,1123,improper_lane_usage,no_controls,0,5,parked_motor_vehicle,0,15,0,0,3,0,0,0,1,41.889949633,daylight,-87.707343529,1,no_indication_of_injury,2,15,no_defects,wet,W FRANKLIN BLVD,no_controls,one-way,snow,0,2019,167460
straight_and_level,632,improper_backing,functioning_properly,0,0,rear_end,1,13,0,0,2,0,0,1,2,41.740380973,daylight,-87.604869992,1,no_indication_of_injury,2,30,unknown,dry,E 85TH ST,traffic_signal,divided_-_w/median_(not_raised),clear,0,2019,160025
straight_and_level,1234,unable_to_determine,no_controls,0,6,parked_motor_vehicle,1,16,0,0,1,0,0,0,2,41.855731766,daylight,-87.675517684,1,no_indication_of_injury,2,30,no_defects,dry,W 19TH ST,no_controls,not_divided,clear,0,2019,172277
straight_and_level,2234,unable_to_determine,no_controls,0,5,fixed_object,1,0,0,0,1,0,0,0,2,41.692287202,darkness,-87.65722152,1,no_indication_of_injury,1,25,unknown,snow_or_slush,W 111TH ST,no_controls,not_divided,unknown,0,2019,170082
straight_and_level,1011,failing_to_yield_right-of-way,functioning_properly,0,6,sideswipe_same_direction,1,2,0,0,2,0,0,0,2,41.862368693,"darkness,_lighted_road",-87.718814956,1,no_indication_of_injury,2,30,no_defects,snow_or_slush,S RIDGEWAY AVE,traffic_signal,divided_-_w/median_barrier,snow,0,2019,171808
straight_and_level,1723,unable_to_determine,no_controls,0,5,angle,1,18,0,0,2,0,0,0,2,41.964581471,"darkness,_lighted_road",-87.719817624,1,no_indication_of_injury,2,25,no_defects,dry,W WILSON AVE,no_controls,not_divided,clear,0,2019,163776
straight_and_level,1034,driving_skills/knowledge/experience,no_controls,0,0,parked_motor_vehicle,0,6,0,0,1,0,0,0,0,41.848324655,dawn,-87.673434157,1,no_indication_of_injury,2,15,no_defects,snow_or_slush,S WOLCOTT AVE,no_controls,parking_lot,snow,0,2019,168429
straight_and_level,1224,driving_skills/knowledge/experience,functioning_properly,0,2,angle,1,17,0,0,2,0,0,1,3,41.880277804,"darkness,_lighted_road",-87.666804323,1,no_indication_of_injury,2,30,no_defects,dry,W MONROE ST,traffic_signal,not_divided,clear,0,2019,162577
straight_and_level,1822,following_too_closely,no_controls,0,1,rear_end,1,7,0,0,5,0,0,0,4,41.903290134,daylight,-87.647920955,1,no_indication_of_injury,2,30,no_defects,wet,N HALSTED ST,no_controls,divided_-_w/median_(not_raised),rain,0,2019,166355
straight_and_level,1113,unable_to_determine,no_controls,0,6,parked_motor_vehicle,1,13,0,0,2,0,0,0,1,41.877744716,daylight,-87.73580328,1,no_indication_of_injury,2,15,no_defects,dry,W ADAMS ST,no_controls,one-way,clear,0,2019,159448
straight_and_level,114,unable_to_determine,no_controls,0,5,parked_motor_vehicle,0,10,0,0,2,0,0,0,2,41.887998986,"darkness,_lighted_road",-87.622316468,1,no_indication_of_injury,2,25,no_defects,snow_or_slush,N STETSON SUB AVE,no_controls,alley,clear,0,2019,171120
straight_and_level,1513,following_too_closely,unknown,0,3,rear_end,0,14,0,0,2,0,0,0,2,41.87990586,daylight,-87.774502613,1,no_indication_of_injury,2,25,unknown,wet,S AUSTIN BLVD,traffic_signal,not_divided,rain,0,2019,156049
straight_and_level,1711,not_applicable,no_controls,0,4,fixed_object,0,12,0,0,1,0,0,0,4,41.997138341,daylight,-87.737359509,1,no_indication_of_injury,1,30,no_defects,wet,W DEVON AVE,no_controls,divided_-_w/median_barrier,snow,0,2019,170598
straight_and_level,1222,weather,functioning_properly,0,1,rear_end,1,7,0,0,2,0,0,0,4,41.885145953,daylight,-87.701467744,1,no_indication_of_injury,2,30,unknown,snow_or_slush,N SACRAMENTO BLVD,traffic_signal,divided_-_w/median_(not_raised),snow,0,2019,172820
straight_and_level,1235,weather,functioning_properly,0,1,rear_end,0,18,0,0,2,0,0,1,2,41.85510229,"darkness,_lighted_road",-87.646003547,1,no_indication_of_injury,2,30,no_defects,snow_or_slush,S CANALPORT AVE,traffic_signal,divided_-_w/median_(not_raised),snow,0,2019,172862
straight_and_level,2424,unable_to_determine,no_controls,0,3,parked_motor_vehicle,1,7,0,0,1,0,0,0,1,42.015013898,unknown,-87.680708688,1,no_indication_of_injury,2,25,no_defects,snow_or_slush,W JARVIS AVE,no_controls,not_divided,unknown,0,2019,166628
straight_and_level,122,improper_overtaking/passing,no_controls,0,3,sideswipe_same_direction,0,8,0,0,2,0,0,0,2,41.881070237,daylight,-87.633951419,1,no_indication_of_injury,2,30,no_defects,dry,S WELLS ST,no_controls,one-way,clear,0,2019,162856
straight_and_level,233,failing_to_yield_right-of-way,no_controls,0,4,angle,0,15,0,0,3,0,0,0,2,41.799524441,daylight,-87.60619092,1,no_indication_of_injury,2,30,unknown,dry,S COTTAGE GROVE AVE,no_controls,not_divided,clear,0,2019,167496
straight_and_level,1724,failing_to_yield_right-of-way,functioning_properly,0,4,turning,1,16,0,0,2,0,0,1,5,41.954062239,daylight,-87.698390056,1,no_indication_of_injury,2,30,no_defects,snow_or_slush,N CALIFORNIA AVE,traffic_signal,center_turn_lane,snow,0,2019,170616
straight_and_level,2413,"operating_vehicle_in_erratic,_reckless,_careless,_negligent_or_aggressive_manner",no_controls,0,4,fixed_object,0,23,0,0,3,0,0,0,2,41.990336639,"darkness,_lighted_road",-87.707534415,1,no_indication_of_injury,1,30,no_defects,dry,N LINCOLN AVE,no_controls,not_divided,clear,0,2019,156742
straight_and_level,131,exceeding_safe_speed_for_conditions,no_controls,0,6,angle,0,10,0,0,2,0,0,0,2,41.86006143,daylight,-87.630118476,1,no_indication_of_injury,2,0,no_defects,snow_or_slush,S CLARK ST,no_controls,not_divided,snow,0,2019,165221
straight_and_level,2512,failing_to_yield_right-of-way,functioning_properly,0,6,angle,0,17,0,0,3,1,0,1,1,41.928847223,darkness,-87.785781019,1,nonincapacitating_injury,2,15,no_defects,snow_or_slush,N NARRAGANSETT AVE,stop_sign/flasher,not_divided,snow,0,2019,164303
straight_and_level,2012,weather,other,0,3,turning,0,11,0,0,2,0,0,0,2,41.978066283,darkness,-87.668495747,1,no_indication_of_injury,2,30,no_defects,snow_or_slush,N CLARK ST,other,not_divided,snow,0,2019,169758
straight_and_level,1223,failing_to_yield_right-of-way,functioning_improperly,0,6,pedestrian,1,13,0,0,1,1,0,1,0,41.881053908,daylight,-87.686304552,1,nonincapacitating_injury,2,30,no_defects,snow_or_slush,W MADISON ST,traffic_signal,center_turn_lane,snow,0,2019,169441
straight_and_level,2012,weather,no_controls,0,6,parked_motor_vehicle,1,19,0,0,1,0,0,0,4,41.98297021,"darkness,_lighted_road",-87.689293522,1,no_indication_of_injury,2,30,no_defects,wet,N WESTERN AVE,no_controls,divided_-_w/median_(not_raised),snow,0,2019,165175
straight_and_level,323,unable_to_determine,functioning_properly,0,3,turning,1,13,0,0,1,1,0,1,2,41.763505826,daylight,-87.609021203,1,nonincapacitating_injury,2,25,no_defects,dry,S CHAMPLAIN AVE,other_warning_sign,not_divided,clear,0,2019,167542
straight_on_grade,924,unable_to_determine,no_controls,0,2,sideswipe_same_direction,0,17,0,0,3,0,0,0,4,41.808535276,"darkness,_lighted_road",-87.682649579,1,no_indication_of_injury,2,30,unknown,wet,W 47TH ST,no_controls,not_divided,clear,0,2019,170143
straight_and_level,812,failing_to_yield_right-of-way,functioning_properly,0,3,turning,0,7,0,0,2,0,0,1,2,41.777495171,daylight,-87.791169475,1,no_indication_of_injury,2,30,no_defects,snow_or_slush,S OAK PARK AVE,traffic_signal,divided_-_w/median_(not_raised),snow,0,2019,170898
straight_and_level,124,unable_to_determine,functioning_properly,0,4,rear_end,0,17,0,0,2,0,0,0,3,41.867287296,daylight,-87.640869537,1,no_indication_of_injury,2,30,no_defects,dry,S CLINTON ST,traffic_signal,not_divided,clear,0,2019,174165
straight_and_level,1123,failing_to_reduce_speed_to_avoid_crash,no_controls,0,0,sideswipe_opposite_direction,1,14,0,0,4,0,0,0,4,41.88505071,daylight,-87.716378647,1,no_indication_of_injury,2,30,no_defects,dry,W LAKE ST,no_controls,not_divided,fog/smoke/haze,0,2019,162822
straight_and_level,2223,unable_to_determine,no_controls,0,4,rear_end,0,17,0,0,3,0,0,0,2,41.721575016,daylight,-87.642736105,1,no_indication_of_injury,2,30,unknown,wet,W 95TH ST,no_controls,not_divided,snow,0,2019,174128
straight_and_level,1014,unable_to_determine,unknown,0,2,sideswipe_same_direction,0,5,0,0,3,5,0,1,2,41.851772995,"darkness,_lighted_road",-87.715059935,1,nonincapacitating_injury,3,35,unknown,wet,W CERMAK RD,traffic_signal,center_turn_lane,snow,0,2019,156096
straight_and_level,1434,failing_to_yield_right-of-way,no_controls,0,6,angle,0,15,0,0,2,0,0,1,2,41.91466863,daylight,-87.672825115,1,no_indication_of_injury,2,35,no_defects,snow_or_slush,N WOOD ST,no_controls,not_divided,snow,0,2019,164426
straight_and_level,623,failing_to_reduce_speed_to_avoid_crash,functioning_properly,0,4,head_on,0,22,0,0,2,1,0,0,4,41.75108236,"darkness,_lighted_road",-87.62398046,1,nonincapacitating_injury,2,35,no_defects,snow_or_slush,E 79TH ST,traffic_signal,not_divided,snow,0,2019,174285
straight_and_level,2412,following_too_closely,no_controls,0,1,rear_end,0,16,0,0,4,0,0,0,4,42.001456972,daylight,-87.690126179,1,no_indication_of_injury,2,30,no_defects,dry,N WESTERN AVE,no_controls,not_divided,clear,0,2019,169412
straight_and_level,1232,weather,no_controls,0,6,parked_motor_vehicle,0,16,0,0,1,0,0,0,2,41.880042669,darkness,-87.652125243,1,no_indication_of_injury,2,30,no_defects,ice,S MORGAN ST,no_controls,not_divided,snow,0,2019,167746
straight_and_level,1224,under_the_influence_of_alcohol/drugs_(use_when_arrest_is_effected),functioning_properly,0,1,angle,0,19,0,0,3,1,0,1,2,41.884113577,"darkness,_lighted_road",-87.658081674,1,nonincapacitating_injury,6,20,no_defects,dry,W RANDOLPH ST,stop_sign/flasher,not_divided,clear,0,2019,169450
straight_and_level,1531,improper_turning/no_signal,functioning_properly,0,2,turning,1,2,0,0,2,0,0,1,4,41.898729831,"darkness,_lighted_road",-87.746038713,1,no_indication_of_injury,2,30,no_defects,ice,N CICERO AVE,traffic_signal,divided_-_w/median_(not_raised),sleet/hail,0,2019,155820
straight_and_level,1812,driving_skills/knowledge/experience,functioning_properly,0,2,pedestrian,0,12,0,0,1,2,0,1,0,41.918273861,daylight,-87.648365816,1,nonincapacitating_injury,3,30,no_defects,wet,N HALSTED ST,traffic_signal,divided_-_w/median_(not_raised),rain,0,2019,154760
straight_and_level,112,"operating_vehicle_in_erratic,_reckless,_careless,_negligent_or_aggressive_manner",functioning_properly,0,6,parked_motor_vehicle,0,14,0,0,2,0,0,0,3,41.883108627,daylight,-87.627948771,1,no_indication_of_injury,2,30,no_defects,dry,W WASHINGTON ST,traffic_signal,one-way,clear,0,2019,173087
straight_and_level,2524,weather,functioning_properly,0,4,rear_end,0,6,0,0,2,0,0,1,2,41.931800437,"darkness,_lighted_road",-87.7172538,1,no_indication_of_injury,2,30,no_defects,ice,W DIVERSEY AVE,traffic_signal,divided_-_w/median_(not_raised),other,0,2019,174509
straight_and_level,915,failing_to_reduce_speed_to_avoid_crash,no_controls,0,3,angle,0,10,0,0,2,0,0,1,1,41.827151311,daylight,-87.638856855,1,no_indication_of_injury,2,15,no_defects,snow_or_slush,S NORMAL AVE,no_controls,alley,snow,0,2019,169795
straight_and_level,935,distraction_-_from_inside_vehicle,functioning_properly,0,2,rear_end,0,9,0,0,2,0,0,0,2,41.794622829,daylight,-87.633063763,1,no_indication_of_injury,2,30,no_defects,unknown,W GARFIELD BLVD,traffic_signal,divided_-_w/median_(not_raised),cloudy/overcast,0,2019,166584
straight_and_level,1115,disregarding_traffic_signals,functioning_properly,0,4,angle,0,15,0,0,1,3,0,1,4,41.88055896,daylight,-87.730449126,1,nonincapacitating_injury,2,30,no_defects,dry,W MADISON ST,traffic_signal,divided_-_w/median_(not_raised),clear,0,2019,157372
straight_and_level,1631,failing_to_yield_right-of-way,functioning_properly,0,2,pedestrian,0,7,0,0,1,0,1,1,2,41.946643651,daylight,-87.830042659,1,"reported,_not_evident",2,20,no_defects,snow_or_slush,W WAVELAND AVE,stop_sign/flasher,not_divided,cloudy/overcast,0,2019,169422
straight_and_level,132,equipment_-_vehicle_condition,no_controls,0,2,fixed_object,0,2,0,0,1,0,0,0,2,41.851040544,darkness,-87.622386594,1,no_indication_of_injury,1,30,no_defects,dry,S INDIANA AVE,no_controls,divided_-_w/median_barrier,clear,0,2019,153327
straight_and_level,1211,failing_to_yield_right-of-way,no_controls,0,3,angle,0,18,0,0,2,0,0,0,2,41.899152992,"darkness,_lighted_road",-87.699318118,1,no_indication_of_injury,2,30,no_defects,dry,W AUGUSTA BLVD,no_controls,not_divided,clear,0,2019,157381
straight_and_level,1834,improper_lane_usage,functioning_properly,0,3,sideswipe_same_direction,0,20,0,0,2,0,0,1,4,41.89340183,"darkness,_lighted_road",-87.626831694,1,no_indication_of_injury,2,30,no_defects,wet,E ONTARIO ST,traffic_signal,one-way,clear,0,2019,169822
straight_and_level,1731,following_too_closely,no_controls,0,2,rear_end,0,16,0,0,2,0,0,0,1,41.944091578,dusk,-87.727500725,1,no_indication_of_injury,2,30,no_defects,snow_or_slush,W NEWPORT AVE,no_controls,divided_-_w/median_(not_raised),clear,0,2019,173890
straight_and_level,2221,unable_to_determine,functioning_properly,0,4,sideswipe_same_direction,1,17,0,0,2,0,0,0,4,41.721105386,"darkness,_lighted_road",-87.678185487,1,no_indication_of_injury,2,30,no_defects,dry,W 95TH ST,traffic_signal,divided_-_w/median_(not_raised),clear,0,2019,166894
straight_and_level,132,unable_to_determine,no_controls,0,1,sideswipe_same_direction,0,15,0,0,30,0,0,0,2,41.864168539,daylight,-87.614375385,1,no_indication_of_injury,2,30,no_defects,wet,S MUSEUM CAMPUS DR E,no_controls,one-way,clear,0,2019,168654
straight_on_grade,511,failing_to_yield_right-of-way,no_controls,0,5,turning,0,1,0,0,2,0,0,0,2,41.707328842,"darkness,_lighted_road",-87.619957655,1,no_indication_of_injury,2,30,no_defects,dry,E 103RD ST,no_controls,divided_-_w/median_(not_raised),clear,0,2019,156752
straight_and_level,1631,failing_to_yield_right-of-way,functioning_properly,0,2,turning,0,17,0,0,2,0,0,1,2,41.952656947,"darkness,_lighted_road",-87.80749823,1,no_indication_of_injury,2,30,no_defects,snow_or_slush,W IRVING PARK RD,traffic_signal,divided_-_w/median_(not_raised),clear,0,2019,174007
straight_and_level,1813,following_too_closely,functioning_properly,0,1,rear_end,0,14,0,0,2,0,0,1,2,41.912704181,unknown,-87.652226275,1,no_indication_of_injury,2,25,unknown,wet,N CLYBOURN AVE,traffic_signal,not_divided,rain,0,2019,161352
straight_and_level,321,following_too_closely,no_controls,0,6,sideswipe_same_direction,0,14,0,0,2,0,0,0,4,41.77122922,daylight,-87.60587151,1,no_indication_of_injury,2,25,no_defects,snow_or_slush,S COTTAGE GROVE AVE,no_controls,not_divided,snow,0,2019,164305
straight_and_level,1632,unable_to_determine,functioning_properly,0,0,rear_end,0,12,0,0,2,0,0,1,2,41.945786322,daylight,-87.786425947,1,no_indication_of_injury,2,30,unknown,snow_or_slush,N NARRAGANSETT AVE,traffic_signal,divided_-_w/median_(not_raised),clear,0,2019,168663
straight_and_level,1831,improper_turning/no_signal,functioning_properly,0,3,turning,0,8,0,0,2,0,0,1,6,41.891682324,daylight,-87.632730713,1,no_indication_of_injury,2,30,no_defects,dry,N LA SALLE DR,traffic_signal,divided_-_w/median_(not_raised),clear,0,2019,162849