alignment,beat,contributory_cause,device_condition,dooring,dow,first_crash_type,hit_and_run,hour,injuries_fatal,injuries_incapacitating,injuries_no_indication,injuries_non_incapacitating,injuries_reported_not_evident,intersection_related,lane_count,latitude,lighting_condition,longitude,month,most_severe_injury,num_units,posted_speed_limit,road_defect,roadway_surface_cond,street,traffic_control_device,trafficway_type,weather_condition,work_zone,year,i
straight_and_level,911,improper_overtaking/passing,no_controls,0,4,sideswipe_same_direction,1,10,0,0,2,0,0,0,4,41.823297753,daylight,-87.689472548,1,no_indication_of_injury,2,30,no_defects,wet,S ARCHER AVE,no_controls,divided_-_w/median_(not_raised),clear,0,2019,171249
straight_and_level,1711,failing_to_yield_right-of-way,functioning_properly,0,2,angle,0,16,0,0,2,0,0,0,2,41.995591879,daylight,-87.720395511,1,no_indication_of_injury,2,15,no_defects,dry,N MONTICELLO AVE,stop_sign/flasher,not_divided,clear,0,2019,162287
straight_and_level,2011,weather,no_controls,0,6,parked_motor_vehicle,0,9,0,0,1,0,0,0,1,41.979383197,daylight,-87.695428822,1,no_indication_of_injury,2,30,no_defects,snow_or_slush,W BALMORAL AVE,no_controls,one-way,snow,0,2019,167768
straight_and_level,1225,improper_overtaking/passing,no_controls,0,0,sideswipe_same_direction,0,22,0,0,3,0,0,0,2,41.876350604,"darkness,_lighted_road",-87.673765123,2,no_indication_of_injury,2,30,no_defects,dry,W VAN BUREN ST,no_controls,one-way,clear,0,2019,175149
straight_and_level,2525,improper_backing,no_controls,0,3,turning,0,9,0,0,2,0,0,1,4,41.924346472,daylight,-87.729364441,2,no_indication_of_injury,2,30,other,dry,W FULLERTON AVE,no_controls,divided_-_w/median_(not_raised),clear,1,2019,176597
straight_and_level,2514,unable_to_determine,no_controls,0,5,parked_motor_vehicle,1,15,0,0,1,0,0,0,2,41.934909778,daylight,-87.77571898,2,no_indication_of_injury,2,25,no_defects,dry,W WELLINGTON AVE,no_controls,not_divided,clear,0,2019,175549
straight_and_level,522,failing_to_yield_right-of-way,functioning_properly,0,3,rear_end,1,6,0,0,2,0,0,1,2,41.685209942,darkness,-87.623119662,2,no_indication_of_injury,2,30,no_defects,wet,W 115TH ST,traffic_signal,not_divided,snow,0,2019,178031
straight_and_level,1022,following_too_closely,no_controls,0,1,rear_end,0,8,0,0,2,0,0,0,4,41.856082891,daylight,-87.699088863,2,no_indication_of_injury,2,30,no_defects,snow_or_slush,S SACRAMENTO DR,no_controls,not_divided,snow,0,2019,177428
straight_and_level,211,unable_to_determine,functioning_properly,0,2,pedestrian,1,9,0,0,1,0,1,0,2,41.831121575,daylight,-87.626706801,2,"reported,_not_evident",2,30,no_defects,dry,W 35TH ST,traffic_signal,not_divided,clear,0,2019,177651
straight_and_level,1224,disregarding_stop_sign,unknown,0,5,angle,1,18,0,0,2,0,0,1,2,41.884496686,unknown,-87.648665508,2,no_indication_of_injury,2,0,unknown,unknown,W RANDOLPH ST,stop_sign/flasher,not_divided,unknown,0,2019,175521
straight_and_level,1122,physical_condition_of_driver,no_controls,0,0,parked_motor_vehicle,0,14,1,0,0,0,0,0,2,41.881994253,daylight,-87.722090846,2,fatal,2,30,no_defects,snow_or_slush,W WASHINGTON BLVD,no_controls,not_divided,snow,0,2019,175964
straight_and_level,2514,following_too_closely,functioning_properly,0,2,rear_end,0,7,0,0,3,0,0,1,2,41.938456251,daylight,-87.767259409,2,no_indication_of_injury,2,30,no_defects,dry,W BELMONT AVE,traffic_signal,not_divided,clear,0,2019,174843
straight_and_level,2512,improper_lane_usage,no_controls,0,6,parked_motor_vehicle,0,17,0,0,1,0,0,0,2,41.925662327,"darkness,_lighted_road",-87.80616866,2,no_indication_of_injury,2,30,no_defects,dry,N HARLEM AVE,no_controls,not_divided,clear,0,2019,174443
straight_and_level,822,unable_to_determine,no_controls,0,5,parked_motor_vehicle,1,12,0,0,1,0,0,0,1,41.792427938,daylight,-87.706121714,2,no_indication_of_injury,2,20,no_defects,snow_or_slush,S SPAULDING AVE,no_controls,one-way,clear,0,2019,178144
straight_and_level,1115,unable_to_determine,functioning_properly,0,6,rear_end,0,22,0,0,1,1,0,1,2,41.880502349,"darkness,_lighted_road",-87.735350851,2,nonincapacitating_injury,2,30,unknown,dry,W MADISON ST,traffic_signal,divided_-_w/median_(not_raised),clear,0,2019,176070
straight_and_level,1811,unable_to_determine,functioning_properly,0,5,sideswipe_same_direction,0,16,0,0,2,0,0,1,4,41.910931661,daylight,-87.654232649,2,no_indication_of_injury,2,30,no_defects,dry,W NORTH AVE,traffic_signal,not_divided,clear,0,2019,175748
straight_and_level,815,improper_lane_usage,no_controls,0,5,sideswipe_same_direction,0,14,0,0,2,0,0,0,4,41.799078894,daylight,-87.74101245,2,no_indication_of_injury,2,30,no_defects,snow_or_slush,S ARCHER AVE,no_controls,divided_-_w/median_(not_raised),clear,0,2019,174270
straight_and_level,722,improper_lane_usage,functioning_properly,0,6,head_on,0,1,0,0,2,0,0,1,2,41.772685078,"darkness,_lighted_road",-87.637367741,2,no_indication_of_injury,2,30,no_defects,snow_or_slush,S NORMAL BLVD,traffic_signal,center_turn_lane,cloudy/overcast,0,2019,174700
straight_and_level,1413,road_construction/maintenance,no_controls,0,2,other_noncollision,0,19,0,0,1,0,0,0,4,41.924717319,"darkness,_lighted_road",-87.716660808,2,no_indication_of_injury,1,30,"rut,_holes",wet,W FULLERTON AVE,no_controls,not_divided,rain,0,2019,177354
straight_and_level,1531,unable_to_determine,functioning_properly,0,3,angle,0,13,0,0,2,0,0,1,1,41.900543744,daylight,-87.752204871,2,no_indication_of_injury,2,15,no_defects,dry,N LAWLER AVE,stop_sign/flasher,one-way,clear,0,2019,176553
straight_and_level,2011,unable_to_determine,no_controls,0,3,turning,0,12,0,0,1,1,0,1,2,41.988666196,daylight,-87.699488987,2,nonincapacitating_injury,2,35,no_defects,wet,N CALIFORNIA AVE,stop_sign/flasher,not_divided,rain,0,2019,177981
straight_and_level,933,unable_to_determine,functioning_properly,0,5,rear_end,0,17,0,0,2,0,0,0,2,41.808532015,"darkness,_lighted_road",-87.662133295,2,no_indication_of_injury,2,30,no_defects,unknown,W 47TH ST,traffic_signal,not_divided,unknown,0,2019,175628
straight_and_level,634,failing_to_yield_right-of-way,functioning_properly,0,4,pedestrian,0,20,0,0,1,1,0,1,2,41.721769042,"darkness,_lighted_road",-87.628728047,2,nonincapacitating_injury,2,35,no_defects,wet,W 95TH ST,traffic_signal,other,clear,0,2019,175379
straight_and_level,1033,weather,other,0,1,fixed_object,0,19,0,0,1,0,0,0,2,41.83727705,darkness,-87.695172247,2,no_indication_of_injury,1,30,no_defects,ice,S CALIFORNIA AVE,other,not_divided,sleet/hail,0,2019,177186
straight_and_level,1231,failing_to_reduce_speed_to_avoid_crash,no_controls,0,2,parked_motor_vehicle,0,20,0,0,2,0,1,0,4,41.8742514,"darkness,_lighted_road",-87.666453359,2,"reported,_not_evident",2,30,no_defects,wet,S ASHLAND AVE,no_controls,not_divided,rain,0,2019,175308
straight_and_level,1215,unable_to_determine,functioning_properly,0,1,sideswipe_same_direction,0,15,0,0,4,0,0,0,4,41.892961048,daylight,-87.657569732,2,no_indication_of_injury,2,30,no_defects,wet,N OGDEN AVE,traffic_signal,not_divided,clear,0,2019,177691
straight_and_level,932,disregarding_traffic_signals,functioning_properly,0,3,angle,0,14,0,0,2,0,0,1,2,41.80122506,daylight,-87.664920958,2,no_indication_of_injury,2,30,unknown,snow_or_slush,S ASHLAND AVE,traffic_signal,not_divided,snow,0,2019,176654
straight_and_level,1724,not_applicable,no_controls,0,0,parked_motor_vehicle,1,16,0,0,1,0,0,0,1,41.960290791,dusk,-87.700733201,2,no_indication_of_injury,3,15,no_defects,wet,N FRANCISCO AVE,no_controls,other,clear,0,2019,174666
straight_and_level,124,failing_to_yield_right-of-way,no_controls,0,4,turning,0,16,0,0,2,0,0,1,2,41.874301044,"darkness,_lighted_road",-87.639082121,2,no_indication_of_injury,2,30,no_defects,dry,W HARRISON ST,no_controls,divided_-_w/median_(not_raised),clear,0,2019,177954
straight_and_level,1231,improper_backing,no_controls,0,3,head_on,0,15,0,0,3,0,0,0,2,41.874060108,daylight,-87.668384741,2,no_indication_of_injury,2,30,no_defects,dry,W HARRISON ST,no_controls,not_divided,clear,0,2019,176528
straight_and_level,814,improper_backing,no_controls,0,4,parked_motor_vehicle,0,19,0,0,2,0,0,0,2,41.798672033,"darkness,_lighted_road",-87.743598778,2,no_indication_of_injury,2,30,no_defects,dry,S ARCHER AVE,no_controls,parking_lot,clear,0,2019,175857
straight_and_level,2011,unable_to_determine,no_controls,0,1,parked_motor_vehicle,1,10,0,0,1,0,0,0,1,41.977975386,daylight,-87.692718062,2,no_indication_of_injury,2,10,no_defects,wet,N LINCOLN AVE,no_controls,parking_lot,snow,0,2019,176679
straight_and_level,121,following_too_closely,no_controls,0,2,rear_end,0,8,0,0,2,0,0,0,2,41.877981918,daylight,-87.639412759,2,no_indication_of_injury,2,30,no_defects,wet,S CANAL ST,no_controls,one-way,clear,0,2019,175184
straight_and_level,434,unable_to_determine,no_controls,0,5,rear_end,0,8,0,0,4,0,0,0,2,41.660422811,daylight,-87.586391793,2,no_indication_of_injury,4,30,no_defects,dry,E 130TH ST,no_controls,not_divided,clear,0,2019,177015
straight_and_level,2514,disregarding_stop_sign,functioning_properly,0,3,angle,0,16,0,0,5,0,0,1,2,41.93041345,daylight,-87.766068057,2,no_indication_of_injury,2,30,no_defects,dry,N CENTRAL AVE,stop_sign/flasher,not_divided,clear,0,2019,176473
straight_and_level,1831,improper_turning/no_signal,functioning_properly,0,4,turning,0,23,0,0,2,0,0,1,4,41.890114694,"darkness,_lighted_road",-87.632477378,2,no_indication_of_injury,2,30,unknown,dry,W HUBBARD ST,traffic_signal,other,clear,0,2019,177129
straight_and_level,731,exceeding_authorized_speed_limit,no_controls,0,6,fixed_object,0,22,0,0,1,0,0,1,4,41.75982975,"darkness,_lighted_road",-87.630420103,2,no_indication_of_injury,1,45,no_defects,dry,S VINCENNES AVE,no_controls,not_divided,clear,0,2019,176026
straight_and_level,2012,unable_to_determine,no_controls,0,5,parked_motor_vehicle,1,3,0,0,1,0,0,0,4,41.988728457,"darkness,_lighted_road",-87.689463739,2,no_indication_of_injury,2,35,no_defects,dry,N WESTERN AVE,no_controls,not_divided,clear,0,2019,175683
straight_and_level,1611,failing_to_reduce_speed_to_avoid_crash,no_controls,0,5,parked_motor_vehicle,1,12,0,0,1,0,0,0,1,41.992059312,daylight,-87.78370815,2,no_indication_of_injury,2,30,no_defects,dry,W HOLBROOK ST,no_controls,not_divided,clear,0,2019,176943
straight_and_level,2535,unable_to_determine,no_controls,0,0,parked_motor_vehicle,1,3,0,0,1,0,0,0,2,41.906471052,daylight,-87.726268998,2,no_indication_of_injury,2,30,no_defects,wet,N PULASKI RD,no_controls,not_divided,clear,0,2019,175026
straight_and_level,1733,weather,no_controls,0,0,rear_end,0,19,0,0,2,0,0,0,2,41.953430417,"darkness,_lighted_road",-87.712738465,2,no_indication_of_injury,2,30,no_defects,snow_or_slush,N KIMBALL AVE,no_controls,not_divided,snow,0,2019,177486
straight_and_level,1722,not_applicable,functioning_properly,0,4,angle,0,20,0,0,2,0,0,0,2,41.960976742,"darkness,_lighted_road",-87.735039888,2,no_indication_of_injury,2,35,no_defects,ice,W MONTROSE AVE,stop_sign/flasher,not_divided,sleet/hail,0,2019,175863
straight_and_level,614,following_too_closely,no_controls,0,0,turning,0,12,0,0,2,0,0,0,4,41.746000217,daylight,-87.663474219,2,no_indication_of_injury,2,25,no_defects,dry,S ASHLAND AVE,no_controls,not_divided,clear,0,2019,177259
straight_and_level,1111,improper_backing,functioning_properly,0,5,sideswipe_opposite_direction,0,11,0,0,2,0,0,0,1,41.902563443,daylight,-87.72738007,2,no_indication_of_injury,2,5,no_defects,dry,N KEYSTONE AVE,stop_sign/flasher,one-way,clear,0,2019,175840
straight_and_level,1112,exceeding_safe_speed_for_conditions,no_controls,0,0,sideswipe_opposite_direction,0,22,0,0,2,0,0,0,0,41.902168575,"darkness,_lighted_road",-87.716676296,2,no_indication_of_injury,2,30,no_defects,snow_or_slush,W GRAND AVE,no_controls,parking_lot,snow,0,2019,177381
straight_and_level,1223,under_the_influence_of_alcohol/drugs_(use_when_arrest_is_effected),no_controls,0,6,fixed_object,0,0,0,0,0,1,0,0,2,41.881415308,"darkness,_lighted_road",-87.678012789,2,nonincapacitating_injury,1,30,no_defects,dry,W MADISON ST,no_controls,divided_-_w/median_barrier,clear,0,2019,175658
straight_and_level,2532,improper_overtaking/passing,no_controls,0,5,sideswipe_same_direction,0,15,0,0,2,0,0,0,2,41.909503895,daylight,-87.764240547,2,no_indication_of_injury,2,30,no_defects,dry,W NORTH AVE,no_controls,not_divided,clear,0,2019,174302
straight_and_level,1212,failing_to_yield_right-of-way,functioning_properly,0,2,angle,0,8,0,0,1,0,1,1,4,41.901243078,daylight,-87.68712746,2,"reported,_not_evident",2,30,no_defects,ice,N WESTERN AVE,stop_sign/flasher,divided_-_w/median_(not_raised),sleet/hail,0,2019,176190
straight_and_level,524,unable_to_determine,no_controls,0,6,sideswipe_same_direction,1,0,0,0,2,0,0,0,4,41.675896559,"darkness,_lighted_road",-87.641990781,2,no_indication_of_injury,2,35,no_defects,dry,S HALSTED ST,no_controls,divided_-_w/median_barrier,clear,0,2019,178139
straight_and_level,1622,disregarding_road_markings,functioning_properly,0,1,angle,0,6,0,0,1,1,0,1,4,41.975669,"darkness,_lighted_road",-87.786809997,2,nonincapacitating_injury,2,30,no_defects,snow_or_slush,N MULLIGAN AVE,stop_sign/flasher,divided_-_w/median_(not_raised),snow,0,2019,176334
straight_and_level,1822,unable_to_determine,functioning_properly,0,6,turning,1,4,0,0,5,0,0,0,4,41.910729292,"darkness,_lighted_road",-87.653152622,2,no_indication_of_injury,2,30,unknown,dry,W NORTH AVE,traffic_signal,not_divided,clear,0,2019,177529
straight_and_level,214,unable_to_determine,other,0,5,sideswipe_same_direction,0,15,0,0,7,0,0,0,2,41.824001165,daylight,-87.60312264,2,no_indication_of_injury,2,30,unknown,snow_or_slush,S LAKE PARK AVE,other,one-way,clear,0,2019,175044
straight_and_level,2512,failing_to_yield_right-of-way,no_controls,0,5,turning,0,18,0,0,3,0,0,0,2,41.923719016,darkness,-87.793916979,2,no_indication_of_injury,2,30,no_defects,dry,W GRAND AVE,no_controls,divided_-_w/median_(not_raised),clear,0,2019,178098
straight_and_level,812,physical_condition_of_driver,no_controls,0,5,parked_motor_vehicle,0,23,0,0,1,0,0,0,2,41.779675349,darkness,-87.767102602,2,no_indication_of_injury,2,30,no_defects,snow_or_slush,W 62ND ST,no_controls,not_divided,snow,0,2019,174547
straight_and_level,1012,unable_to_determine,no_controls,0,0,parked_motor_vehicle,0,21,0,0,1,0,0,0,2,41.853488735,daylight,-87.73330804,2,no_indication_of_injury,2,35,no_defects,wet,W 21ST ST,no_controls,not_divided,clear,0,2019,174953
straight_and_level,234,unable_to_determine,no_controls,0,6,rear_end,0,14,0,0,2,0,0,0,0,41.799577834,daylight,-87.595432109,2,no_indication_of_injury,2,30,no_defects,dry,E 53RD ST,no_controls,parking_lot,clear,0,2019,177114
straight_and_level,1214,unable_to_determine,no_controls,0,1,other_noncollision,0,14,0,0,1,0,0,0,2,41.887024646,daylight,-87.647659543,2,no_indication_of_injury,1,30,"rut,_holes",dry,N HALSTED ST,no_controls,not_divided,clear,0,2019,177960
straight_and_level,1611,improper_lane_usage,no_controls,0,5,sideswipe_same_direction,0,10,0,0,2,0,0,0,4,41.997870578,daylight,-87.806938148,2,no_indication_of_injury,2,35,no_defects,dry,N HARLEM AVE,no_controls,not_divided,clear,0,2019,178066
straight_on_grade,1834,disregarding_stop_sign,functioning_properly,0,0,pedestrian,0,12,0,0,1,1,0,0,2,41.894098518,daylight,-87.620156224,2,nonincapacitating_injury,2,30,no_defects,wet,E ERIE ST,yield,divided_-_w/median_(not_raised),rain,0,2019,174692
straight_and_level,2514,weather,no_controls,0,0,parked_motor_vehicle,1,16,0,0,1,0,0,0,0,41.938140804,daylight,-87.76663069,2,no_indication_of_injury,2,30,no_defects,snow_or_slush,N CENTRAL AVE,no_controls,parking_lot,clear,0,2019,176018
straight_and_level,114,driving_skills/knowledge/experience,functioning_properly,0,3,angle,0,12,0,0,3,0,0,1,3,41.887720847,daylight,-87.620750911,2,no_indication_of_injury,2,30,no_defects,dry,E WACKER DR,traffic_signal,divided_-_w/median_(not_raised),clear,0,2019,176756
"curve,_level",712,unable_to_determine,no_controls,0,0,fixed_object,1,22,0,0,1,0,0,0,4,41.781574971,"darkness,_lighted_road",-87.647438412,2,no_indication_of_injury,1,30,unknown,snow_or_slush,W 63RD PKWY,no_controls,not_divided,snow,0,2019,177672
straight_and_level,213,unable_to_determine,no_controls,0,5,parked_motor_vehicle,1,14,0,0,1,0,0,0,3,41.821872443,daylight,-87.62140658,2,no_indication_of_injury,2,30,no_defects,dry,S INDIANA AVE,no_controls,one-way,clear,0,2019,178122
straight_and_level,1624,unable_to_determine,functioning_properly,0,6,turning,0,16,0,0,2,0,0,0,4,41.960375948,daylight,-87.767117449,2,no_indication_of_injury,2,35,no_defects,dry,W MONTROSE AVE,unknown,not_divided,clear,0,2019,175747
straight_and_level,1221,failing_to_yield_right-of-way,no_controls,0,4,sideswipe_same_direction,0,7,0,0,2,0,0,0,4,41.895549121,daylight,-87.695335252,2,no_indication_of_injury,2,30,no_defects,dry,W CHICAGO AVE,no_controls,not_divided,clear,0,2019,178140
straight_and_level,1613,failing_to_yield_right-of-way,functioning_properly,0,3,angle,0,23,0,0,3,0,0,1,2,41.975493442,"darkness,_lighted_road",-87.793872192,2,no_indication_of_injury,2,35,unknown,wet,W FOSTER AVE,stop_sign/flasher,divided_-_w/median_(not_raised),clear,0,2019,177384
straight_and_level,1834,improper_overtaking/passing,functioning_properly,0,1,sideswipe_same_direction,0,12,0,0,2,0,0,0,4,41.890299648,daylight,-87.624254664,2,no_indication_of_injury,2,30,no_defects,wet,N MICHIGAN AVE,traffic_signal,one-way,rain,0,2019,175125
straight_and_level,234,failing_to_yield_right-of-way,functioning_properly,0,6,sideswipe_same_direction,0,13,0,0,2,0,0,0,2,41.802387002,daylight,-87.586758277,2,no_indication_of_injury,2,30,no_defects,dry,S CORNELL AVE,traffic_signal,divided_-_w/median_(not_raised),clear,0,2019,177082
straight_and_level,132,improper_turning/no_signal,functioning_properly,0,6,parked_motor_vehicle,0,13,0,0,1,0,0,0,2,41.860376815,daylight,-87.62226707,2,no_indication_of_injury,2,30,no_defects,dry,E 16TH ST,traffic_signal,not_divided,clear,0,2019,175872
straight_and_level,1831,"operating_vehicle_in_erratic,_reckless,_careless,_negligent_or_aggressive_manner",no_controls,0,4,parked_motor_vehicle,0,12,0,0,1,0,0,0,4,41.89644016,daylight,-87.637240302,2,no_indication_of_injury,2,30,no_defects,dry,W CHICAGO AVE,no_controls,not_divided,clear,0,2019,176739
straight_and_level,511,unable_to_determine,unknown,0,1,rear_end,0,12,0,0,2,0,0,0,3,41.722257273,daylight,-87.585275565,2,no_indication_of_injury,2,30,unknown,wet,S STONY ISLAND AVE,traffic_signal,not_divided,cloudy/overcast,0,2019,176337
straight_and_level,114,improper_overtaking/passing,functioning_properly,0,4,rear_end,0,6,0,0,2,0,0,0,2,41.87310624,daylight,-87.620425629,2,no_indication_of_injury,2,30,no_defects,dry,E BALBO DR,traffic_signal,not_divided,clear,0,2019,177995
straight_and_level,1623,failing_to_yield_right-of-way,functioning_properly,0,5,angle,0,7,0,0,2,0,0,1,2,41.9696554,daylight,-87.754978626,2,no_indication_of_injury,2,20,no_defects,dry,W AINSLIE ST,stop_sign/flasher,divided_-_w/median_(not_raised),clear,0,2019,175536
straight_and_level,131,improper_backing,functioning_properly,0,5,rear_end,0,13,0,0,2,0,0,0,1,41.8553848,daylight,-87.627291545,2,no_indication_of_injury,2,30,no_defects,snow_or_slush,S STATE ST,other_reg._sign,parking_lot,clear,0,2019,174261
straight_and_level,1622,improper_lane_usage,functioning_properly,0,4,sideswipe_same_direction,0,7,0,0,3,0,0,0,2,41.98462459,daylight,-87.77905931,2,no_indication_of_injury,2,30,no_defects,dry,W SEMINOLE ST,stop_sign/flasher,not_divided,clear,0,2019,176979
straight_and_level,1214,following_too_closely,functioning_properly,0,2,rear_end,1,19,0,0,2,0,0,1,2,41.888984093,"darkness,_lighted_road",-87.644185767,2,no_indication_of_injury,2,30,no_defects,dry,N DESPLAINES ST,traffic_signal,not_divided,clear,0,2019,177607
straight_and_level,1712,weather,no_controls,0,0,parked_motor_vehicle,0,14,0,0,1,0,0,0,1,41.968609433,daylight,-87.723297962,2,no_indication_of_injury,2,30,no_defects,snow_or_slush,N HAMLIN AVE,no_controls,one-way,clear,0,2019,176002
straight_and_level,815,unable_to_determine,no_controls,0,2,parked_motor_vehicle,1,16,0,0,1,0,0,0,2,41.805793225,"darkness,_lighted_road",-87.735911775,2,no_indication_of_injury,2,25,no_defects,snow_or_slush,S KILBOURN AVE,no_controls,parking_lot,snow,0,2019,177969
straight_and_level,1732,disregarding_traffic_signals,functioning_properly,0,4,turning,0,5,0,0,2,0,0,1,4,41.946590813,"darkness,_lighted_road",-87.719316926,2,no_indication_of_injury,2,30,no_defects,wet,W ADDISON ST,traffic_signal,divided_-_w/median_(not_raised),clear,0,2019,176833
straight_and_level,911,improper_overtaking/passing,no_controls,0,4,sideswipe_same_direction,0,15,0,0,2,0,0,0,2,41.828035141,daylight,-87.704697732,2,no_indication_of_injury,2,30,"rut,_holes",dry,S KEDZIE AVE,no_controls,not_divided,clear,0,2019,176847
straight_and_level,2232,road_engineering/surface/marking_defects,no_controls,0,3,other_object,0,16,0,0,1,0,0,0,3,41.714118868,daylight,-87.643145408,2,no_indication_of_injury,2,30,"rut,_holes",dry,S HALSTED ST,no_controls,divided_-_w/median_(not_raised),clear,0,2019,177720
straight_and_level,2432,following_too_closely,functioning_properly,0,2,rear_end,0,21,0,0,2,0,0,0,2,41.999862379,"darkness,_lighted_road",-87.67105375,2,no_indication_of_injury,2,30,unknown,snow_or_slush,N CLARK ST,traffic_signal,not_divided,snow,0,2019,176288
straight_and_level,2535,unable_to_determine,functioning_properly,0,6,parked_motor_vehicle,0,9,0,0,1,0,0,0,1,41.912503595,daylight,-87.720148969,2,no_indication_of_injury,2,15,no_defects,wet,N RIDGEWAY AVE,other_reg._sign,not_divided,cloudy/overcast,0,2019,174680
straight_and_level,122,following_too_closely,functioning_properly,0,3,turning,0,19,0,0,2,0,0,1,4,41.884502594,"darkness,_lighted_road",-87.632582574,2,no_indication_of_injury,2,30,no_defects,dry,N LA SALLE ST,traffic_signal,not_divided,clear,0,2019,177949
straight_and_level,431,unable_to_determine,no_controls,0,4,parked_motor_vehicle,1,8,0,0,1,0,0,0,1,41.714275731,daylight,-87.552487602,2,no_indication_of_injury,2,30,unknown,wet,S EXCHANGE AVE,no_controls,one-way,rain,0,2019,175468
straight_and_level,1512,failing_to_yield_right-of-way,functioning_properly,0,2,sideswipe_same_direction,0,11,0,0,2,0,1,1,4,41.882339282,daylight,-87.76507801,2,"reported,_not_evident",2,30,no_defects,dry,N CENTRAL AVE,traffic_signal,not_divided,clear,0,2019,176073
straight_and_level,822,failing_to_yield_right-of-way,no_controls,0,1,sideswipe_same_direction,0,9,0,0,2,0,0,0,1,41.799657394,daylight,-87.707556185,2,no_indication_of_injury,2,25,no_defects,snow_or_slush,S CHRISTIANA AVE,no_controls,one-way,snow,0,2019,177535
straight_and_level,825,exceeding_safe_speed_for_conditions,functioning_properly,0,0,angle,0,14,0,0,2,0,0,0,0,41.779123484,daylight,-87.683783099,2,no_indication_of_injury,2,30,no_defects,snow_or_slush,S WESTERN AVE,traffic_signal,other,snow,0,2019,176000
straight_and_level,122,improper_overtaking/passing,functioning_improperly,0,2,sideswipe_same_direction,0,9,0,0,2,0,0,1,2,41.881645391,daylight,-87.632209538,2,no_indication_of_injury,2,30,unknown,dry,S LA SALLE ST,traffic_signal,divided_-_w/median_(not_raised),clear,0,2019,177831
straight_and_level,1722,failing_to_yield_right-of-way,no_controls,0,6,sideswipe_same_direction,1,22,0,0,4,0,0,0,2,41.96078166,"darkness,_lighted_road",-87.732791991,2,no_indication_of_injury,2,30,no_defects,dry,W MONTROSE AVE,no_controls,not_divided,clear,0,2019,175814
straight_and_level,1622,following_too_closely,no_controls,0,6,rear_end,0,13,0,0,3,0,1,0,4,41.982393655,daylight,-87.773699397,2,"reported,_not_evident",3,30,no_defects,dry,N MILWAUKEE AVE,no_controls,divided_-_w/median_(not_raised),clear,0,2019,177172
straight_and_level,2521,unable_to_determine,no_controls,0,5,parked_motor_vehicle,0,14,0,0,2,0,0,0,1,41.935775972,daylight,-87.749367053,2,no_indication_of_injury,2,15,no_defects,dry,N LAMON AVE,no_controls,one-way,clear,0,2019,175649
straight_and_level,2212,road_engineering/surface/marking_defects,no_controls,0,1,other_noncollision,0,7,0,0,3,0,0,0,2,41.677344191,daylight,-87.680554139,2,no_indication_of_injury,1,30,no_defects,dry,S WESTERN AVE,no_controls,divided_-_w/median_(not_raised),cloudy/overcast,0,2019,176360
straight_and_level,2514,unable_to_determine,no_controls,0,2,parked_motor_vehicle,1,7,0,0,1,0,0,0,1,41.936529439,daylight,-87.774781308,2,no_indication_of_injury,2,15,no_defects,dry,W BARRY AVE,no_controls,alley,cloudy/overcast,0,2019,174871
straight_and_level,632,unable_to_determine,functioning_properly,0,6,parked_motor_vehicle,0,7,0,0,1,0,0,0,1,41.739009665,unknown,-87.609593149,2,no_indication_of_injury,2,30,no_defects,unknown,S ST LAWRENCE AVE,stop_sign/flasher,one-way,clear,0,2019,175804
straight_and_level,2533,improper_backing,no_controls,0,5,sideswipe_opposite_direction,0,7,0,0,2,0,0,0,1,41.91241496,daylight,-87.751129198,2,no_indication_of_injury,2,30,no_defects,dry,W ST PAUL AVE,no_controls,one-way,clear,0,2019,175619
straight_and_level,1933,unable_to_determine,no_controls,0,2,sideswipe_same_direction,1,16,0,0,2,0,0,1,2,41.938171989,dusk,-87.655827919,2,no_indication_of_injury,2,30,no_defects,dry,W BARRY AVE,no_controls,not_divided,clear,0,2019,177743
straight_and_level,1733,following_too_closely,no_controls,0,5,turning,0,16,0,0,2,0,0,0,2,41.945150637,daylight,-87.70793142,2,no_indication_of_injury,2,30,no_defects,dry,N KEDZIE AVE,no_controls,divided_-_w/median_(not_raised),clear,0,2019,178135
straight_and_level,623,improper_backing,no_controls,0,2,sideswipe_opposite_direction,0,19,0,0,3,0,0,0,2,41.751024431,daylight,-87.625978966,2,no_indication_of_injury,2,30,no_defects,dry,S LAFAYETTE AVE,no_controls,one-way,clear,0,2019,175346
straight_and_level,2011,unable_to_determine,no_controls,0,1,parked_motor_vehicle,1,19,0,0,1,0,0,0,1,41.986908167,darkness,-87.700349204,2,no_indication_of_injury,2,30,unknown,ice,N MOZART ST,no_controls,not_divided,snow,0,2019,176262
straight_and_level,711,road_engineering/surface/marking_defects,no_controls,0,1,other_noncollision,0,12,0,0,2,0,0,0,2,41.779998433,daylight,-87.636356857,2,no_indication_of_injury,1,30,"rut,_holes",wet,W 63RD ST,no_controls,not_divided,cloudy/overcast,0,2019,176968